"Seg_ID","SITE_ID","Start_Date","End_Date","Num_Years","acf_SO2_Lag","acf_SO2_Value","acf_SO2_Threshold","acf_SO2_Status","acf_SO4_Lag","acf_SO4_Value","acf_SO4_Threshold","acf_SO4_Status","acf_HNO3_Lag","acf_HNO3_Value","acf_HNO3_Threshold","acf_HNO3_Status","acf_NO3_Lag","acf_NO3_Value","acf_NO3_Threshold","acf_NO3_Status","acf_TNO3_Lag","acf_TNO3_Value","acf_TNO3_Threshold","acf_TNO3_Status","acf_NH4_Lag","acf_NH4_Value","acf_NH4_Threshold","acf_NH4_Status","acf_CA_Lag","acf_CA_Value","acf_CA_Threshold","acf_CA_Status","acf_K_Lag","acf_K_Value","acf_K_Threshold","acf_K_Status","acf_MG_Lag","acf_MG_Value","acf_MG_Threshold","acf_MG_Status","acf_Sodium_Lag","acf_Sodium_Value","acf_Sodium_Threshold","acf_Sodium_Status"
1,"ABT147","2019-10-15","2022-10-15",3,11,0.1975,0.1595,"PASS",39,0.1536,0.1595,"FAIL",46,0.1904,0.1595,"PASS",56,0.2062,0.1595,"PASS",25,0.178,0.1595,"PASS",46,0.1457,0.1595,"FAIL",33,0.1474,0.1595,"FAIL",68,0.1628,0.1595,"PASS",43,0.1735,0.1595,"PASS",99,0.1765,0.1595,"PASS"
2,"ABT147","2015-11-10","2018-11-10",3,71,0.1892,0.1585,"PASS",9,0.1764,0.1585,"PASS",38,0.1801,0.1585,"PASS",47,0.2066,0.1585,"PASS",68,0.2033,0.1585,"PASS",30,0.2473,0.1585,"PASS",15,0.3346,0.1585,"PASS",9,0.2461,0.1585,"PASS",59,0.1604,0.1585,"PASS",59,0.1429,0.1585,"FAIL"
3,"ABT147","2011-08-30","2014-08-30",3,89,0.1995,0.1595,"PASS",15,0.1964,0.1595,"PASS",5,0.1704,0.1595,"PASS",47,0.1989,0.1595,"PASS",5,0.2288,0.1595,"PASS",33,0.1546,0.1595,"FAIL",84,0.1693,0.1595,"PASS",47,0.2055,0.1595,"PASS",31,0.263,0.1595,"PASS",31,0.2273,0.1595,"PASS"
4,"ABT147","2006-01-04","2009-01-04",3,50,0.191,0.1595,"PASS",50,0.1863,0.1595,"PASS",23,0.2085,0.1595,"PASS",37,0.183,0.1595,"PASS",50,0.2541,0.1595,"PASS",50,0.2295,0.1595,"PASS",23,0.1908,0.1595,"PASS",47,0.1746,0.1595,"PASS",15,0.1983,0.1595,"PASS",15,0.1826,0.1595,"PASS"
5,"ABT147","2003-01-04","2006-01-04",3,7,0.2733,0.1569,"PASS",14,0.1909,0.1569,"PASS",7,0.1715,0.1569,"PASS",49,0.2411,0.1569,"PASS",51,0.169,0.1569,"PASS",89,0.1657,0.1569,"PASS",67,0.1455,0.1569,"FAIL",NA,NA,NA,"FAIL BOXCOX",21,0.1975,0.1569,"PASS",58,0.2085,0.1569,"PASS"
6,"ABT147","2000-01-04","2003-01-04",3,55,0.1818,0.159,"PASS",22,0.1832,0.159,"PASS",7,0.2414,0.159,"PASS",17,0.2493,0.159,"PASS",7,0.2499,0.159,"PASS",22,0.1626,0.159,"PASS",15,0.2165,0.159,"PASS",65,0.232,0.159,"PASS",76,0.1712,0.159,"PASS",23,0.1855,0.159,"PASS"
7,"ACA416","2019-01-22","2022-01-22",3,63,0.1941,0.1606,"PASS",16,0.1828,0.1606,"PASS",30,0.2651,0.1606,"PASS",8,0.2049,0.1606,"PASS",30,0.2408,0.1606,"PASS",33,0.1691,0.1606,"PASS",70,0.1273,0.1606,"FAIL",27,0.1995,0.1606,"PASS",12,0.1556,0.1606,"FAIL",5,0.1662,0.1606,"PASS"
8,"ACA416","2015-06-02","2018-06-02",3,26,0.1835,0.1606,"PASS",71,0.159,0.1606,"FAIL",71,0.157,0.1606,"FAIL",15,0.1908,0.1606,"PASS",6,0.2046,0.1606,"PASS",25,0.1678,0.1606,"PASS",15,0.1848,0.1606,"PASS",7,0.2093,0.1617,"PASS",21,0.207,0.1606,"PASS",53,0.1595,0.1606,"FAIL"
9,"ACA416","2009-10-17","2012-10-17",3,40,0.2016,0.1579,"PASS",14,0.1937,0.1579,"PASS",33,0.2138,0.1579,"PASS",4,0.1635,0.1579,"PASS",62,0.158,0.1579,"PASS",31,0.248,0.1579,"PASS",5,0.1978,0.1579,"PASS",18,0.2295,0.1645,"PASS",28,0.1386,0.1579,"FAIL",62,0.1478,0.1579,"FAIL"
10,"ACA416","2006-10-17","2009-10-17",3,5,0.2248,0.1569,"PASS",99,0.1482,0.1569,"FAIL",7,0.1525,0.1569,"FAIL",29,0.1636,0.1569,"PASS",37,0.1523,0.1569,"FAIL",5,0.176,0.1569,"PASS",89,0.1653,0.1569,"PASS",9,0.212,0.1569,"PASS",45,0.1372,0.1569,"FAIL",20,0.146,0.1569,"FAIL"
11,"ACA416","2003-10-17","2006-10-17",3,100,0.1723,0.1611,"PASS",28,0.1718,0.1611,"PASS",26,0.189,0.1611,"PASS",NA,NA,NA,"FAIL BOXCOX",40,0.1585,0.1611,"FAIL",14,0.2182,0.1611,"PASS",14,0.1682,0.1611,"PASS",67,0.1759,0.1611,"PASS",46,0.2159,0.1611,"PASS",46,0.2393,0.1611,"PASS"
12,"ACA416","2000-10-17","2003-10-17",3,13,0.1797,0.1595,"PASS",53,0.1941,0.1595,"PASS",30,0.1396,0.1595,"FAIL",17,0.1932,0.1595,"PASS",15,0.1683,0.1595,"PASS",30,0.2679,0.1595,"PASS",NA,NA,NA,"FAIL BOXCOX",NA,NA,NA,"FAIL BOXCOX",85,0.1508,0.1606,"FAIL",17,0.2113,0.1606,"PASS"
13,"ALC188","2021-06-01","2024-06-01",3,35,0.2819,0.1585,"PASS",22,0.1453,0.1585,"FAIL",13,0.1694,0.1585,"PASS",30,0.2095,0.1585,"PASS",42,0.2638,0.1585,"PASS",29,0.2073,0.1585,"PASS",58,0.1776,0.1585,"PASS",65,0.1386,0.1585,"FAIL",16,0.2018,0.1585,"PASS",77,0.1841,0.1585,"PASS"
14,"ALC188","2017-03-18","2020-03-18",3,57,0.1502,0.1569,"FAIL",7,0.2476,0.1569,"PASS",10,0.166,0.1569,"PASS",41,0.2191,0.1569,"PASS",63,0.1868,0.1569,"PASS",9,0.1716,0.1569,"PASS",10,0.1642,0.1569,"PASS",15,0.2275,0.1569,"PASS",44,0.2473,0.1569,"PASS",33,0.227,0.1569,"PASS"
15,"ALC188","2014-03-18","2017-03-18",3,9,0.2233,0.1585,"PASS",38,0.2254,0.1585,"PASS",43,0.168,0.1585,"PASS",29,0.1616,0.1585,"PASS",27,0.1946,0.1585,"PASS",46,0.2608,0.1585,"PASS",42,0.208,0.1585,"PASS",72,0.1374,0.1606,"FAIL",85,0.1705,0.1585,"PASS",24,0.1916,0.1585,"PASS"
16,"ALH157","2012-05-02","2015-05-02",3,74,0.1959,0.1595,"PASS",61,0.1429,0.1595,"FAIL",29,0.1775,0.1595,"PASS",9,0.1984,0.1595,"PASS",12,0.1645,0.1595,"PASS",58,0.1342,0.1595,"FAIL",75,0.1484,0.1595,"FAIL",21,0.1856,0.1595,"PASS",45,0.1871,0.1595,"PASS",33,0.1956,0.1595,"PASS"
17,"ALH157","2009-05-02","2012-05-02",3,22,0.1693,0.1569,"PASS",14,0.2196,0.1569,"PASS",9,0.2037,0.1569,"PASS",61,0.1857,0.1569,"PASS",25,0.1763,0.1569,"PASS",32,0.1261,0.1569,"FAIL",52,0.195,0.1569,"PASS",17,0.1679,0.1569,"PASS",61,0.1739,0.1569,"PASS",22,0.141,0.1569,"FAIL"
18,"ALH157","2006-05-02","2009-05-02",3,19,0.1678,0.1628,"PASS",56,0.1923,0.1628,"PASS",14,0.1844,0.1628,"PASS",46,0.1887,0.1628,"PASS",46,0.1872,0.1628,"PASS",36,0.2386,0.1628,"PASS",24,0.18,0.1628,"PASS",21,0.2165,0.1628,"PASS",24,0.2148,0.1628,"PASS",19,0.2557,0.1628,"PASS"
19,"ALH157","2003-01-04","2006-01-04",3,9,0.1521,0.1579,"FAIL",7,0.1906,0.1579,"PASS",14,0.1964,0.1579,"PASS",6,0.1712,0.1579,"PASS",26,0.1637,0.1579,"PASS",72,0.1463,0.1579,"FAIL",55,0.2076,0.1579,"PASS",11,0.3082,0.1579,"PASS",11,0.2478,0.1579,"PASS",77,0.2134,0.1579,"PASS"
20,"ALH157","2000-01-04","2003-01-04",3,8,0.2059,0.159,"PASS",4,0.2033,0.159,"PASS",30,0.1628,0.159,"PASS",59,0.1963,0.159,"PASS",92,0.206,0.159,"PASS",14,0.1415,0.159,"FAIL",25,0.1361,0.159,"FAIL",32,0.2447,0.159,"PASS",33,0.1685,0.159,"PASS",30,0.2204,0.159,"PASS"
21,"ANA115","2017-03-07","2020-03-07",3,42,0.1639,0.1585,"PASS",63,0.1752,0.1585,"PASS",37,0.1889,0.1585,"PASS",42,0.1648,0.1585,"PASS",105,0.1863,0.1585,"PASS",38,0.1816,0.1585,"PASS",79,0.2297,0.1595,"PASS",59,0.1771,0.1585,"PASS",41,0.2193,0.1595,"PASS",25,0.1897,0.1585,"PASS"
22,"ANA115","2013-09-07","2016-09-07",3,9,0.2051,0.16,"PASS",17,0.1572,0.16,"FAIL",69,0.1753,0.16,"PASS",NA,NA,NA,"FAIL BOXCOX",81,0.1609,0.16,"PASS",4,0.1736,0.16,"PASS",57,0.1567,0.16,"FAIL",17,0.2705,0.16,"PASS",57,0.1639,0.16,"PASS",15,0.2129,0.16,"PASS"
23,"ANA115","2010-09-07","2013-09-07",3,24,0.1663,0.1606,"PASS",19,0.1958,0.1606,"PASS",59,0.1942,0.1606,"PASS",NA,NA,NA,"FAIL BOXCOX",59,0.205,0.1606,"PASS",59,0.1987,0.1606,"PASS",27,0.2247,0.1606,"PASS",16,0.1569,0.1606,"FAIL",49,0.1916,0.1606,"PASS",47,0.1647,0.1606,"PASS"
24,"ANA115","2003-01-04","2006-01-04",3,11,0.2624,0.1633,"PASS",11,0.2251,0.1633,"PASS",86,0.1934,0.1633,"PASS",45,0.1731,0.1633,"PASS",45,0.2023,0.1633,"PASS",11,0.2358,0.1633,"PASS",71,0.2365,0.1633,"PASS",NA,NA,NA,"FAIL BOXCOX",16,0.2185,0.1633,"PASS",54,0.2006,0.1633,"PASS"
25,"ANA115","2000-01-04","2003-01-04",3,33,0.224,0.1579,"PASS",12,0.1881,0.1579,"PASS",18,0.1878,0.1579,"PASS",NA,NA,NA,"FAIL BOXCOX",29,0.1949,0.1579,"PASS",68,0.1568,0.159,"FAIL",33,0.167,0.159,"PASS",4,0.1694,0.159,"PASS",33,0.1685,0.159,"PASS",33,0.1545,0.159,"FAIL"
26,"ARE128","2020-02-08","2023-02-08",3,11,0.1717,0.159,"PASS",52,0.1883,0.159,"PASS",17,0.1757,0.159,"PASS",30,0.1555,0.159,"FAIL",9,0.2196,0.159,"PASS",14,0.146,0.159,"FAIL",25,0.2057,0.16,"PASS",42,0.2196,0.16,"PASS",79,0.1876,0.16,"PASS",45,0.1764,0.16,"PASS"
27,"ARE128","2017-02-08","2020-02-08",3,80,0.1556,0.1574,"FAIL",9,0.2783,0.1574,"PASS",89,0.142,0.1574,"FAIL",8,0.187,0.1574,"PASS",42,0.1427,0.1574,"FAIL",38,0.1838,0.1574,"PASS",47,0.1892,0.1574,"PASS",12,0.1847,0.1574,"PASS",63,0.1288,0.1574,"FAIL",52,0.2486,0.1574,"PASS"
28,"ARE128","2014-02-08","2017-02-08",3,40,0.1908,0.1569,"PASS",5,0.1863,0.1569,"PASS",39,0.1898,0.1569,"PASS",81,0.1452,0.1569,"FAIL",81,0.2413,0.1569,"PASS",21,0.1621,0.1569,"PASS",44,0.1555,0.1569,"FAIL",9,0.1619,0.1569,"PASS",21,0.1483,0.1569,"FAIL",37,0.1384,0.1569,"FAIL"
29,"ARE128","2011-02-08","2014-02-08",3,19,0.232,0.1585,"PASS",8,0.1873,0.1585,"PASS",24,0.1998,0.1585,"PASS",5,0.1711,0.1585,"PASS",27,0.1751,0.1585,"PASS",41,0.1458,0.1585,"FAIL",22,0.1872,0.1585,"PASS",52,0.1742,0.1595,"PASS",29,0.1564,0.1585,"FAIL",6,0.2006,0.1585,"PASS"
30,"ARE128","2006-01-04","2009-01-04",3,11,0.2822,0.1585,"PASS",18,0.1607,0.1585,"PASS",8,0.2452,0.1585,"PASS",39,0.1929,0.1585,"PASS",11,0.1632,0.1585,"PASS",18,0.2233,0.1585,"PASS",52,0.2139,0.1585,"PASS",47,0.1765,0.1585,"PASS",55,0.2001,0.1585,"PASS",51,0.1003,0.1585,"FAIL"
31,"ARE128","2003-01-04","2006-01-04",3,7,0.2068,0.16,"PASS",48,0.2419,0.16,"PASS",18,0.1625,0.16,"PASS",51,0.2756,0.16,"PASS",34,0.262,0.16,"PASS",48,0.1975,0.16,"PASS",31,0.2173,0.16,"PASS",NA,NA,NA,"FAIL BOXCOX",49,0.1763,0.16,"PASS",49,0.1543,0.16,"FAIL"
32,"ARE128","2000-01-04","2003-01-04",3,10,0.1742,0.1574,"PASS",35,0.123,0.1574,"FAIL",78,0.1622,0.1569,"PASS",53,0.2009,0.1574,"PASS",97,0.1363,0.1574,"FAIL",84,0.1559,0.1574,"FAIL",4,0.3659,0.1574,"PASS",39,0.1984,0.1574,"PASS",4,0.2588,0.1574,"PASS",17,0.1402,0.1574,"FAIL"
33,"ASH135","2019-01-27","2022-01-27",3,48,0.1642,0.1579,"PASS",9,0.3519,0.1579,"PASS",47,0.1963,0.1579,"PASS",42,0.1554,0.1579,"FAIL",42,0.1581,0.1579,"PASS",9,0.2896,0.1579,"PASS",60,0.152,0.1579,"FAIL",18,0.1779,0.1579,"PASS",51,0.1747,0.1579,"PASS",27,0.1602,0.1579,"PASS"
34,"ASH135","2016-01-27","2019-01-27",3,7,0.2215,0.1574,"PASS",6,0.1875,0.1574,"PASS",6,0.2222,0.1574,"PASS",32,0.228,0.1574,"PASS",32,0.1999,0.1574,"PASS",6,0.1955,0.1574,"PASS",9,0.1453,0.1574,"FAIL",49,0.1451,0.1585,"FAIL",8,0.1576,0.1574,"PASS",5,0.1412,0.1574,"FAIL"
35,"ASH135","2013-01-27","2016-01-27",3,55,0.1348,0.1579,"FAIL",63,0.1748,0.1579,"PASS",34,0.2153,0.1579,"PASS",36,0.1866,0.1579,"PASS",34,0.2224,0.1579,"PASS",74,0.1834,0.1579,"PASS",19,0.1338,0.1579,"FAIL",35,0.1522,0.1579,"FAIL",28,0.1189,0.1579,"FAIL",16,0.1681,0.1579,"PASS"
36,"ASH135","2010-01-27","2013-01-27",3,40,0.225,0.159,"PASS",7,0.1318,0.159,"FAIL",39,0.1807,0.159,"PASS",14,0.2452,0.159,"PASS",14,0.1998,0.159,"PASS",11,0.1404,0.159,"FAIL",22,0.1989,0.159,"PASS",53,0.1387,0.16,"FAIL",70,0.1531,0.159,"FAIL",11,0.1588,0.159,"FAIL"
37,"ASH135","2007-01-27","2010-01-27",3,17,0.1499,0.1569,"FAIL",61,0.1948,0.1569,"PASS",58,0.2131,0.1569,"PASS",44,0.2453,0.1569,"PASS",44,0.2075,0.1569,"PASS",61,0.2203,0.1569,"PASS",27,0.1443,0.1569,"FAIL",27,0.1867,0.1569,"PASS",42,0.1585,0.1569,"PASS",25,0.1973,0.1569,"PASS"
38,"ASH135","2004-01-27","2007-01-27",3,34,0.2569,0.1585,"PASS",17,0.231,0.1585,"PASS",20,0.1998,0.1585,"PASS",40,0.2063,0.1585,"PASS",34,0.2115,0.1585,"PASS",17,0.1969,0.1585,"PASS",6,0.1394,0.1585,"FAIL",42,0.1678,0.1585,"PASS",66,0.1652,0.1585,"PASS",15,0.2629,0.1585,"PASS"
39,"ASH135","2000-01-04","2003-01-04",3,10,0.2093,0.1569,"PASS",61,0.2134,0.1569,"PASS",7,0.1385,0.1569,"FAIL",29,0.2454,0.1569,"PASS",17,0.23,0.1569,"PASS",7,0.1827,0.1569,"PASS",41,0.1947,0.1569,"PASS",41,0.1795,0.1569,"PASS",29,0.2039,0.1569,"PASS",8,0.1674,0.1569,"PASS"
40,"BAS601","2022-01-22","2025-01-22",3,49,0.1941,0.16,"PASS",49,0.1549,0.16,"FAIL",6,0.1911,0.16,"PASS",49,0.1591,0.16,"FAIL",5,0.1976,0.16,"PASS",5,0.1652,0.16,"PASS",16,0.1927,0.16,"PASS",17,0.13,0.16,"FAIL",16,0.2046,0.16,"PASS",56,0.1814,0.16,"PASS"
41,"BAS601","2019-01-22","2022-01-22",3,16,0.1842,0.1606,"PASS",16,0.2858,0.1606,"PASS",10,0.1369,0.1606,"FAIL",32,0.3051,0.1606,"PASS",32,0.3041,0.1606,"PASS",16,0.2901,0.1606,"PASS",28,0.1472,0.1606,"FAIL",32,0.2506,0.1606,"PASS",32,0.1305,0.1606,"FAIL",17,0.169,0.1606,"PASS"
42,"BBE401","2011-07-12","2014-07-12",3,42,0.2042,0.159,"PASS",47,0.2178,0.159,"PASS",38,0.1629,0.159,"PASS",21,0.1835,0.159,"PASS",47,0.2162,0.159,"PASS",47,0.174,0.159,"PASS",42,0.1701,0.159,"PASS",52,0.1694,0.159,"PASS",60,0.1498,0.159,"FAIL",13,0.1904,0.159,"PASS"
43,"BBE401","2008-07-12","2011-07-12",3,40,0.2727,0.1579,"PASS",54,0.2622,0.1579,"PASS",23,0.1979,0.1579,"PASS",15,0.2014,0.1579,"PASS",54,0.219,0.1579,"PASS",54,0.2603,0.1579,"PASS",6,0.2168,0.1579,"PASS",42,0.1376,0.159,"FAIL",6,0.1845,0.1579,"PASS",4,0.1359,0.1579,"FAIL"
44,"BBE401","2005-07-12","2008-07-12",3,36,0.2079,0.1585,"PASS",38,0.1667,0.1585,"PASS",36,0.2182,0.1585,"PASS",21,0.1869,0.1585,"PASS",15,0.1659,0.1585,"PASS",57,0.1226,0.1585,"FAIL",16,0.1679,0.1585,"PASS",29,0.2299,0.1585,"PASS",19,0.1696,0.1585,"PASS",53,0.1403,0.1585,"FAIL"
45,"BBE401","2000-11-14","2003-11-14",3,7,0.1776,0.1574,"PASS",80,0.1716,0.1574,"PASS",35,0.1762,0.1574,"PASS",9,0.1538,0.1574,"FAIL",40,0.192,0.1574,"PASS",80,0.1772,0.1574,"PASS",NA,NA,NA,"FAIL BOXCOX",NA,NA,NA,"FAIL BOXCOX",47,0.1698,0.1574,"PASS",6,0.1657,0.1574,"PASS"
46,"BEL116","2013-02-05","2016-02-05",3,18,0.2372,0.1639,"PASS",5,0.1525,0.1639,"FAIL",7,0.237,0.1639,"PASS",4,0.1891,0.1639,"PASS",81,0.2176,0.1639,"PASS",5,0.1881,0.1639,"PASS",4,0.2025,0.1639,"PASS",9,0.2336,0.1639,"PASS",4,0.3208,0.1639,"PASS",4,0.1599,0.1639,"FAIL"
47,"BEL116","2009-02-03","2012-02-03",3,39,0.1598,0.1639,"FAIL",6,0.2238,0.1639,"PASS",73,0.196,0.1639,"PASS",18,0.2766,0.1639,"PASS",52,0.259,0.1639,"PASS",64,0.1374,0.1639,"FAIL",19,0.1539,0.1639,"FAIL",50,0.2098,0.1639,"PASS",18,0.2306,0.1639,"PASS",NA,NA,NA,"FAIL BOXCOX"
48,"BEL116","2000-01-04","2003-01-04",3,52,0.1611,0.1579,"PASS",37,0.1378,0.1579,"FAIL",44,0.191,0.1579,"PASS",5,0.2232,0.1579,"PASS",44,0.2478,0.1579,"PASS",52,0.1349,0.1579,"FAIL",24,0.1785,0.1579,"PASS",30,0.1406,0.1579,"FAIL",65,0.1973,0.1579,"PASS",65,0.1461,0.1579,"FAIL"
49,"BFT142","2019-09-10","2022-09-10",3,47,0.1824,0.1606,"PASS",58,0.1729,0.1606,"PASS",40,0.1688,0.1606,"PASS",28,0.112,0.1606,"FAIL",24,0.1602,0.1606,"FAIL",14,0.3269,0.1606,"PASS",24,0.1517,0.1606,"FAIL",4,0.156,0.1617,"FAIL",15,0.1326,0.1606,"FAIL",15,0.1341,0.1606,"FAIL"
50,"BFT142","2015-06-26","2018-06-26",3,6,0.2034,0.1579,"PASS",21,0.1796,0.1579,"PASS",8,0.1619,0.1579,"PASS",29,0.2281,0.1579,"PASS",21,0.2263,0.1579,"PASS",4,0.2033,0.1579,"PASS",58,0.1627,0.1579,"PASS",69,0.135,0.159,"FAIL",20,0.1467,0.1579,"FAIL",20,0.1605,0.1579,"PASS"
51,"BFT142","2012-06-26","2015-06-26",3,36,0.2381,0.1595,"PASS",36,0.2125,0.1595,"PASS",36,0.2448,0.1595,"PASS",22,0.1248,0.1595,"FAIL",36,0.1405,0.1595,"FAIL",13,0.1712,0.1595,"PASS",9,0.183,0.1595,"PASS",24,0.1551,0.1595,"FAIL",33,0.1596,0.1595,"PASS",33,0.1706,0.1595,"PASS"
52,"BFT142","2003-01-04","2006-01-04",3,35,0.1533,0.1611,"FAIL",17,0.2001,0.1611,"PASS",25,0.2408,0.1611,"PASS",9,0.1705,0.1611,"PASS",17,0.1979,0.1611,"PASS",17,0.2758,0.1611,"PASS",7,0.2668,0.1611,"PASS",5,0.1874,0.1611,"PASS",15,0.1405,0.1611,"FAIL",97,0.1346,0.1611,"FAIL"
53,"BFT142","2000-01-04","2003-01-04",3,62,0.1727,0.1579,"PASS",13,0.2718,0.1579,"PASS",121,0.1655,0.1569,"PASS",20,0.2229,0.1579,"PASS",13,0.2265,0.1579,"PASS",13,0.222,0.1579,"PASS",19,0.1702,0.1579,"PASS",43,0.1974,0.1579,"PASS",87,0.1548,0.1579,"FAIL",87,0.1448,0.1579,"FAIL"
54,"BUF603","2019-01-22","2022-01-22",3,65,0.1499,0.1617,"FAIL",47,0.2424,0.1617,"PASS",10,0.175,0.1617,"PASS",56,0.2068,0.1617,"PASS",42,0.256,0.1617,"PASS",16,0.2467,0.1617,"PASS",32,0.1919,0.1617,"PASS",35,0.2249,0.1617,"PASS",44,0.1673,0.1617,"PASS",24,0.176,0.1617,"PASS"
55,"BUF603","2013-10-15","2016-10-15",3,9,0.1437,0.1617,"FAIL",49,0.1796,0.1617,"PASS",85,0.2186,0.1617,"PASS",33,0.2027,0.1617,"PASS",9,0.1929,0.1617,"PASS",49,0.1576,0.1617,"FAIL",45,0.2125,0.1617,"PASS",53,0.1543,0.1617,"FAIL",NA,NA,NA,"FAIL BOXCOX",14,0.1856,0.1617,"PASS"
56,"BVL130","2020-01-21","2023-01-21",3,6,0.177,0.1595,"PASS",49,0.211,0.1585,"PASS",59,0.1743,0.1585,"PASS",7,0.2215,0.1585,"PASS",17,0.1633,0.1585,"PASS",32,0.2119,0.1585,"PASS",50,0.2268,0.1585,"PASS",42,0.1635,0.1585,"PASS",32,0.2189,0.1585,"PASS",83,0.1381,0.1585,"FAIL"
57,"BVL130","2015-12-05","2018-12-05",3,37,0.1538,0.1569,"FAIL",52,0.1978,0.1569,"PASS",64,0.1544,0.1569,"FAIL",37,0.1791,0.1569,"PASS",47,0.1678,0.1569,"PASS",7,0.2728,0.1569,"PASS",93,0.1223,0.1569,"FAIL",31,0.1808,0.1579,"PASS",26,0.1308,0.1569,"FAIL",22,0.2373,0.1569,"PASS"
58,"BVL130","2012-12-05","2015-12-05",3,37,0.2225,0.1606,"PASS",30,0.1206,0.1606,"FAIL",77,0.1672,0.1606,"PASS",7,0.2079,0.1606,"PASS",30,0.1527,0.1606,"FAIL",30,0.2225,0.1606,"PASS",48,0.1662,0.1606,"PASS",51,0.2475,0.1606,"PASS",98,0.1469,0.1606,"FAIL",74,0.1713,0.1617,"PASS"
59,"BVL130","2009-12-05","2012-12-05",3,19,0.2101,0.159,"PASS",65,0.1472,0.159,"FAIL",30,0.1885,0.159,"PASS",10,0.2603,0.159,"PASS",49,0.2108,0.159,"PASS",14,0.1733,0.159,"PASS",27,0.1926,0.159,"PASS",33,0.1781,0.159,"PASS",33,0.2041,0.159,"PASS",51,0.1449,0.159,"FAIL"
60,"BVL130","2006-12-05","2009-12-05",3,83,0.1777,0.1585,"PASS",9,0.1442,0.1585,"FAIL",14,0.1499,0.1585,"FAIL",65,0.2051,0.1585,"PASS",46,0.1601,0.1585,"PASS",41,0.1281,0.1585,"FAIL",25,0.1807,0.1585,"PASS",15,0.2381,0.1585,"PASS",109,0.1577,0.1585,"FAIL",28,0.1876,0.1585,"PASS"
61,"BVL130","2003-01-04","2006-01-04",3,16,0.2389,0.1579,"PASS",7,0.1908,0.1579,"PASS",7,0.1497,0.1579,"FAIL",5,0.2545,0.1579,"PASS",26,0.1874,0.1579,"PASS",26,0.1632,0.1579,"PASS",27,0.2248,0.1579,"PASS",7,0.1724,0.1579,"PASS",64,0.2203,0.1579,"PASS",46,0.1532,0.1579,"FAIL"
62,"BVL130","2000-01-04","2003-01-04",3,43,0.1497,0.1622,"FAIL",63,0.1511,0.1611,"FAIL",63,0.2334,0.1611,"PASS",38,0.1541,0.1611,"FAIL",14,0.18,0.1622,"PASS",8,0.1635,0.1611,"PASS",45,0.2485,0.1611,"PASS",88,0.1315,0.1611,"FAIL",45,0.1905,0.1611,"PASS",30,0.2238,0.1611,"PASS"
63,"BWR139","2016-06-19","2019-06-19",3,71,0.16,0.159,"PASS",47,0.1516,0.159,"FAIL",56,0.1546,0.159,"FAIL",25,0.1848,0.159,"PASS",25,0.3176,0.159,"PASS",25,0.1897,0.159,"PASS",38,0.1364,0.159,"FAIL",NA,NA,NA,"FAIL BOXCOX",103,0.1583,0.159,"FAIL",32,0.1847,0.159,"PASS"
64,"BWR139","2013-06-19","2016-06-19",3,4,0.1816,0.1585,"PASS",105,0.1345,0.1585,"FAIL",4,0.1873,0.1585,"PASS",65,0.2163,0.1585,"PASS",65,0.1551,0.1585,"FAIL",18,0.1684,0.1585,"PASS",30,0.1951,0.1585,"PASS",9,0.2486,0.1585,"PASS",4,0.179,0.1585,"PASS",84,0.158,0.1585,"FAIL"
65,"BWR139","2010-06-19","2013-06-19",3,24,0.1764,0.159,"PASS",8,0.1854,0.159,"PASS",52,0.1599,0.159,"PASS",4,0.2098,0.159,"PASS",47,0.2199,0.159,"PASS",73,0.158,0.159,"FAIL",16,0.1283,0.159,"FAIL",83,0.1505,0.159,"FAIL",67,0.148,0.159,"FAIL",4,0.169,0.159,"PASS"
66,"BWR139","2007-06-19","2010-06-19",3,29,0.1733,0.1585,"PASS",36,0.1301,0.1585,"FAIL",7,0.2061,0.1585,"PASS",7,0.1973,0.1585,"PASS",34,0.1421,0.1585,"FAIL",36,0.2231,0.1585,"PASS",9,0.1805,0.1585,"PASS",15,0.1676,0.1585,"PASS",18,0.2676,0.1585,"PASS",18,0.1886,0.1585,"PASS"
67,"BWR139","2000-01-04","2003-01-04",3,9,0.1967,0.159,"PASS",46,0.2591,0.159,"PASS",82,0.1443,0.159,"FAIL",11,0.2132,0.159,"PASS",46,0.2014,0.159,"PASS",46,0.2501,0.159,"PASS",15,0.1595,0.159,"PASS",4,0.1749,0.159,"PASS",30,0.2436,0.159,"PASS",30,0.165,0.159,"PASS"
68,"CAD150","2020-06-16","2023-06-16",3,21,0.1682,0.1585,"PASS",16,0.1759,0.1585,"PASS",25,0.2536,0.1585,"PASS",51,0.2019,0.1585,"PASS",16,0.1772,0.1585,"PASS",16,0.1257,0.1585,"FAIL",51,0.2087,0.1585,"PASS",16,0.1643,0.1585,"PASS",13,0.205,0.1585,"PASS",13,0.1461,0.1585,"FAIL"
69,"CAD150","2015-07-28","2018-07-28",3,29,0.1698,0.1585,"PASS",4,0.2255,0.1585,"PASS",18,0.1689,0.1585,"PASS",24,0.1521,0.1585,"FAIL",47,0.1755,0.1585,"PASS",93,0.1729,0.1585,"PASS",91,0.1555,0.1585,"FAIL",31,0.1694,0.1585,"PASS",42,0.1333,0.1585,"FAIL",22,0.1709,0.1585,"PASS"
70,"CAD150","2010-06-08","2013-06-08",3,22,0.168,0.159,"PASS",12,0.2069,0.159,"PASS",12,0.1894,0.159,"PASS",16,0.2325,0.159,"PASS",57,0.2338,0.159,"PASS",24,0.1651,0.159,"PASS",57,0.2094,0.159,"PASS",26,0.2056,0.159,"PASS",63,0.1787,0.159,"PASS",79,0.17,0.159,"PASS"
71,"CAD150","2007-06-08","2010-06-08",3,67,0.2458,0.16,"PASS",9,0.2412,0.16,"PASS",11,0.1636,0.16,"PASS",5,0.1732,0.16,"PASS",43,0.1703,0.16,"PASS",34,0.265,0.16,"PASS",5,0.3071,0.16,"PASS",4,0.2336,0.16,"PASS",12,0.1679,0.16,"PASS",19,0.1608,0.16,"PASS"
72,"CAD150","2004-06-08","2007-06-08",3,48,0.1488,0.1574,"FAIL",11,0.16,0.1574,"PASS",56,0.1637,0.1574,"PASS",NA,NA,NA,"FAIL BOXCOX",74,0.1471,0.1574,"FAIL",10,0.1955,0.1574,"PASS",48,0.188,0.1574,"PASS",13,0.213,0.1574,"PASS",45,0.1749,0.1574,"PASS",63,0.1845,0.1574,"PASS"
73,"CAD150","2000-12-26","2003-12-26",3,65,0.17,0.1585,"PASS",38,0.1812,0.1585,"PASS",75,0.1534,0.1585,"FAIL",NA,NA,NA,"FAIL BOXCOX",69,0.1513,0.1585,"FAIL",38,0.1923,0.1585,"PASS",17,0.1749,0.1585,"PASS",126,0.1231,0.1585,"FAIL",8,0.2507,0.1585,"PASS",10,0.2247,0.1585,"PASS"
74,"CAN407","2019-01-29","2022-01-29",3,42,0.1607,0.1595,"PASS",10,0.2332,0.1595,"PASS",36,0.2814,0.1595,"PASS",33,0.2014,0.1595,"PASS",15,0.255,0.1595,"PASS",18,0.2698,0.1595,"PASS",24,0.1975,0.1595,"PASS",87,0.1599,0.1595,"PASS",24,0.1971,0.1595,"PASS",81,0.2655,0.1595,"PASS"
75,"CAN407","2013-10-15","2016-10-15",3,26,0.2013,0.1606,"PASS",48,0.2306,0.1606,"PASS",8,0.2572,0.1606,"PASS",4,0.2445,0.1606,"PASS",44,0.1439,0.1606,"FAIL",57,0.1795,0.1606,"PASS",53,0.1945,0.1606,"PASS",12,0.1367,0.1617,"FAIL",18,0.2176,0.1606,"PASS",4,0.2032,0.1606,"PASS"
76,"CAN407","2009-08-29","2012-08-29",3,104,0.1493,0.1569,"FAIL",22,0.1792,0.1569,"PASS",4,0.1877,0.1569,"PASS",69,0.1819,0.1569,"PASS",4,0.2719,0.1569,"PASS",104,0.1861,0.1569,"PASS",13,0.1989,0.1569,"PASS",15,0.2248,0.1569,"PASS",13,0.2161,0.1569,"PASS",44,0.164,0.1569,"PASS"
77,"CAN407","2006-08-29","2009-08-29",3,41,0.1765,0.1569,"PASS",9,0.2113,0.1569,"PASS",8,0.1346,0.1569,"FAIL",28,0.1379,0.1569,"FAIL",8,0.186,0.1569,"PASS",9,0.132,0.1569,"FAIL",71,0.1838,0.1569,"PASS",31,0.2166,0.1569,"PASS",31,0.1981,0.1569,"PASS",50,0.1839,0.1569,"PASS"
78,"CAN407","2003-08-29","2006-08-29",3,55,0.2385,0.159,"PASS",40,0.159,0.159,"PASS",53,0.1233,0.159,"FAIL",24,0.2139,0.159,"PASS",53,0.2126,0.159,"PASS",40,0.1758,0.159,"PASS",5,0.2047,0.159,"PASS",19,0.2103,0.159,"PASS",5,0.2522,0.159,"PASS",48,0.1625,0.159,"PASS"
79,"CAN407","2000-08-29","2003-08-29",3,43,0.1777,0.1574,"PASS",50,0.1694,0.1574,"PASS",6,0.1824,0.1574,"PASS",14,0.1848,0.1574,"PASS",6,0.1946,0.1574,"PASS",50,0.1483,0.1574,"FAIL",25,0.1337,0.1574,"FAIL",4,0.1845,0.1574,"PASS",29,0.1301,0.1574,"FAIL",17,0.1301,0.1574,"FAIL"
80,"CAT175","2014-03-15","2017-03-15",3,36,0.168,0.1611,"PASS",12,0.2464,0.1611,"PASS",59,0.2327,0.1611,"PASS",7,0.3046,0.1611,"PASS",12,0.2221,0.1611,"PASS",12,0.2102,0.1611,"PASS",17,0.1706,0.1611,"PASS",41,0.2477,0.1622,"PASS",15,0.2231,0.1611,"PASS",11,0.1815,0.1611,"PASS"
81,"CAT175","2011-03-15","2014-03-15",3,9,0.1704,0.1651,"PASS",11,0.1558,0.1639,"FAIL",24,0.2425,0.1639,"PASS",22,0.1634,0.1639,"FAIL",24,0.2354,0.1639,"PASS",44,0.1824,0.1639,"PASS",5,0.1896,0.1639,"PASS",44,0.1906,0.1651,"PASS",9,0.2018,0.1639,"PASS",13,0.1745,0.1639,"PASS"
82,"CDR119","2017-05-02","2020-05-02",3,41,0.1563,0.1574,"FAIL",17,0.1995,0.1574,"PASS",19,0.1924,0.1574,"PASS",NA,NA,NA,"FAIL BOXCOX",56,0.1688,0.1574,"PASS",17,0.1587,0.1574,"PASS",31,0.1552,0.1574,"FAIL",42,0.194,0.1574,"PASS",54,0.2261,0.1574,"PASS",52,0.19,0.1574,"PASS"
83,"CDR119","2012-07-03","2015-07-03",3,9,0.2152,0.1606,"PASS",58,0.2398,0.1606,"PASS",10,0.1842,0.1606,"PASS",NA,NA,NA,"FAIL BOXCOX",55,0.1658,0.1606,"PASS",58,0.2597,0.1606,"PASS",42,0.2753,0.1606,"PASS",36,0.2268,0.1617,"PASS",42,0.2362,0.1606,"PASS",39,0.2013,0.1606,"PASS"
84,"CDR119","2006-01-04","2009-01-04",3,32,0.1224,0.1574,"FAIL",52,0.1318,0.1574,"FAIL",22,0.152,0.1574,"FAIL",NA,NA,NA,"FAIL BOXCOX",24,0.1477,0.1574,"FAIL",61,0.1337,0.1574,"FAIL",17,0.1437,0.1574,"FAIL",4,0.165,0.1574,"PASS",17,0.1361,0.1574,"FAIL",34,0.2216,0.1574,"PASS"
85,"CDR119","2003-01-04","2006-01-04",3,21,0.1923,0.159,"PASS",7,0.1968,0.159,"PASS",45,0.1703,0.159,"PASS",NA,NA,NA,"FAIL BOXCOX",12,0.1668,0.159,"PASS",54,0.1711,0.159,"PASS",42,0.1918,0.159,"PASS",NA,NA,NA,"FAIL BOXCOX",42,0.1967,0.159,"PASS",40,0.1837,0.159,"PASS"
86,"CDR119","2000-01-04","2003-01-04",3,6,0.175,0.16,"PASS",55,0.1847,0.159,"PASS",52,0.2191,0.159,"PASS",NA,NA,NA,"FAIL BOXCOX",9,0.2199,0.159,"PASS",52,0.19,0.159,"PASS",57,0.2003,0.159,"PASS",4,0.1599,0.159,"PASS",4,0.2364,0.159,"PASS",15,0.1499,0.159,"FAIL"
87,"CDZ171","2011-10-04","2014-10-04",3,52,0.1341,0.1585,"FAIL",64,0.1736,0.1585,"PASS",45,0.2001,0.1585,"PASS",86,0.1953,0.1585,"PASS",94,0.1633,0.1585,"PASS",70,0.1656,0.1585,"PASS",7,0.1686,0.1585,"PASS",51,0.1575,0.1585,"FAIL",27,0.1793,0.1585,"PASS",33,0.3221,0.1585,"PASS"
88,"CDZ171","2004-08-28","2007-08-28",3,9,0.1828,0.1579,"PASS",11,0.2083,0.1579,"PASS",6,0.2061,0.1579,"PASS",40,0.1594,0.1579,"PASS",31,0.1759,0.1579,"PASS",11,0.173,0.1579,"PASS",43,0.2063,0.1579,"PASS",11,0.1856,0.1579,"PASS",6,0.1293,0.1579,"FAIL",10,0.1537,0.1579,"FAIL"
89,"CDZ171","2001-08-28","2004-08-28",3,7,0.1796,0.1606,"PASS",4,0.1978,0.1606,"PASS",54,0.1903,0.1606,"PASS",29,0.1561,0.1606,"FAIL",4,0.1709,0.1606,"PASS",49,0.1446,0.1606,"FAIL",7,0.2041,0.1606,"PASS",50,0.145,0.1606,"FAIL",29,0.2151,0.1606,"PASS",11,0.166,0.1606,"PASS"
90,"CHA467","2019-01-22","2022-01-22",3,42,0.1323,0.1606,"FAIL",19,0.2495,0.1606,"PASS",4,0.2213,0.1606,"PASS",13,0.1772,0.1606,"PASS",49,0.2265,0.1606,"PASS",34,0.171,0.1606,"PASS",14,0.2142,0.1606,"PASS",43,0.1983,0.1606,"PASS",30,0.1653,0.1606,"PASS",13,0.1808,0.1606,"PASS"
91,"CHA467","2015-07-29","2018-07-29",3,35,0.2043,0.1595,"PASS",35,0.2333,0.1595,"PASS",11,0.2314,0.1595,"PASS",80,0.1579,0.1595,"FAIL",19,0.118,0.1595,"FAIL",35,0.2127,0.1595,"PASS",19,0.1626,0.1595,"PASS",23,0.223,0.1595,"PASS",57,0.1585,0.1595,"FAIL",66,0.176,0.1595,"PASS"
92,"CHA467","2012-07-29","2015-07-29",3,48,0.2097,0.1611,"PASS",50,0.2019,0.1611,"PASS",53,0.1694,0.1611,"PASS",50,0.2349,0.1611,"PASS",50,0.2254,0.1611,"PASS",24,0.1852,0.1611,"PASS",7,0.2181,0.1611,"PASS",52,0.1793,0.1611,"PASS",7,0.1639,0.1611,"PASS",43,0.1367,0.1611,"FAIL"
93,"CHA467","2009-07-29","2012-07-29",3,55,0.1759,0.1595,"PASS",27,0.165,0.1595,"PASS",69,0.2192,0.1595,"PASS",79,0.1876,0.1595,"PASS",9,0.251,0.1595,"PASS",27,0.1592,0.1595,"FAIL",24,0.2126,0.1595,"PASS",51,0.2078,0.1595,"PASS",29,0.1683,0.1595,"PASS",4,0.2705,0.1595,"PASS"
94,"CHA467","2006-07-29","2009-07-29",3,22,0.1367,0.1579,"FAIL",96,0.1258,0.1579,"FAIL",52,0.213,0.1579,"PASS",97,0.137,0.1579,"FAIL",22,0.2437,0.1579,"PASS",14,0.1919,0.1579,"PASS",14,0.1455,0.1579,"FAIL",134,0.1463,0.1579,"FAIL",19,0.1434,0.1579,"FAIL",34,0.1677,0.1579,"PASS"
95,"CHA467","2003-07-29","2006-07-29",3,58,0.2068,0.1617,"PASS",36,0.2017,0.1617,"PASS",22,0.2303,0.1617,"PASS",4,0.1992,0.1617,"PASS",22,0.2544,0.1617,"PASS",36,0.1996,0.1617,"PASS",26,0.1737,0.1617,"PASS",107,0.2161,0.1617,"PASS",26,0.1894,0.1617,"PASS",4,0.1842,0.1617,"PASS"
96,"CHA467","2000-01-04","2003-01-04",3,37,0.1727,0.1579,"PASS",35,0.1953,0.1579,"PASS",17,0.1746,0.1579,"PASS",67,0.1723,0.1579,"PASS",52,0.161,0.1579,"PASS",35,0.2602,0.1579,"PASS",20,0.2051,0.159,"PASS",32,0.18,0.159,"PASS",29,0.1776,0.159,"PASS",5,0.2088,0.159,"PASS"
97,"CHE185","2020-09-15","2023-09-15",3,27,0.2352,0.1585,"PASS",16,0.153,0.1585,"FAIL",33,0.1714,0.1585,"PASS",14,0.1717,0.1585,"PASS",41,0.2361,0.1585,"PASS",5,0.1664,0.1585,"PASS",69,0.1749,0.1585,"PASS",41,0.15,0.1585,"FAIL",58,0.1728,0.1585,"PASS",26,0.2114,0.1585,"PASS"
98,"CHE185","2015-01-27","2018-01-27",3,93,0.1396,0.1569,"FAIL",93,0.2048,0.1569,"PASS",8,0.1575,0.1569,"PASS",18,0.1735,0.1569,"PASS",18,0.2095,0.1569,"PASS",46,0.1791,0.1569,"PASS",52,0.2032,0.1569,"PASS",57,0.1645,0.1569,"PASS",64,0.1925,0.1569,"PASS",42,0.1707,0.1569,"PASS"
99,"CHE185","2012-01-27","2015-01-27",3,96,0.2276,0.16,"PASS",62,0.1719,0.16,"PASS",5,0.1445,0.16,"FAIL",4,0.179,0.16,"PASS",37,0.2358,0.16,"PASS",62,0.1802,0.16,"PASS",27,0.1531,0.16,"FAIL",4,0.2021,0.16,"PASS",45,0.1771,0.16,"PASS",4,0.1326,0.16,"FAIL"
100,"CHE185","2009-01-27","2012-01-27",3,71,0.2027,0.1595,"PASS",9,0.2153,0.1595,"PASS",9,0.3244,0.1595,"PASS",28,0.2102,0.1595,"PASS",22,0.1522,0.1595,"FAIL",28,0.1659,0.1595,"PASS",35,0.1893,0.1595,"PASS",36,0.1772,0.1606,"PASS",15,0.175,0.1595,"PASS",14,0.1485,0.1595,"FAIL"
101,"CHE185","2002-04-02","2005-04-02",3,37,0.2292,0.1569,"PASS",7,0.2121,0.1569,"PASS",27,0.1403,0.1569,"FAIL",5,0.2145,0.1569,"PASS",76,0.144,0.1569,"FAIL",49,0.1961,0.1569,"PASS",NA,NA,NA,"FAIL BOXCOX",NA,NA,NA,"FAIL BOXCOX",37,0.2157,0.1569,"PASS",50,0.1282,0.1569,"FAIL"
102,"CKT136","2021-05-01","2024-05-01",3,9,0.159,0.1569,"PASS",52,0.2335,0.1569,"PASS",24,0.2307,0.1569,"PASS",12,0.2004,0.1569,"PASS",14,0.2572,0.1569,"PASS",52,0.2169,0.1569,"PASS",52,0.2074,0.1569,"PASS",7,0.209,0.1569,"PASS",35,0.1828,0.1569,"PASS",29,0.1889,0.1569,"PASS"
103,"CKT136","2018-05-01","2021-05-01",3,10,0.1866,0.1606,"PASS",17,0.23,0.1606,"PASS",80,0.1731,0.1606,"PASS",23,0.1545,0.1606,"FAIL",19,0.1593,0.1606,"FAIL",56,0.1815,0.1606,"PASS",42,0.1504,0.1606,"FAIL",9,0.1756,0.1606,"PASS",27,0.1533,0.1606,"FAIL",43,0.2726,0.1606,"PASS"
104,"CKT136","2003-09-09","2006-09-09",3,12,0.1986,0.1595,"PASS",17,0.1724,0.1595,"PASS",12,0.1586,0.1595,"FAIL",11,0.1596,0.1595,"PASS",12,0.1813,0.1595,"PASS",4,0.2075,0.1595,"PASS",44,0.1876,0.1595,"PASS",109,0.1277,0.1595,"FAIL",6,0.1765,0.1595,"PASS",44,0.1475,0.1595,"FAIL"
105,"CKT136","2000-01-04","2003-01-04",3,31,0.21,0.1569,"PASS",46,0.1638,0.1569,"PASS",22,0.1516,0.1569,"FAIL",15,0.1864,0.1569,"PASS",39,0.1527,0.1569,"FAIL",28,0.2256,0.1569,"PASS",15,0.1514,0.1569,"FAIL",24,0.1947,0.1569,"PASS",15,0.2103,0.1569,"PASS",37,0.1988,0.1569,"PASS"
106,"CND125","2017-09-26","2020-09-26",3,9,0.1716,0.1595,"PASS",69,0.1689,0.1595,"PASS",59,0.2346,0.1595,"PASS",57,0.2083,0.1595,"PASS",54,0.1979,0.1595,"PASS",63,0.189,0.1595,"PASS",15,0.1768,0.1595,"PASS",15,0.1411,0.1595,"FAIL",20,0.1907,0.1595,"PASS",57,0.1659,0.1595,"PASS"
107,"CND125","2010-08-17","2013-08-17",3,46,0.1706,0.159,"PASS",4,0.2261,0.159,"PASS",64,0.2119,0.159,"PASS",6,0.1712,0.159,"PASS",10,0.1727,0.159,"PASS",75,0.1679,0.159,"PASS",25,0.2152,0.159,"PASS",14,0.2359,0.159,"PASS",12,0.1426,0.159,"FAIL",33,0.1649,0.159,"PASS"
108,"CND125","2007-08-17","2010-08-17",3,22,0.1484,0.1611,"FAIL",10,0.158,0.1611,"FAIL",22,0.2253,0.1611,"PASS",15,0.2415,0.1611,"PASS",6,0.1574,0.1611,"FAIL",85,0.1619,0.1611,"PASS",5,0.2406,0.1611,"PASS",42,0.1658,0.1611,"PASS",29,0.2815,0.1611,"PASS",29,0.2662,0.1611,"PASS"
109,"CND125","2004-08-17","2007-08-17",3,43,0.1709,0.1595,"PASS",51,0.1495,0.1595,"FAIL",51,0.2513,0.1595,"PASS",31,0.198,0.1595,"PASS",43,0.1806,0.1595,"PASS",13,0.1784,0.1595,"PASS",18,0.1728,0.1595,"PASS",29,0.1995,0.1595,"PASS",4,0.1971,0.1595,"PASS",31,0.1629,0.1595,"PASS"
110,"CND125","2000-01-25","2003-01-25",3,5,0.1862,0.1595,"PASS",5,0.1694,0.1595,"PASS",11,0.222,0.1585,"PASS",25,0.2149,0.1595,"PASS",13,0.1708,0.1595,"PASS",5,0.2633,0.1595,"PASS",10,0.2492,0.1595,"PASS",NA,NA,NA,"FAIL BOXCOX",15,0.1358,0.1595,"FAIL",36,0.1492,0.1595,"FAIL"
111,"CNT169","2020-10-27","2023-10-27",3,85,0.1563,0.1617,"FAIL",9,0.154,0.1617,"FAIL",60,0.2233,0.1606,"PASS",9,0.2757,0.1617,"PASS",6,0.2195,0.1617,"PASS",9,0.3141,0.1617,"PASS",4,0.2891,0.1617,"PASS",NA,NA,NA,"FAIL BOXCOX",NA,NA,NA,"FAIL BOXCOX",4,0.2506,0.1617,"PASS"
112,"CNT169","2012-01-04","2015-01-04",3,4,0.2374,0.1606,"PASS",4,0.2473,0.1606,"PASS",49,0.2248,0.1606,"PASS",47,0.2618,0.1606,"PASS",55,0.1797,0.1606,"PASS",4,0.1779,0.1606,"PASS",4,0.1352,0.1606,"FAIL",NA,NA,NA,"FAIL BOXCOX",NA,NA,NA,"FAIL BOXCOX",18,0.1902,0.1606,"PASS"
113,"CNT169","2009-01-04","2012-01-04",3,22,0.1568,0.1668,"FAIL",11,0.2722,0.1668,"PASS",10,0.1699,0.1668,"PASS",NA,NA,NA,"FAIL BOXCOX",10,0.1709,0.1668,"PASS",11,0.2296,0.1668,"PASS",7,0.1903,0.1668,"PASS",NA,NA,NA,"FAIL BOXCOX",NA,NA,NA,"FAIL BOXCOX",NA,NA,NA,"FAIL BOXCOX"
114,"CNT169","2006-01-04","2009-01-04",3,33,0.1966,0.1617,"PASS",55,0.1813,0.1617,"PASS",8,0.2415,0.1617,"PASS",NA,NA,NA,"FAIL BOXCOX",33,0.2527,0.1617,"PASS",33,0.1772,0.1617,"PASS",81,0.1579,0.1617,"FAIL",NA,NA,NA,"FAIL BOXCOX",NA,NA,NA,"FAIL BOXCOX",NA,NA,NA,"FAIL BOXCOX"
115,"CNT169","2003-01-04","2006-01-04",3,29,0.2234,0.1611,"PASS",31,0.2251,0.1611,"PASS",38,0.2373,0.1611,"PASS",NA,NA,NA,"FAIL BOXCOX",49,0.2154,0.1611,"PASS",16,0.2418,0.1611,"PASS",NA,NA,NA,"FAIL BOXCOX",NA,NA,NA,"FAIL BOXCOX",NA,NA,NA,"FAIL BOXCOX",NA,NA,NA,"FAIL BOXCOX"
116,"CNT169","2000-01-04","2003-01-04",3,27,0.1952,0.1579,"PASS",44,0.1709,0.1579,"PASS",6,0.1802,0.1579,"PASS",55,0.2051,0.1579,"PASS",6,0.2146,0.1579,"PASS",52,0.1696,0.1579,"PASS",16,0.221,0.1579,"PASS",16,0.1961,0.1579,"PASS",NA,NA,NA,"FAIL BOXCOX",25,0.2027,0.1579,"PASS"
117,"CON186","2006-07-04","2009-07-04",3,16,0.169,0.1585,"PASS",54,0.1674,0.1585,"PASS",6,0.2173,0.1585,"PASS",62,0.1899,0.1585,"PASS",6,0.2291,0.1585,"PASS",6,0.219,0.1585,"PASS",28,0.2603,0.1585,"PASS",9,0.2449,0.1585,"PASS",28,0.1473,0.1585,"FAIL",45,0.1832,0.1585,"PASS"
118,"CON186","2003-06-17","2006-06-17",3,20,0.1908,0.16,"PASS",48,0.1621,0.16,"PASS",NA,NA,NA,"FAIL BOXCOX",31,0.1688,0.16,"PASS",14,0.2141,0.16,"PASS",38,0.1971,0.16,"PASS",NA,NA,NA,"FAIL BOXCOX",4,0.1563,0.16,"FAIL",48,0.1589,0.16,"FAIL",9,0.1916,0.16,"PASS"
119,"COW137","2019-11-12","2022-11-12",3,NA,NA,NA,"FAIL BOXCOX",38,0.2628,0.1585,"PASS",11,0.207,0.1585,"PASS",50,0.117,0.1585,"FAIL",47,0.1725,0.1585,"PASS",38,0.2895,0.1585,"PASS",21,0.1819,0.1585,"PASS",6,0.1688,0.1585,"PASS",51,0.1485,0.1585,"FAIL",83,0.1433,0.1585,"FAIL"
120,"COW137","2015-01-04","2018-01-04",3,51,0.194,0.1569,"PASS",24,0.1747,0.1569,"PASS",10,0.1848,0.1569,"PASS",13,0.1961,0.1569,"PASS",51,0.1975,0.1569,"PASS",18,0.168,0.1569,"PASS",11,0.1745,0.1569,"PASS",10,0.2388,0.1569,"PASS",35,0.2513,0.1569,"PASS",50,0.1821,0.1569,"PASS"
121,"COW137","2012-01-04","2015-01-04",3,6,0.1839,0.1595,"PASS",37,0.1315,0.1595,"FAIL",61,0.1825,0.1595,"PASS",62,0.222,0.1595,"PASS",101,0.1848,0.1595,"PASS",25,0.1559,0.1595,"FAIL",13,0.1674,0.1595,"PASS",27,0.2562,0.1595,"PASS",64,0.1576,0.1595,"FAIL",33,0.292,0.1595,"PASS"
122,"COW137","2009-01-04","2012-01-04",3,11,0.2281,0.1579,"PASS",25,0.1684,0.1579,"PASS",25,0.2371,0.1579,"PASS",NA,NA,NA,"FAIL BOXCOX",25,0.1522,0.1579,"FAIL",25,0.1703,0.1579,"PASS",94,0.1966,0.1579,"PASS",40,0.2135,0.1579,"PASS",17,0.1615,0.1579,"PASS",112,0.1618,0.1579,"PASS"
123,"COW137","2006-01-04","2009-01-04",3,20,0.2516,0.1606,"PASS",14,0.141,0.1606,"FAIL",40,0.2162,0.1606,"PASS",NA,NA,NA,"FAIL BOXCOX",40,0.2065,0.1606,"PASS",22,0.1623,0.1606,"PASS",47,0.2399,0.1606,"PASS",47,0.1727,0.1606,"PASS",34,0.171,0.1606,"PASS",6,0.1569,0.1606,"FAIL"
124,"COW137","2003-01-04","2006-01-04",3,14,0.2181,0.1622,"PASS",24,0.196,0.1622,"PASS",65,0.1643,0.1622,"PASS",NA,NA,NA,"FAIL BOXCOX",12,0.1862,0.1622,"PASS",24,0.1474,0.1622,"FAIL",12,0.2455,0.1622,"PASS",5,0.1839,0.1622,"PASS",12,0.2201,0.1622,"PASS",67,0.1404,0.1622,"FAIL"
125,"COW137","2000-01-04","2003-01-04",3,72,0.2309,0.1569,"PASS",46,0.2555,0.1569,"PASS",24,0.1922,0.1569,"PASS",NA,NA,NA,"FAIL BOXCOX",37,0.1954,0.1569,"PASS",46,0.2599,0.1569,"PASS",27,0.1593,0.1569,"PASS",22,0.1832,0.1569,"PASS",52,0.14,0.1569,"FAIL",56,0.1994,0.1569,"PASS"
126,"CTH110","2019-01-05","2022-01-05",3,46,0.1887,0.1579,"PASS",39,0.2086,0.1579,"PASS",77,0.1946,0.1579,"PASS",9,0.2741,0.1579,"PASS",9,0.2503,0.1579,"PASS",25,0.2354,0.1579,"PASS",40,0.2489,0.1579,"PASS",43,0.1621,0.1579,"PASS",40,0.2074,0.1579,"PASS",44,0.1619,0.1579,"PASS"
127,"CTH110","2016-01-05","2019-01-05",3,71,0.1817,0.1574,"PASS",47,0.161,0.1574,"PASS",31,0.1541,0.1574,"FAIL",47,0.2191,0.1574,"PASS",43,0.191,0.1574,"PASS",47,0.1803,0.1574,"PASS",46,0.1922,0.1574,"PASS",13,0.1505,0.1585,"FAIL",22,0.164,0.1574,"PASS",25,0.1596,0.1574,"PASS"
128,"CTH110","2007-08-28","2010-08-28",3,15,0.155,0.159,"FAIL",44,0.1736,0.159,"PASS",7,0.1708,0.159,"PASS",18,0.2115,0.159,"PASS",7,0.1833,0.159,"PASS",21,0.18,0.159,"PASS",34,0.1512,0.159,"FAIL",4,0.188,0.159,"PASS",17,0.1608,0.159,"PASS",33,0.1532,0.159,"FAIL"
129,"CTH110","2004-08-28","2007-08-28",3,23,0.1738,0.1579,"PASS",42,0.2349,0.1579,"PASS",11,0.1914,0.1579,"PASS",31,0.1933,0.1579,"PASS",11,0.1873,0.1579,"PASS",34,0.2635,0.1579,"PASS",14,0.1707,0.1579,"PASS",11,0.2209,0.1579,"PASS",14,0.1333,0.1579,"FAIL",33,0.2188,0.1579,"PASS"
130,"CTH110","2001-08-28","2004-08-28",3,7,0.1964,0.1595,"PASS",57,0.2019,0.1595,"PASS",63,0.1846,0.1595,"PASS",49,0.2686,0.1595,"PASS",41,0.1663,0.1595,"PASS",15,0.1933,0.1595,"PASS",23,0.1476,0.1595,"FAIL",NA,NA,NA,"FAIL BOXCOX",23,0.2066,0.1595,"PASS",27,0.1791,0.1595,"PASS"
131,"CVL151","2020-06-09","2023-06-09",3,45,0.1478,0.1595,"FAIL",22,0.1938,0.1595,"PASS",64,0.1802,0.1595,"PASS",99,0.187,0.1595,"PASS",6,0.1819,0.1595,"PASS",22,0.2168,0.1595,"PASS",51,0.2814,0.1595,"PASS",55,0.165,0.1595,"PASS",51,0.1746,0.1595,"PASS",22,0.1732,0.1595,"PASS"
132,"CVL151","2015-01-20","2018-01-20",3,18,0.2383,0.1611,"PASS",89,0.1668,0.1611,"PASS",12,0.2402,0.1611,"PASS",64,0.1375,0.1611,"FAIL",18,0.1959,0.1611,"PASS",43,0.2128,0.1611,"PASS",74,0.1562,0.1611,"FAIL",14,0.243,0.1611,"PASS",89,0.1723,0.1611,"PASS",14,0.2504,0.1611,"PASS"
133,"CVL151","2012-01-20","2015-01-20",3,9,0.2051,0.1569,"PASS",49,0.1507,0.1569,"FAIL",56,0.1571,0.1569,"PASS",94,0.1536,0.1569,"FAIL",9,0.295,0.1569,"PASS",19,0.1604,0.1569,"PASS",36,0.1785,0.1569,"PASS",9,0.2363,0.1569,"PASS",9,0.1663,0.1569,"PASS",33,0.261,0.1579,"PASS"
134,"CVL151","2009-01-20","2012-01-20",3,9,0.2074,0.1585,"PASS",48,0.1433,0.1585,"FAIL",42,0.1821,0.1585,"PASS",47,0.1958,0.1585,"PASS",37,0.1612,0.1585,"PASS",48,0.2298,0.1585,"PASS",80,0.1426,0.1585,"FAIL",57,0.1983,0.1585,"PASS",39,0.1472,0.1585,"FAIL",39,0.1609,0.1585,"PASS"
135,"CVL151","2000-06-13","2003-06-13",3,42,0.1873,0.1595,"PASS",46,0.1425,0.1585,"FAIL",55,0.1182,0.1585,"FAIL",54,0.1617,0.1585,"PASS",52,0.1495,0.1595,"FAIL",46,0.1749,0.1585,"PASS",54,0.1664,0.1585,"PASS",6,0.1501,0.1585,"FAIL",26,0.2337,0.1585,"PASS",74,0.1459,0.1585,"FAIL"
136,"DCP114","2019-03-15","2022-03-15",3,25,0.2307,0.1569,"PASS",54,0.1504,0.1569,"FAIL",48,0.1828,0.1569,"PASS",40,0.2208,0.1569,"PASS",14,0.1455,0.1569,"FAIL",20,0.1481,0.1569,"FAIL",25,0.1409,0.1569,"FAIL",52,0.1963,0.1569,"PASS",65,0.1852,0.1569,"PASS",43,0.1767,0.1569,"PASS"
137,"DCP114","2016-03-15","2019-03-15",3,28,0.1994,0.1574,"PASS",54,0.1946,0.1574,"PASS",56,0.2501,0.1574,"PASS",47,0.2061,0.1574,"PASS",47,0.2324,0.1574,"PASS",47,0.2151,0.1574,"PASS",28,0.261,0.1574,"PASS",50,0.1867,0.1585,"PASS",37,0.1733,0.1574,"PASS",43,0.1947,0.1574,"PASS"
138,"DCP114","2011-09-23","2014-09-23",3,17,0.1963,0.1579,"PASS",51,0.2199,0.1579,"PASS",19,0.1861,0.1579,"PASS",7,0.255,0.1579,"PASS",19,0.2045,0.1579,"PASS",16,0.1991,0.1579,"PASS",54,0.1444,0.1579,"FAIL",6,0.2234,0.1579,"PASS",8,0.1271,0.1579,"FAIL",6,0.1704,0.1579,"PASS"
139,"DCP114","2008-09-23","2011-09-23",3,62,0.2144,0.1585,"PASS",62,0.186,0.1585,"PASS",31,0.1226,0.1585,"FAIL",82,0.1685,0.1585,"PASS",82,0.157,0.1585,"FAIL",25,0.2497,0.1585,"PASS",17,0.1811,0.1585,"PASS",47,0.1523,0.1585,"FAIL",29,0.1677,0.1585,"PASS",54,0.1986,0.1585,"PASS"
140,"DCP114","2003-01-04","2006-01-04",3,60,0.1728,0.16,"PASS",26,0.2688,0.16,"PASS",21,0.2124,0.16,"PASS",18,0.1938,0.16,"PASS",34,0.2342,0.16,"PASS",26,0.242,0.16,"PASS",42,0.2073,0.16,"PASS",63,0.1612,0.16,"PASS",42,0.2004,0.16,"PASS",40,0.163,0.16,"PASS"
141,"DCP114","2000-01-04","2003-01-04",3,9,0.1707,0.159,"PASS",55,0.1641,0.159,"PASS",55,0.1704,0.159,"PASS",74,0.1761,0.159,"PASS",5,0.135,0.159,"FAIL",6,0.1849,0.159,"PASS",27,0.1449,0.159,"FAIL",26,0.2013,0.159,"PASS",47,0.157,0.159,"FAIL",4,0.1728,0.159,"PASS"
142,"DEN417","2017-07-04","2020-07-04",3,76,0.1439,0.1574,"FAIL",114,0.1504,0.1574,"FAIL",NA,NA,NA,"FAIL BOXCOX",NA,NA,NA,"FAIL BOXCOX",36,0.1717,0.1574,"PASS",111,0.1325,0.1574,"FAIL",44,0.1412,0.1574,"FAIL",NA,NA,NA,"FAIL BOXCOX",NA,NA,NA,"FAIL BOXCOX",14,0.1583,0.1574,"PASS"
143,"DEN417","2014-01-01","2017-01-01",3,40,0.1752,0.1574,"PASS",17,0.1823,0.1574,"PASS",40,0.2189,0.1574,"PASS",NA,NA,NA,"FAIL BOXCOX",51,0.1447,0.1574,"FAIL",17,0.173,0.1574,"PASS",50,0.1203,0.1574,"FAIL",NA,NA,NA,"FAIL BOXCOX",NA,NA,NA,"FAIL BOXCOX",29,0.2448,0.1574,"PASS"
144,"DEN417","2011-01-01","2014-01-01",3,42,0.1236,0.1569,"FAIL",21,0.1524,0.1569,"FAIL",18,0.1832,0.1569,"PASS",NA,NA,NA,"FAIL BOXCOX",21,0.1876,0.1569,"PASS",42,0.1462,0.1569,"FAIL",21,0.2101,0.1569,"PASS",NA,NA,NA,"FAIL BOXCOX",NA,NA,NA,"FAIL BOXCOX",90,0.1481,0.1569,"FAIL"
145,"DEN417","2008-01-01","2011-01-01",3,36,0.1416,0.1579,"FAIL",45,0.1697,0.1579,"PASS",52,0.2298,0.1579,"PASS",NA,NA,NA,"FAIL BOXCOX",22,0.2419,0.1579,"PASS",18,0.2399,0.1579,"PASS",18,0.1852,0.1579,"PASS",NA,NA,NA,"FAIL BOXCOX",NA,NA,NA,"FAIL BOXCOX",45,0.213,0.1579,"PASS"
146,"DEN417","2005-01-01","2008-01-01",3,43,0.1882,0.1579,"PASS",67,0.1601,0.1579,"PASS",46,0.1521,0.1579,"FAIL",NA,NA,NA,"FAIL BOXCOX",36,0.178,0.1579,"PASS",21,0.141,0.1579,"FAIL",NA,NA,NA,"FAIL BOXCOX",NA,NA,NA,"FAIL BOXCOX",NA,NA,NA,"FAIL BOXCOX",NA,NA,NA,"FAIL BOXCOX"
147,"DEN417","2002-01-01","2005-01-01",3,48,0.1636,0.1574,"PASS",14,0.2121,0.1574,"PASS",NA,NA,NA,"FAIL BOXCOX",NA,NA,NA,"FAIL BOXCOX",38,0.1642,0.1574,"PASS",39,0.2022,0.1574,"PASS",73,0.1407,0.1574,"FAIL",NA,NA,NA,"FAIL BOXCOX",NA,NA,NA,"FAIL BOXCOX",26,0.2379,0.1574,"PASS"
148,"DEV412","2004-03-13","2007-03-13",3,69,0.2563,0.16,"PASS",8,0.1721,0.16,"PASS",99,0.1752,0.16,"PASS",51,0.1578,0.16,"FAIL",99,0.1804,0.16,"PASS",6,0.2013,0.16,"PASS",20,0.1883,0.16,"PASS",27,0.1595,0.16,"FAIL",20,0.1551,0.16,"FAIL",20,0.2253,0.16,"PASS"
149,"DEV412","2001-03-13","2004-03-13",3,55,0.2174,0.1574,"PASS",66,0.2296,0.1574,"PASS",66,0.227,0.1574,"PASS",11,0.1667,0.1574,"PASS",66,0.2363,0.1574,"PASS",55,0.265,0.1574,"PASS",15,0.2365,0.1574,"PASS",29,0.1827,0.1574,"PASS",15,0.1977,0.1574,"PASS",81,0.136,0.1574,"FAIL"
150,"DIN431","2020-07-11","2023-07-11",3,48,0.2041,0.1569,"PASS",60,0.1808,0.1569,"PASS",52,0.1578,0.1569,"PASS",19,0.1406,0.1569,"FAIL",6,0.1778,0.1569,"PASS",NA,NA,NA,"FAIL BOXCOX",74,0.1389,0.1569,"FAIL",11,0.1952,0.1569,"PASS",22,0.176,0.1569,"PASS",6,0.1868,0.1569,"PASS"
151,"DIN431","2017-07-11","2020-07-11",3,7,0.2516,0.1574,"PASS",45,0.143,0.1574,"FAIL",33,0.1907,0.1574,"PASS",NA,NA,NA,"FAIL BOXCOX",33,0.2223,0.1574,"PASS",95,0.1181,0.1574,"FAIL",22,0.1257,0.1574,"FAIL",67,0.1515,0.1574,"FAIL",22,0.1326,0.1574,"FAIL",46,0.1888,0.1574,"PASS"
152,"EGB181","2022-06-07","2025-06-07",3,81,0.2168,0.1617,"PASS",41,0.2354,0.1617,"PASS",12,0.1842,0.1617,"PASS",43,0.1902,0.1617,"PASS",43,0.1766,0.1617,"PASS",27,0.1466,0.1617,"FAIL",7,0.1886,0.1617,"PASS",12,0.214,0.1617,"PASS",7,0.1983,0.1617,"PASS",43,0.2584,0.1617,"PASS"
153,"EGB181","2014-03-01","2017-03-01",3,36,0.1508,0.1569,"FAIL",51,0.1912,0.1569,"PASS",36,0.1799,0.1569,"PASS",9,0.1649,0.1569,"PASS",9,0.168,0.1569,"PASS",55,0.2037,0.1569,"PASS",69,0.1658,0.1569,"PASS",9,0.2103,0.1569,"PASS",20,0.1983,0.1569,"PASS",18,0.1609,0.1569,"PASS"
154,"EGB181","2011-03-01","2014-03-01",3,7,0.1898,0.1585,"PASS",32,0.2043,0.1585,"PASS",59,0.2639,0.1585,"PASS",19,0.2446,0.1585,"PASS",59,0.1868,0.1585,"PASS",32,0.1794,0.1585,"PASS",9,0.1998,0.1585,"PASS",13,0.1522,0.1585,"FAIL",9,0.2101,0.1585,"PASS",49,0.1398,0.1585,"FAIL"
155,"EGB181","2007-09-11","2010-09-11",3,13,0.224,0.1617,"PASS",62,0.1866,0.1617,"PASS",62,0.1648,0.1617,"PASS",54,0.1772,0.1617,"PASS",57,0.1706,0.1617,"PASS",57,0.1712,0.1617,"PASS",17,0.1717,0.1617,"PASS",13,0.1801,0.1628,"PASS",17,0.2531,0.1617,"PASS",51,0.1849,0.1617,"PASS"
156,"EGB181","2001-07-24","2004-07-24",3,18,0.1806,0.1585,"PASS",60,0.1707,0.1585,"PASS",75,0.2249,0.1585,"PASS",23,0.1865,0.1585,"PASS",15,0.1677,0.1585,"PASS",46,0.1475,0.1595,"FAIL",18,0.1761,0.1595,"PASS",18,0.2567,0.1595,"PASS",57,0.2066,0.1595,"PASS",27,0.1643,0.1595,"PASS"
157,"ESP127","2018-06-26","2021-06-26",3,16,0.2309,0.1585,"PASS",28,0.1637,0.1585,"PASS",52,0.1899,0.1585,"PASS",63,0.1861,0.1585,"PASS",55,0.1321,0.1585,"FAIL",56,0.1764,0.1585,"PASS",26,0.2114,0.1585,"PASS",8,0.2028,0.1585,"PASS",16,0.2837,0.1585,"PASS",43,0.1978,0.1585,"PASS"
158,"ESP127","2012-01-04","2015-01-04",3,49,0.1767,0.1585,"PASS",6,0.1555,0.1585,"FAIL",99,0.1655,0.1585,"PASS",39,0.2003,0.1585,"PASS",72,0.1792,0.1585,"PASS",6,0.1881,0.1585,"PASS",36,0.1918,0.1585,"PASS",24,0.1881,0.1585,"PASS",29,0.1626,0.1585,"PASS",33,0.2555,0.1585,"PASS"
159,"ESP127","2009-01-04","2012-01-04",3,9,0.1922,0.1579,"PASS",42,0.1931,0.1579,"PASS",10,0.2204,0.1579,"PASS",47,0.1296,0.1579,"FAIL",10,0.1766,0.1579,"PASS",10,0.1923,0.1579,"PASS",14,0.1662,0.1579,"PASS",9,0.1573,0.1579,"FAIL",39,0.1924,0.1579,"PASS",37,0.1858,0.1579,"PASS"
160,"ESP127","2006-01-04","2009-01-04",3,5,0.187,0.1617,"PASS",61,0.2439,0.1617,"PASS",16,0.192,0.1617,"PASS",NA,NA,NA,"FAIL BOXCOX",91,0.1481,0.1617,"FAIL",61,0.1768,0.1617,"PASS",27,0.1692,0.1617,"PASS",4,0.1292,0.1617,"FAIL",5,0.1791,0.1617,"PASS",19,0.2116,0.1617,"PASS"
161,"ESP127","2003-01-04","2006-01-04",3,48,0.172,0.159,"PASS",24,0.1756,0.159,"PASS",6,0.2473,0.159,"PASS",NA,NA,NA,"FAIL BOXCOX",4,0.1784,0.159,"PASS",55,0.1734,0.159,"PASS",11,0.2232,0.159,"PASS",NA,NA,NA,"FAIL BOXCOX",78,0.1834,0.159,"PASS",77,0.1211,0.159,"FAIL"
162,"ESP127","2000-01-04","2003-01-04",3,52,0.1835,0.159,"PASS",46,0.2295,0.159,"PASS",49,0.1658,0.159,"PASS",NA,NA,NA,"FAIL BOXCOX",13,0.1736,0.159,"PASS",55,0.252,0.159,"PASS",24,0.153,0.159,"FAIL",4,0.1868,0.159,"PASS",15,0.1607,0.159,"PASS",6,0.161,0.159,"PASS"
163,"EVE419","2019-03-12","2022-03-12",3,99,0.1388,0.1595,"FAIL",20,0.1546,0.1595,"FAIL",37,0.2242,0.1595,"PASS",8,0.2268,0.1595,"PASS",8,0.1837,0.1595,"PASS",65,0.1561,0.1595,"FAIL",41,0.197,0.1595,"PASS",70,0.1429,0.1595,"FAIL",37,0.1554,0.1595,"FAIL",23,0.1799,0.1595,"PASS"
164,"EVE419","2000-01-04","2003-01-04",3,82,0.1448,0.1579,"FAIL",35,0.178,0.1579,"PASS",23,0.1659,0.1579,"PASS",64,0.1716,0.1579,"PASS",20,0.1926,0.1579,"PASS",38,0.1633,0.1579,"PASS",24,0.1728,0.1579,"PASS",11,0.1469,0.1579,"FAIL",45,0.1738,0.1579,"PASS",58,0.1841,0.1579,"PASS"
165,"FOR605","2020-09-15","2023-09-15",3,9,0.2068,0.1675,"PASS",19,0.2209,0.1675,"PASS",10,0.2176,0.1675,"PASS",13,0.1899,0.1675,"PASS",13,0.1954,0.1675,"PASS",13,0.2063,0.1675,"PASS",4,0.1702,0.1675,"PASS",7,0.1967,0.1675,"PASS",115,0.1421,0.1675,"FAIL",4,0.2045,0.1675,"PASS"
166,"FOR605","2013-11-05","2016-11-05",3,7,0.1764,0.1606,"PASS",49,0.1544,0.1606,"FAIL",85,0.1557,0.1606,"FAIL",67,0.151,0.1606,"FAIL",33,0.1594,0.1606,"FAIL",60,0.1456,0.1606,"FAIL",45,0.2219,0.1606,"PASS",71,0.1672,0.1617,"PASS",28,0.1493,0.1606,"FAIL",NA,NA,NA,"FAIL BOXCOX"
167,"GAS153","2018-07-18","2021-07-18",3,8,0.1893,0.1585,"PASS",97,0.17,0.1585,"PASS",52,0.1864,0.1585,"PASS",50,0.245,0.1585,"PASS",63,0.1629,0.1585,"PASS",9,0.1628,0.1585,"PASS",16,0.2107,0.1585,"PASS",27,0.1922,0.1585,"PASS",18,0.2087,0.1585,"PASS",50,0.2008,0.1585,"PASS"
168,"GAS153","2015-07-18","2018-07-18",3,18,0.1565,0.1611,"FAIL",4,0.296,0.1611,"PASS",40,0.27,0.1611,"PASS",62,0.2326,0.1611,"PASS",7,0.1477,0.1611,"FAIL",42,0.2548,0.1611,"PASS",32,0.1533,0.1611,"FAIL",57,0.233,0.1611,"PASS",65,0.2379,0.1611,"PASS",11,0.1988,0.1611,"PASS"
169,"GAS153","2012-07-18","2015-07-18",3,52,0.1745,0.1595,"PASS",9,0.1873,0.1595,"PASS",16,0.1871,0.1595,"PASS",5,0.1901,0.1595,"PASS",16,0.2473,0.1595,"PASS",12,0.1702,0.1595,"PASS",13,0.145,0.1595,"FAIL",29,0.203,0.1595,"PASS",8,0.1726,0.1595,"PASS",22,0.1981,0.1595,"PASS"
170,"GAS153","2009-07-18","2012-07-18",3,22,0.1954,0.16,"PASS",19,0.1594,0.16,"FAIL",25,0.2285,0.16,"PASS",58,0.1835,0.16,"PASS",4,0.2142,0.16,"PASS",10,0.1745,0.16,"PASS",77,0.1559,0.16,"FAIL",21,0.3102,0.16,"PASS",27,0.1729,0.16,"PASS",29,0.1561,0.16,"FAIL"
171,"GAS153","2006-07-18","2009-07-18",3,4,0.2144,0.1569,"PASS",67,0.1532,0.1569,"FAIL",22,0.182,0.1569,"PASS",48,0.2023,0.1569,"PASS",75,0.1632,0.1569,"PASS",67,0.1461,0.1569,"FAIL",66,0.1939,0.1569,"PASS",31,0.2298,0.1569,"PASS",21,0.1755,0.1569,"PASS",10,0.2078,0.1569,"PASS"
172,"GAS153","2003-07-18","2006-07-18",3,37,0.1845,0.159,"PASS",11,0.2394,0.159,"PASS",32,0.1553,0.159,"FAIL",NA,NA,NA,"FAIL BOXCOX",32,0.1823,0.159,"PASS",28,0.1599,0.159,"PASS",6,0.2621,0.159,"PASS",17,0.2099,0.159,"PASS",7,0.1889,0.159,"PASS",7,0.2327,0.159,"PASS"
173,"GAS153","2000-07-18","2003-07-18",3,7,0.1927,0.1595,"PASS",46,0.2751,0.1595,"PASS",5,0.2159,0.1595,"PASS",12,0.2017,0.1595,"PASS",37,0.2028,0.1595,"PASS",46,0.284,0.1595,"PASS",60,0.1793,0.1595,"PASS",11,0.2078,0.1595,"PASS",34,0.2257,0.1595,"PASS",76,0.192,0.1606,"PASS"
174,"GLR468","2019-01-22","2022-01-22",3,13,0.2091,0.1574,"PASS",47,0.2828,0.1574,"PASS",22,0.2153,0.1574,"PASS",26,0.1879,0.1574,"PASS",9,0.1913,0.1574,"PASS",47,0.2791,0.1574,"PASS",44,0.2063,0.1574,"PASS",14,0.1695,0.1574,"PASS",44,0.2299,0.1574,"PASS",44,0.1782,0.1574,"PASS"
175,"GLR468","2011-03-29","2014-03-29",3,107,0.1775,0.1606,"PASS",61,0.1856,0.1606,"PASS",4,0.1806,0.1606,"PASS",26,0.183,0.1606,"PASS",10,0.1502,0.1606,"FAIL",4,0.2205,0.1606,"PASS",NA,NA,NA,"FAIL BOXCOX",7,0.1871,0.1606,"PASS",NA,NA,NA,"FAIL BOXCOX",7,0.2816,0.1606,"PASS"
176,"GLR468","2007-01-13","2010-01-13",3,55,0.2094,0.1569,"PASS",111,0.1537,0.1569,"FAIL",76,0.14,0.1569,"FAIL",43,0.2432,0.1569,"PASS",43,0.2142,0.1569,"PASS",55,0.1376,0.1569,"FAIL",50,0.1396,0.1569,"FAIL",55,0.1705,0.1569,"PASS",66,0.1456,0.1569,"FAIL",10,0.1478,0.1569,"FAIL"
177,"GLR468","2004-01-13","2007-01-13",3,4,0.1879,0.1574,"PASS",42,0.15,0.1574,"FAIL",30,0.1849,0.1574,"PASS",60,0.1782,0.1574,"PASS",42,0.1938,0.1574,"PASS",42,0.1411,0.1574,"FAIL",10,0.1988,0.1574,"PASS",42,0.2089,0.1574,"PASS",38,0.1894,0.1574,"PASS",60,0.1781,0.1574,"PASS"
178,"GLR468","2000-01-04","2003-01-04",3,19,0.1496,0.1579,"FAIL",21,0.1196,0.1579,"FAIL",57,0.1571,0.1579,"FAIL",4,0.2805,0.1579,"PASS",64,0.211,0.1579,"PASS",19,0.2172,0.1579,"PASS",64,0.1876,0.1579,"PASS",15,0.194,0.1579,"PASS",36,0.2293,0.1579,"PASS",43,0.1413,0.1579,"FAIL"
179,"GRB411","2019-07-02","2022-07-02",3,39,0.1619,0.1574,"PASS",54,0.258,0.1574,"PASS",4,0.1975,0.1574,"PASS",28,0.2482,0.1574,"PASS",15,0.1917,0.1574,"PASS",64,0.1632,0.1574,"PASS",54,0.2777,0.1574,"PASS",54,0.1716,0.1574,"PASS",54,0.3354,0.1574,"PASS",54,0.2624,0.1574,"PASS"
180,"GRB411","2015-05-01","2018-05-01",3,8,0.1694,0.1569,"PASS",7,0.2564,0.1569,"PASS",50,0.1306,0.1569,"FAIL",84,0.1635,0.1569,"PASS",11,0.1864,0.1569,"PASS",5,0.1648,0.1569,"PASS",7,0.2529,0.1569,"PASS",14,0.1624,0.1569,"PASS",7,0.277,0.1569,"PASS",7,0.225,0.1569,"PASS"
181,"GRB411","2012-05-01","2015-05-01",3,12,0.1305,0.1574,"FAIL",48,0.1378,0.1574,"FAIL",49,0.1768,0.1574,"PASS",18,0.1804,0.1574,"PASS",57,0.1942,0.1574,"PASS",30,0.1627,0.1574,"PASS",66,0.1544,0.1574,"FAIL",48,0.1884,0.1574,"PASS",66,0.1387,0.1574,"FAIL",66,0.2228,0.1574,"PASS"
182,"GRB411","2007-03-27","2010-03-27",3,71,0.1685,0.1595,"PASS",51,0.1856,0.1595,"PASS",59,0.1594,0.1595,"FAIL",9,0.2018,0.1595,"PASS",59,0.2249,0.1595,"PASS",8,0.157,0.1595,"FAIL",51,0.2332,0.1595,"PASS",51,0.1874,0.1606,"PASS",51,0.2401,0.1595,"PASS",31,0.1373,0.1595,"FAIL"
183,"GRB411","2000-07-04","2003-07-04",3,43,0.2314,0.1574,"PASS",60,0.1529,0.1574,"FAIL",47,0.2645,0.1574,"PASS",34,0.1748,0.1574,"PASS",47,0.1883,0.1574,"PASS",55,0.1407,0.1574,"FAIL",6,0.1784,0.1574,"PASS",6,0.1693,0.1574,"PASS",NA,NA,NA,"FAIL BOXCOX",60,0.1802,0.1574,"PASS"
184,"GRC474","2020-04-07","2023-04-07",3,6,0.1855,0.1574,"PASS",39,0.1826,0.1574,"PASS",16,0.1952,0.1574,"PASS",28,0.2235,0.1574,"PASS",28,0.1997,0.1574,"PASS",27,0.1201,0.1574,"FAIL",54,0.2833,0.1574,"PASS",15,0.2185,0.1574,"PASS",54,0.2616,0.1574,"PASS",41,0.2333,0.1574,"PASS"
185,"GRC474","2013-01-26","2016-01-26",3,43,0.1309,0.1579,"FAIL",55,0.199,0.1579,"PASS",6,0.1356,0.1579,"FAIL",25,0.1794,0.1579,"PASS",37,0.2254,0.1579,"PASS",4,0.1954,0.1579,"PASS",57,0.1541,0.1579,"FAIL",57,0.2054,0.1579,"PASS",106,0.1286,0.1579,"FAIL",5,0.1365,0.1579,"FAIL"
186,"GRC474","2010-01-26","2013-01-26",3,62,0.1724,0.1585,"PASS",28,0.234,0.1585,"PASS",62,0.2053,0.1585,"PASS",20,0.1378,0.1585,"FAIL",23,0.1817,0.1585,"PASS",99,0.1944,0.1585,"PASS",13,0.1502,0.1585,"FAIL",74,0.1555,0.1585,"FAIL",50,0.1427,0.1585,"FAIL",23,0.1618,0.1585,"PASS"
187,"GRC474","2003-07-29","2006-07-29",3,59,0.19,0.1585,"PASS",28,0.2157,0.1585,"PASS",46,0.1406,0.1585,"FAIL",120,0.149,0.1585,"FAIL",5,0.2233,0.1585,"PASS",87,0.1266,0.1585,"FAIL",5,0.232,0.1585,"PASS",5,0.1855,0.1585,"PASS",79,0.1762,0.1585,"PASS",72,0.1567,0.1585,"FAIL"
188,"GRC474","2000-01-04","2003-01-04",3,25,0.1885,0.1574,"PASS",NA,NA,NA,"FAIL BOXCOX",8,0.2562,0.1574,"PASS",94,0.1741,0.1574,"PASS",11,0.2555,0.1574,"PASS",11,0.1661,0.1585,"PASS",87,0.1323,0.1585,"FAIL",37,0.205,0.1585,"PASS",59,0.1497,0.1585,"FAIL",30,0.1841,0.1585,"PASS"
189,"GRS420","2008-07-15","2011-07-15",3,42,0.2041,0.1585,"PASS",29,0.2312,0.1585,"PASS",20,0.185,0.1585,"PASS",33,0.2029,0.1585,"PASS",47,0.1818,0.1585,"PASS",29,0.1807,0.1585,"PASS",5,0.1578,0.1585,"FAIL",55,0.2241,0.1595,"PASS",37,0.218,0.1585,"PASS",78,0.1852,0.1585,"PASS"
190,"GRS420","2000-01-04","2003-01-04",3,20,0.2496,0.159,"PASS",46,0.2105,0.159,"PASS",20,0.1532,0.159,"FAIL",39,0.187,0.159,"PASS",20,0.1881,0.159,"PASS",22,0.2045,0.159,"PASS",15,0.1545,0.159,"FAIL",8,0.1873,0.159,"PASS",8,0.1852,0.159,"PASS",8,0.2077,0.159,"PASS"
191,"GTH161","2020-12-01","2023-12-01",3,14,0.1775,0.1617,"PASS",5,0.2084,0.1617,"PASS",48,0.1732,0.1617,"PASS",22,0.2236,0.1617,"PASS",22,0.1427,0.1617,"FAIL",5,0.227,0.1617,"PASS",56,0.2424,0.1617,"PASS",5,0.1809,0.1617,"PASS",56,0.179,0.1617,"PASS",63,0.155,0.1617,"FAIL"
192,"GTH161","2016-05-28","2019-05-28",3,27,0.2047,0.1579,"PASS",4,0.2063,0.1579,"PASS",19,0.196,0.1579,"PASS",60,0.2409,0.1579,"PASS",4,0.2179,0.1579,"PASS",4,0.1991,0.1579,"PASS",60,0.1789,0.1579,"PASS",46,0.1594,0.1579,"PASS",72,0.1392,0.1579,"FAIL",4,0.1997,0.1579,"PASS"
193,"GTH161","2013-05-28","2016-05-28",3,4,0.2109,0.1585,"PASS",48,0.1619,0.1585,"PASS",17,0.1613,0.1585,"PASS",100,0.1709,0.1585,"PASS",59,0.1957,0.1585,"PASS",46,0.1555,0.1585,"FAIL",59,0.202,0.1585,"PASS",NA,NA,NA,"FAIL BOXCOX",NA,NA,NA,"FAIL BOXCOX",38,0.1555,0.1585,"FAIL"
194,"GTH161","2007-06-22","2010-06-22",3,14,0.211,0.16,"PASS",79,0.134,0.16,"FAIL",16,0.3238,0.16,"PASS",5,0.2689,0.16,"PASS",28,0.2057,0.16,"PASS",5,0.1366,0.16,"FAIL",5,0.1514,0.16,"FAIL",53,0.1806,0.16,"PASS",NA,NA,NA,"FAIL BOXCOX",5,0.2194,0.16,"PASS"
195,"GTH161","2004-06-22","2007-06-22",3,26,0.2138,0.1595,"PASS",43,0.1409,0.1595,"FAIL",19,0.1603,0.1595,"PASS",40,0.2658,0.1595,"PASS",11,0.2331,0.1595,"PASS",11,0.14,0.1595,"FAIL",19,0.2171,0.1595,"PASS",NA,NA,NA,"FAIL BOXCOX",NA,NA,NA,"FAIL BOXCOX",40,0.1863,0.1595,"PASS"
196,"GTH161","2000-01-04","2003-01-04",3,22,0.2174,0.159,"PASS",6,0.176,0.159,"PASS",21,0.1333,0.159,"FAIL",15,0.1572,0.159,"FAIL",25,0.178,0.159,"PASS",58,0.1907,0.16,"PASS",19,0.1772,0.16,"PASS",9,0.1892,0.1611,"PASS",NA,NA,NA,"FAIL BOXCOX",51,0.1783,0.16,"PASS"
197,"HOW132","2003-11-18","2006-11-18",3,34,0.2129,0.1606,"PASS",34,0.2112,0.1606,"PASS",20,0.2996,0.1606,"PASS",NA,NA,NA,"FAIL BOXCOX",11,0.2209,0.1606,"PASS",34,0.2276,0.1606,"PASS",17,0.1732,0.1606,"PASS",62,0.1608,0.1606,"PASS",32,0.2378,0.1606,"PASS",32,0.2198,0.1606,"PASS"
198,"HOW132","2000-01-04","2003-01-04",3,17,0.1854,0.1579,"PASS",22,0.1788,0.1579,"PASS",12,0.2122,0.1579,"PASS",81,0.2137,0.1579,"PASS",17,0.1953,0.1579,"PASS",22,0.1611,0.1579,"PASS",70,0.1684,0.1579,"PASS",55,0.1508,0.1579,"FAIL",17,0.1578,0.1579,"FAIL",68,0.1843,0.1579,"PASS"
199,"HOX148","2021-04-14","2024-04-14",3,5,0.1592,0.1585,"PASS",79,0.1917,0.1585,"PASS",43,0.1366,0.1585,"FAIL",7,0.1673,0.1585,"PASS",106,0.1657,0.1585,"PASS",79,0.1626,0.1585,"PASS",25,0.2622,0.1585,"PASS",7,0.1799,0.1595,"PASS",25,0.2166,0.1585,"PASS",94,0.16,0.1585,"PASS"
200,"HOX148","2018-04-14","2021-04-14",3,9,0.1461,0.16,"FAIL",9,0.2009,0.16,"PASS",22,0.165,0.16,"PASS",26,0.1888,0.16,"PASS",12,0.1785,0.16,"PASS",51,0.169,0.16,"PASS",37,0.1863,0.16,"PASS",33,0.1643,0.16,"PASS",11,0.1793,0.16,"PASS",65,0.1744,0.16,"PASS"
201,"HOX148","2015-04-14","2018-04-14",3,9,0.2046,0.1579,"PASS",58,0.2293,0.1579,"PASS",58,0.184,0.1579,"PASS",95,0.1447,0.1579,"FAIL",75,0.1824,0.1579,"PASS",39,0.1621,0.1579,"PASS",101,0.1503,0.1579,"FAIL",104,0.1402,0.1579,"FAIL",8,0.185,0.1579,"PASS",51,0.2001,0.1579,"PASS"
202,"HOX148","2012-04-14","2015-04-14",3,51,0.2068,0.1569,"PASS",11,0.2411,0.1569,"PASS",56,0.2284,0.1569,"PASS",19,0.1678,0.1569,"PASS",51,0.215,0.1569,"PASS",51,0.226,0.1569,"PASS",11,0.1896,0.1569,"PASS",61,0.1485,0.1569,"FAIL",49,0.1601,0.1569,"PASS",49,0.1828,0.1569,"PASS"
203,"HOX148","2009-04-14","2012-04-14",3,27,0.2696,0.1595,"PASS",19,0.1826,0.1585,"PASS",30,0.1762,0.1585,"PASS",21,0.2141,0.1585,"PASS",40,0.1825,0.1585,"PASS",19,0.2022,0.1585,"PASS",48,0.1591,0.1585,"PASS",33,0.1737,0.1606,"PASS",48,0.181,0.1585,"PASS",NA,NA,NA,"FAIL BOXCOX"
204,"HOX148","2000-10-31","2003-10-31",3,57,0.1562,0.1579,"FAIL",111,0.1659,0.1579,"PASS",68,0.195,0.1579,"PASS",5,0.1718,0.1579,"PASS",64,0.1863,0.1579,"PASS",64,0.1565,0.1579,"FAIL",14,0.1585,0.1579,"PASS",NA,NA,NA,"FAIL BOXCOX",14,0.1502,0.1579,"FAIL",99,0.1635,0.1579,"PASS"
205,"HWF187","2017-11-04","2020-11-04",3,11,0.1701,0.1579,"PASS",54,0.2159,0.1569,"PASS",44,0.2305,0.1579,"PASS",NA,NA,NA,"FAIL BOXCOX",44,0.2579,0.1579,"PASS",54,0.2357,0.1569,"PASS",31,0.21,0.1569,"PASS",13,0.1633,0.1569,"PASS",NA,NA,NA,"FAIL BOXCOX",NA,NA,NA,"FAIL BOXCOX"
206,"HWF187","2014-11-04","2017-11-04",3,62,0.2077,0.1585,"PASS",44,0.1558,0.1585,"FAIL",5,0.2086,0.1585,"PASS",NA,NA,NA,"FAIL BOXCOX",12,0.2923,0.1585,"PASS",12,0.1832,0.1585,"PASS",56,0.1551,0.1585,"FAIL",34,0.1608,0.1585,"PASS",NA,NA,NA,"FAIL BOXCOX",50,0.1506,0.1585,"FAIL"
207,"HWF187","2011-05-28","2014-05-28",3,57,0.2522,0.159,"PASS",17,0.1666,0.159,"PASS",66,0.195,0.159,"PASS",NA,NA,NA,"FAIL BOXCOX",10,0.1579,0.159,"FAIL",53,0.183,0.159,"PASS",78,0.1727,0.159,"PASS",47,0.2081,0.16,"PASS",NA,NA,NA,"FAIL BOXCOX",28,0.142,0.159,"FAIL"
208,"HWF187","2008-05-28","2011-05-28",3,57,0.1392,0.1606,"FAIL",22,0.1859,0.1606,"PASS",14,0.2091,0.1606,"PASS",NA,NA,NA,"FAIL BOXCOX",14,0.2246,0.1606,"PASS",4,0.1623,0.1606,"PASS",107,0.1311,0.1606,"FAIL",57,0.17,0.1606,"PASS",NA,NA,NA,"FAIL BOXCOX",NA,NA,NA,"FAIL BOXCOX"
209,"HWF187","2005-05-28","2008-05-28",3,33,0.157,0.159,"FAIL",23,0.2338,0.159,"PASS",42,0.1658,0.159,"PASS",NA,NA,NA,"FAIL BOXCOX",42,0.1525,0.159,"FAIL",23,0.2411,0.159,"PASS",47,0.3044,0.159,"PASS",21,0.1809,0.159,"PASS",NA,NA,NA,"FAIL BOXCOX",57,0.2323,0.159,"PASS"
210,"HWF187","2002-05-28","2005-05-28",3,59,0.2135,0.1585,"PASS",46,0.1726,0.1585,"PASS",5,0.1742,0.1585,"PASS",NA,NA,NA,"FAIL BOXCOX",5,0.2209,0.1585,"PASS",46,0.1587,0.1585,"PASS",5,0.2414,0.1585,"PASS",66,0.1822,0.1585,"PASS",21,0.1583,0.1585,"FAIL",56,0.2111,0.1585,"PASS"
211,"IRL141","2019-09-03","2022-09-03",3,6,0.2269,0.1606,"PASS",15,0.2077,0.1585,"PASS",18,0.168,0.1595,"PASS",12,0.216,0.1585,"PASS",12,0.2197,0.1595,"PASS",64,0.1733,0.1585,"PASS",55,0.1636,0.1585,"PASS",7,0.1866,0.1585,"PASS",87,0.1438,0.1585,"FAIL",87,0.1584,0.1585,"FAIL"
212,"IRL141","2011-03-11","2014-03-11",3,14,0.1652,0.1569,"PASS",26,0.2885,0.1569,"PASS",49,0.1852,0.1569,"PASS",29,0.231,0.1569,"PASS",29,0.2341,0.1569,"PASS",26,0.1784,0.1569,"PASS",52,0.1882,0.1569,"PASS",29,0.2165,0.1569,"PASS",29,0.222,0.1569,"PASS",29,0.2126,0.1569,"PASS"
213,"IRL141","2008-03-11","2011-03-11",3,87,0.1585,0.1595,"FAIL",61,0.1571,0.1595,"FAIL",69,0.1691,0.1595,"PASS",27,0.1754,0.1595,"PASS",102,0.1466,0.1595,"FAIL",16,0.204,0.1595,"PASS",7,0.2109,0.1595,"PASS",31,0.2325,0.1606,"PASS",29,0.1775,0.1595,"PASS",29,0.1782,0.1595,"PASS"
214,"IRL141","2001-07-03","2004-07-03",3,8,0.2143,0.1574,"PASS",11,0.1466,0.1574,"FAIL",19,0.1549,0.1574,"FAIL",11,0.1248,0.1574,"FAIL",81,0.1546,0.1574,"FAIL",41,0.2084,0.1574,"PASS",26,0.2043,0.1574,"PASS",28,0.176,0.1574,"PASS",7,0.2488,0.1574,"PASS",7,0.2471,0.1574,"PASS"
215,"JOT403","2019-10-15","2022-10-15",3,31,0.1509,0.1585,"FAIL",25,0.1806,0.1585,"PASS",60,0.1428,0.1585,"FAIL",43,0.2052,0.1585,"PASS",55,0.122,0.1585,"FAIL",6,0.1733,0.1585,"PASS",54,0.1958,0.1585,"PASS",48,0.1913,0.1585,"PASS",54,0.2535,0.1585,"PASS",11,0.2448,0.1585,"PASS"
216,"JOT403","2013-09-10","2016-09-10",3,30,0.2242,0.1595,"PASS",23,0.1672,0.1595,"PASS",6,0.2059,0.1595,"PASS",11,0.2681,0.1595,"PASS",70,0.1904,0.1595,"PASS",8,0.2048,0.1595,"PASS",15,0.1409,0.1595,"FAIL",30,0.1861,0.1595,"PASS",25,0.1555,0.1595,"FAIL",22,0.1939,0.1595,"PASS"
217,"JOT403","2006-08-22","2009-08-22",3,19,0.2863,0.16,"PASS",19,0.1849,0.16,"PASS",60,0.2381,0.16,"PASS",23,0.28,0.16,"PASS",6,0.2013,0.16,"PASS",19,0.1892,0.16,"PASS",28,0.1936,0.16,"PASS",4,0.1758,0.16,"PASS",51,0.1781,0.16,"PASS",70,0.1464,0.16,"FAIL"
218,"JOT403","2003-08-22","2006-08-22",3,60,0.2129,0.1569,"PASS",49,0.155,0.1569,"FAIL",49,0.1373,0.1569,"FAIL",16,0.2689,0.1569,"PASS",49,0.1616,0.1569,"PASS",11,0.226,0.1569,"PASS",49,0.1701,0.1569,"PASS",42,0.1597,0.1569,"PASS",5,0.1568,0.1569,"FAIL",5,0.193,0.1569,"PASS"
219,"JOT403","2000-08-22","2003-08-22",3,40,0.181,0.1585,"PASS",40,0.146,0.1585,"FAIL",25,0.2024,0.1585,"PASS",98,0.1842,0.1585,"PASS",13,0.1879,0.1585,"PASS",11,0.1633,0.1585,"PASS",101,0.1293,0.1585,"FAIL",104,0.1381,0.1585,"FAIL",13,0.201,0.1585,"PASS",13,0.2151,0.1585,"PASS"
220,"KEF112","2019-10-15","2022-10-15",3,73,0.1787,0.1579,"PASS",34,0.1581,0.1579,"PASS",73,0.1524,0.1579,"FAIL",4,0.3014,0.1579,"PASS",9,0.2205,0.1579,"PASS",21,0.1504,0.1579,"FAIL",31,0.1668,0.1579,"PASS",73,0.1818,0.1579,"PASS",31,0.1822,0.1579,"PASS",48,0.2531,0.1579,"PASS"
221,"KEF112","2016-10-15","2019-10-15",3,56,0.1541,0.1569,"FAIL",12,0.187,0.1569,"PASS",9,0.1751,0.1569,"PASS",40,0.2062,0.1569,"PASS",7,0.2486,0.1569,"PASS",12,0.1437,0.1569,"FAIL",7,0.1591,0.1569,"PASS",12,0.157,0.159,"FAIL",7,0.2158,0.1569,"PASS",52,0.1473,0.1569,"FAIL"
222,"KEF112","2013-10-15","2016-10-15",3,53,0.1939,0.1585,"PASS",12,0.1825,0.1585,"PASS",5,0.1686,0.1585,"PASS",8,0.2476,0.1585,"PASS",12,0.1788,0.1585,"PASS",12,0.2236,0.1585,"PASS",63,0.2724,0.1585,"PASS",44,0.1885,0.1585,"PASS",18,0.236,0.1585,"PASS",11,0.1923,0.1585,"PASS"
223,"KEF112","2007-12-25","2010-12-25",3,22,0.1516,0.1595,"FAIL",4,0.2293,0.1595,"PASS",33,0.1764,0.1595,"PASS",NA,NA,NA,"FAIL BOXCOX",31,0.1597,0.1595,"PASS",25,0.253,0.1595,"PASS",17,0.2332,0.1595,"PASS",29,0.1927,0.1606,"PASS",17,0.2064,0.1595,"PASS",6,0.167,0.1595,"PASS"
224,"KEF112","2000-11-07","2003-11-07",3,50,0.1774,0.1628,"PASS",15,0.1794,0.1617,"PASS",75,0.2226,0.1617,"PASS",NA,NA,NA,"FAIL BOXCOX",39,0.1856,0.1617,"PASS",39,0.1563,0.1628,"FAIL",61,0.1303,0.1628,"FAIL",NA,NA,NA,"FAIL BOXCOX",NA,NA,NA,"FAIL BOXCOX",100,0.1523,0.1628,"FAIL"
225,"KNZ184","2021-03-02","2024-03-02",3,54,0.1304,0.1585,"FAIL",72,0.2365,0.1585,"PASS",40,0.1877,0.1585,"PASS",15,0.1683,0.1585,"PASS",21,0.2198,0.1585,"PASS",38,0.1773,0.1585,"PASS",8,0.1786,0.1585,"PASS",31,0.2303,0.1585,"PASS",21,0.168,0.1585,"PASS",29,0.2539,0.1585,"PASS"
226,"KNZ184","2015-02-28","2018-02-28",3,24,0.2019,0.159,"PASS",20,0.1818,0.159,"PASS",8,0.3219,0.159,"PASS",84,0.104,0.159,"FAIL",84,0.1488,0.159,"FAIL",43,0.1985,0.159,"PASS",17,0.1764,0.159,"PASS",4,0.1218,0.159,"FAIL",32,0.1762,0.159,"PASS",46,0.2382,0.159,"PASS"
227,"KNZ184","2012-02-28","2015-02-28",3,33,0.1547,0.1574,"FAIL",37,0.2041,0.1574,"PASS",40,0.1713,0.1574,"PASS",29,0.2322,0.1574,"PASS",29,0.1993,0.1574,"PASS",17,0.1641,0.1574,"PASS",49,0.1507,0.1574,"FAIL",33,0.2064,0.1574,"PASS",21,0.2206,0.1574,"PASS",63,0.1783,0.1574,"PASS"
228,"KNZ184","2008-03-26","2011-03-26",3,17,0.166,0.1585,"PASS",9,0.2751,0.1585,"PASS",22,0.2203,0.1585,"PASS",17,0.1945,0.1585,"PASS",46,0.2145,0.1585,"PASS",74,0.1546,0.1585,"FAIL",17,0.22,0.1585,"PASS",11,0.341,0.1585,"PASS",11,0.2382,0.1585,"PASS",11,0.2295,0.1585,"PASS"
229,"KNZ184","2005-03-26","2008-03-26",3,71,0.2123,0.1569,"PASS",36,0.139,0.1569,"FAIL",76,0.241,0.1569,"PASS",24,0.2027,0.1569,"PASS",24,0.1573,0.1569,"PASS",12,0.2121,0.1569,"PASS",82,0.1457,0.1569,"FAIL",29,0.2052,0.1569,"PASS",19,0.1762,0.1569,"PASS",11,0.1853,0.1569,"PASS"
230,"KNZ184","2002-03-26","2005-03-26",3,49,0.2475,0.1569,"PASS",4,0.1694,0.1569,"PASS",6,0.2011,0.1569,"PASS",7,0.185,0.1569,"PASS",49,0.1628,0.1569,"PASS",27,0.1546,0.1569,"FAIL",49,0.2286,0.1569,"PASS",32,0.1507,0.1569,"FAIL",80,0.1492,0.1569,"FAIL",15,0.1707,0.1569,"PASS"
231,"LAV410","2012-12-25","2015-12-25",3,4,0.1714,0.1595,"PASS",34,0.1527,0.1595,"FAIL",61,0.1777,0.1595,"PASS",47,0.1877,0.1595,"PASS",55,0.1733,0.1595,"PASS",81,0.1342,0.1595,"FAIL",63,0.2176,0.1595,"PASS",82,0.1556,0.1595,"FAIL",20,0.162,0.1595,"PASS",42,0.2409,0.1595,"PASS"
232,"LAV410","2008-09-27","2011-09-27",3,36,0.1246,0.1569,"FAIL",NA,NA,NA,"FAIL BOXCOX",7,0.187,0.1569,"PASS",23,0.2298,0.1569,"PASS",23,0.1885,0.1569,"PASS",NA,NA,NA,"FAIL BOXCOX",23,0.1582,0.1569,"PASS",51,0.1664,0.1579,"PASS",13,0.2143,0.1569,"PASS",60,0.1546,0.1569,"FAIL"
233,"LAV410","2005-09-27","2008-09-27",3,54,0.1996,0.1595,"PASS",10,0.2041,0.1595,"PASS",NA,NA,NA,"FAIL BOXCOX",33,0.2571,0.1595,"PASS",33,0.2916,0.1595,"PASS",28,0.1909,0.1595,"PASS",26,0.1961,0.1595,"PASS",28,0.1881,0.1595,"PASS",46,0.1458,0.1595,"FAIL",6,0.1902,0.1595,"PASS"
234,"LRL117","2019-11-01","2022-11-01",3,40,0.1767,0.159,"PASS",7,0.1904,0.159,"PASS",35,0.1604,0.159,"PASS",4,0.2225,0.159,"PASS",9,0.1862,0.159,"PASS",7,0.1898,0.159,"PASS",25,0.2492,0.159,"PASS",9,0.1865,0.159,"PASS",52,0.2067,0.159,"PASS",8,0.1979,0.159,"PASS"
235,"LRL117","2016-11-01","2019-11-01",3,4,0.1507,0.1595,"FAIL",9,0.2163,0.1595,"PASS",40,0.1616,0.1595,"PASS",NA,NA,NA,"FAIL BOXCOX",14,0.2077,0.1595,"PASS",51,0.1412,0.1595,"FAIL",66,0.1775,0.1595,"PASS",35,0.2354,0.1595,"PASS",7,0.1831,0.1595,"PASS",22,0.1445,0.1595,"FAIL"
236,"LRL117","2010-10-09","2013-10-09",3,39,0.2106,0.16,"PASS",44,0.1436,0.16,"FAIL",14,0.1661,0.16,"PASS",NA,NA,NA,"FAIL BOXCOX",52,0.1846,0.16,"PASS",44,0.1667,0.16,"PASS",84,0.157,0.16,"FAIL",6,0.237,0.16,"PASS",8,0.2062,0.16,"PASS",NA,NA,NA,"FAIL BOXCOX"
237,"LRL117","2007-10-09","2010-10-09",3,7,0.1589,0.1574,"PASS",31,0.121,0.1574,"FAIL",52,0.123,0.1574,"FAIL",NA,NA,NA,"FAIL BOXCOX",18,0.1675,0.1574,"PASS",83,0.1378,0.1574,"FAIL",17,0.2257,0.1574,"PASS",38,0.226,0.1574,"PASS",17,0.1669,0.1574,"PASS",11,0.159,0.1574,"PASS"
238,"LRL117","2003-01-04","2006-01-04",3,50,0.2331,0.1569,"PASS",11,0.2388,0.1569,"PASS",21,0.1785,0.1569,"PASS",NA,NA,NA,"FAIL BOXCOX",21,0.1657,0.1569,"PASS",66,0.2094,0.1569,"PASS",42,0.1907,0.1569,"PASS",18,0.1256,0.1569,"FAIL",27,0.217,0.1569,"PASS",NA,NA,0.1569,"FAIL"
239,"LRL117","2000-01-04","2003-01-04",3,46,0.1804,0.1569,"PASS",15,0.1245,0.1569,"FAIL",52,0.1593,0.1569,"PASS",NA,NA,NA,"FAIL BOXCOX",61,0.1859,0.1569,"PASS",15,0.1189,0.1569,"FAIL",8,0.2132,0.1569,"PASS",6,0.2249,0.1569,"PASS",37,0.1834,0.1569,"PASS",18,0.1923,0.1569,"PASS"
240,"LYK123","2005-04-05","2008-04-05",3,18,0.3097,0.1595,"PASS",48,0.1619,0.1595,"PASS",74,0.1724,0.1595,"PASS",6,0.1476,0.1595,"FAIL",50,0.1948,0.1595,"PASS",11,0.1877,0.1595,"PASS",7,0.1647,0.1595,"PASS",47,0.2145,0.1595,"PASS",15,0.1614,0.1595,"PASS",4,0.2459,0.1595,"PASS"
241,"LYK123","2001-07-24","2004-07-24",3,4,0.2401,0.1585,"PASS",4,0.2325,0.1585,"PASS",4,0.2206,0.1585,"PASS",41,0.1817,0.1585,"PASS",67,0.197,0.1585,"PASS",46,0.1783,0.1585,"PASS",15,0.2249,0.1585,"PASS",30,0.2209,0.1585,"PASS",37,0.2209,0.1585,"PASS",44,0.1438,0.1585,"FAIL"
242,"MAC426","2019-01-15","2022-01-15",3,65,0.138,0.1585,"FAIL",28,0.1843,0.1585,"PASS",9,0.1865,0.1585,"PASS",10,0.1645,0.1585,"PASS",10,0.1519,0.1585,"FAIL",46,0.1585,0.1585,"PASS",57,0.1679,0.1585,"PASS",22,0.1901,0.1585,"PASS",33,0.1617,0.1585,"PASS",43,0.1174,0.1585,"FAIL"
243,"MAC426","2012-06-10","2015-06-10",3,9,0.1534,0.159,"FAIL",6,0.2116,0.159,"PASS",48,0.2381,0.159,"PASS",21,0.2559,0.159,"PASS",48,0.1956,0.159,"PASS",16,0.1763,0.159,"PASS",88,0.1506,0.159,"FAIL",21,0.1809,0.16,"PASS",16,0.1701,0.159,"PASS",33,0.2438,0.159,"PASS"
244,"MAC426","2009-06-10","2012-06-10",3,47,0.1227,0.1574,"FAIL",42,0.2156,0.1574,"PASS",59,0.195,0.1574,"PASS",52,0.1945,0.1574,"PASS",52,0.2238,0.1574,"PASS",14,0.1614,0.1574,"PASS",52,0.1983,0.1585,"PASS",7,0.204,0.1574,"PASS",52,0.1328,0.1574,"FAIL",45,0.1574,0.1574,"PASS"
245,"MAC426","2006-06-10","2009-06-10",3,29,0.2073,0.1579,"PASS",17,0.2004,0.1579,"PASS",53,0.1853,0.1579,"PASS",8,0.2043,0.1579,"PASS",80,0.1744,0.1579,"PASS",11,0.2389,0.1579,"PASS",24,0.1918,0.1579,"PASS",78,0.1334,0.1579,"FAIL",8,0.1951,0.1579,"PASS",19,0.2044,0.1579,"PASS"
246,"MAC426","2003-06-10","2006-06-10",3,48,0.1712,0.1585,"PASS",21,0.2187,0.1585,"PASS",49,0.1716,0.1585,"PASS",43,0.1512,0.1585,"FAIL",28,0.1833,0.1585,"PASS",17,0.1884,0.1585,"PASS",6,0.2012,0.1585,"PASS",NA,NA,NA,"FAIL BOXCOX",20,0.1814,0.1585,"PASS",11,0.1556,0.1585,"FAIL"
247,"MCK131","2019-06-18","2022-06-18",3,84,0.1708,0.1585,"PASS",28,0.2219,0.1585,"PASS",9,0.2653,0.1585,"PASS",4,0.2955,0.1585,"PASS",35,0.1429,0.1585,"FAIL",56,0.1819,0.1585,"PASS",5,0.1684,0.1585,"PASS",8,0.2232,0.1585,"PASS",10,0.1925,0.1585,"PASS",27,0.2171,0.1585,"PASS"
248,"MCK131","2013-08-10","2016-08-10",3,18,0.1713,0.1579,"PASS",102,0.1401,0.1579,"FAIL",48,0.1693,0.1579,"PASS",21,0.3139,0.1579,"PASS",18,0.1886,0.1579,"PASS",33,0.1485,0.1579,"FAIL",5,0.1467,0.1579,"FAIL",18,0.1937,0.159,"PASS",13,0.1381,0.1579,"FAIL",26,0.2118,0.1579,"PASS"
249,"MCK131","2010-08-10","2013-08-10",3,19,0.2241,0.1595,"PASS",42,0.1139,0.1595,"FAIL",55,0.1624,0.1595,"PASS",73,0.1836,0.1595,"PASS",14,0.2022,0.1595,"PASS",16,0.1587,0.1595,"FAIL",30,0.1509,0.1595,"FAIL",12,0.1814,0.1606,"PASS",61,0.1431,0.1595,"FAIL",33,0.2414,0.1595,"PASS"
250,"MCK131","2004-09-28","2007-09-28",3,6,0.2197,0.1595,"PASS",37,0.1538,0.1595,"FAIL",48,0.1515,0.1595,"FAIL",40,0.2332,0.1595,"PASS",31,0.1858,0.1595,"PASS",37,0.1826,0.1595,"PASS",5,0.1743,0.1595,"PASS",47,0.132,0.1595,"FAIL",91,0.1611,0.1595,"PASS",98,0.1501,0.1595,"FAIL"
251,"MCK231","2015-02-03","2018-02-03",3,22,0.2101,0.159,"PASS",34,0.1734,0.159,"PASS",15,0.1448,0.159,"FAIL",7,0.2701,0.159,"PASS",79,0.1575,0.159,"FAIL",22,0.2047,0.159,"PASS",38,0.2043,0.159,"PASS",97,0.1712,0.1611,"PASS",17,0.2108,0.159,"PASS",44,0.2225,0.159,"PASS"
252,"MCK231","2012-02-03","2015-02-03",3,27,0.1607,0.1569,"PASS",6,0.183,0.1569,"PASS",48,0.1648,0.1569,"PASS",7,0.2571,0.1569,"PASS",7,0.1755,0.1569,"PASS",18,0.1916,0.1569,"PASS",42,0.1748,0.1569,"PASS",42,0.2004,0.1569,"PASS",39,0.1718,0.1569,"PASS",6,0.2653,0.1569,"PASS"
253,"MCK231","2009-02-03","2012-02-03",3,19,0.1471,0.1606,"FAIL",29,0.1513,0.1606,"FAIL",5,0.219,0.1606,"PASS",46,0.2065,0.1606,"PASS",76,0.178,0.1606,"PASS",29,0.1656,0.1606,"PASS",52,0.2024,0.1606,"PASS",NA,NA,NA,"FAIL BOXCOX",55,0.1838,0.1606,"PASS",54,0.1482,0.1606,"FAIL"
254,"MCK231","2003-10-03","2006-10-03",3,9,0.1705,0.1569,"PASS",4,0.2386,0.1569,"PASS",10,0.1601,0.1569,"PASS",8,0.1896,0.1569,"PASS",24,0.1701,0.1569,"PASS",4,0.2407,0.1569,"PASS",11,0.1858,0.1569,"PASS",71,0.1371,0.1569,"FAIL",11,0.2077,0.1569,"PASS",73,0.1465,0.1569,"FAIL"
255,"MCK231","2000-10-03","2003-10-03",3,4,0.1511,0.1606,"FAIL",18,0.1902,0.1606,"PASS",11,0.1449,0.1606,"FAIL",36,0.1934,0.1606,"PASS",42,0.1516,0.1606,"FAIL",23,0.1562,0.1606,"FAIL",37,0.203,0.1606,"PASS",8,0.1698,0.1606,"PASS",37,0.2587,0.1606,"PASS",16,0.1937,0.1606,"PASS"
256,"MEV405","2019-04-09","2022-04-09",3,47,0.1585,0.1606,"FAIL",39,0.2135,0.1606,"PASS",52,0.3204,0.1606,"PASS",11,0.1802,0.1606,"PASS",69,0.209,0.1606,"PASS",30,0.2101,0.1606,"PASS",35,0.2591,0.1606,"PASS",24,0.2465,0.1606,"PASS",35,0.2701,0.1606,"PASS",81,0.2097,0.1606,"PASS"
257,"MEV405","2010-11-16","2013-11-16",3,51,0.1722,0.1585,"PASS",4,0.205,0.1574,"PASS",106,0.154,0.1574,"FAIL",10,0.1678,0.1574,"PASS",106,0.2144,0.1574,"PASS",19,0.1579,0.1574,"PASS",62,0.1666,0.1574,"PASS",28,0.1751,0.1574,"PASS",37,0.1701,0.1574,"PASS",15,0.1221,0.1574,"FAIL"
258,"MEV405","2007-05-18","2010-05-18",3,42,0.2355,0.1569,"PASS",125,0.1408,0.1569,"FAIL",17,0.1724,0.1569,"PASS",37,0.1736,0.1569,"PASS",59,0.1834,0.1569,"PASS",8,0.1935,0.1569,"PASS",91,0.1637,0.1569,"PASS",63,0.1509,0.1569,"FAIL",91,0.1537,0.1569,"FAIL",5,0.2114,0.1569,"PASS"
259,"MEV405","2004-05-18","2007-05-18",3,28,0.2443,0.1585,"PASS",21,0.2221,0.1585,"PASS",66,0.1561,0.1585,"FAIL",37,0.1996,0.1585,"PASS",9,0.1788,0.1585,"PASS",6,0.281,0.1585,"PASS",14,0.2193,0.1585,"PASS",5,0.194,0.1585,"PASS",5,0.2174,0.1585,"PASS",26,0.1235,0.1585,"FAIL"
260,"MKG113","2018-01-04","2021-01-04",3,5,0.1404,0.1574,"FAIL",7,0.207,0.1574,"PASS",59,0.1345,0.1574,"FAIL",42,0.1701,0.1574,"PASS",7,0.1772,0.1574,"PASS",51,0.2148,0.1574,"PASS",31,0.1285,0.1574,"FAIL",12,0.1438,0.1574,"FAIL",45,0.1407,0.1574,"FAIL",33,0.2121,0.1574,"PASS"
261,"MKG113","2015-01-04","2018-01-04",3,13,0.2462,0.1569,"PASS",12,0.1875,0.1569,"PASS",83,0.2177,0.1569,"PASS",53,0.168,0.1569,"PASS",104,0.1529,0.1569,"FAIL",26,0.1801,0.1569,"PASS",56,0.1759,0.1569,"PASS",25,0.2154,0.1569,"PASS",56,0.1877,0.1569,"PASS",46,0.166,0.1569,"PASS"
262,"MKG113","2012-01-04","2015-01-04",3,44,0.2231,0.1595,"PASS",19,0.1865,0.1595,"PASS",44,0.2146,0.1595,"PASS",8,0.2303,0.1595,"PASS",19,0.2111,0.1595,"PASS",19,0.2149,0.1595,"PASS",32,0.1838,0.1595,"PASS",6,0.204,0.1595,"PASS",49,0.1215,0.1595,"FAIL",6,0.2177,0.1595,"PASS"
263,"MKG113","2009-01-04","2012-01-04",3,52,0.1886,0.159,"PASS",52,0.2513,0.1579,"PASS",27,0.2047,0.1579,"PASS",31,0.2847,0.1579,"PASS",31,0.2407,0.1579,"PASS",25,0.2462,0.1579,"PASS",17,0.2514,0.159,"PASS",19,0.2221,0.1579,"PASS",17,0.2518,0.1579,"PASS",48,0.203,0.1579,"PASS"
264,"MKG113","2006-01-04","2009-01-04",3,15,0.1907,0.1574,"PASS",15,0.1862,0.1574,"PASS",43,0.1775,0.1574,"PASS",32,0.1908,0.1574,"PASS",34,0.1583,0.1574,"PASS",75,0.1721,0.1574,"PASS",17,0.1844,0.1574,"PASS",58,0.1893,0.1574,"PASS",17,0.1756,0.1574,"PASS",13,0.1757,0.1574,"PASS"
265,"MKG113","2003-01-04","2006-01-04",3,21,0.261,0.1579,"PASS",18,0.1824,0.1579,"PASS",21,0.2556,0.1579,"PASS",17,0.2419,0.1579,"PASS",18,0.2609,0.1579,"PASS",18,0.1673,0.1579,"PASS",76,0.1296,0.1579,"FAIL",49,0.1727,0.1579,"PASS",23,0.1385,0.1579,"FAIL",7,0.1656,0.1579,"PASS"
266,"MKG113","2000-01-04","2003-01-04",3,7,0.19,0.159,"PASS",20,0.2055,0.159,"PASS",7,0.1328,0.159,"FAIL",43,0.1652,0.159,"PASS",36,0.1817,0.159,"PASS",51,0.161,0.159,"PASS",69,0.1113,0.159,"FAIL",69,0.172,0.159,"PASS",87,0.1872,0.159,"PASS",41,0.1765,0.159,"PASS"
267,"MOR409","2008-11-11","2011-11-11",3,16,0.2141,0.1639,"PASS",48,0.1601,0.1628,"FAIL",NA,NA,NA,"FAIL BOXCOX",4,0.2009,0.1628,"PASS",68,0.1807,0.1628,"PASS",43,0.1724,0.1628,"PASS",45,0.2019,0.1628,"PASS",13,0.2609,0.1628,"PASS",26,0.2108,0.1628,"PASS",19,0.1521,0.1628,"FAIL"
268,"MOR409","2004-04-06","2007-04-06",3,6,0.1685,0.1606,"PASS",6,0.3163,0.1606,"PASS",6,0.1963,0.1606,"PASS",27,0.2175,0.1606,"PASS",6,0.3102,0.1606,"PASS",85,0.1385,0.1606,"FAIL",6,0.2694,0.1606,"PASS",39,0.2174,0.1606,"PASS",27,0.2258,0.1606,"PASS",27,0.2635,0.1606,"PASS"
269,"MOR409","2000-01-04","2003-01-04",3,40,0.2928,0.159,"PASS",53,0.1731,0.159,"PASS",NA,NA,NA,"FAIL BOXCOX",26,0.113,0.159,"FAIL",55,0.1761,0.159,"PASS",40,0.2467,0.159,"PASS",24,0.2284,0.159,"PASS",40,0.1394,0.159,"FAIL",NA,NA,NA,"FAIL BOXCOX",42,0.1346,0.159,"FAIL"
270,"NCS415","2000-01-04","2003-01-04",3,34,0.3085,0.1611,"PASS",4,0.2734,0.1611,"PASS",12,0.1796,0.1611,"PASS",100,0.1534,0.1611,"FAIL",25,0.1732,0.1611,"PASS",4,0.2509,0.1611,"PASS",37,0.1412,0.1611,"FAIL",69,0.163,0.1611,"PASS",NA,NA,NA,"FAIL BOXCOX",15,0.2268,0.1611,"PASS"
271,"NIC001","2019-05-14","2022-05-14",3,24,0.1773,0.1579,"PASS",29,0.1895,0.1579,"PASS",12,0.1414,0.1579,"FAIL",39,0.1658,0.1579,"PASS",9,0.1491,0.1579,"FAIL",12,0.1811,0.1579,"PASS",61,0.1269,0.1579,"FAIL",46,0.2285,0.1579,"PASS",48,0.2273,0.1579,"PASS",39,0.1346,0.1579,"FAIL"
272,"NPT006","2020-08-11","2023-08-11",3,32,0.1564,0.1606,"FAIL",55,0.1657,0.1606,"PASS",20,0.2102,0.1606,"PASS",5,0.2083,0.1606,"PASS",13,0.1531,0.1606,"FAIL",5,0.1944,0.1606,"PASS",6,0.1496,0.1606,"FAIL",60,0.2435,0.1606,"PASS",56,0.1762,0.1606,"PASS",85,0.145,0.1606,"FAIL"
273,"OLY421","2000-01-04","2003-01-04",3,36,0.1625,0.16,"PASS",9,0.1721,0.16,"PASS",22,0.2216,0.16,"PASS",21,0.1542,0.16,"FAIL",36,0.152,0.16,"FAIL",35,0.1593,0.16,"FAIL",59,0.1365,0.16,"FAIL",61,0.1559,0.16,"FAIL",26,0.2368,0.16,"PASS",26,0.1861,0.16,"PASS"
274,"OXF122","2017-02-08","2020-02-08",3,42,0.2319,0.1585,"PASS",9,0.2269,0.1585,"PASS",54,0.1372,0.1585,"FAIL",46,0.1302,0.1585,"FAIL",5,0.1654,0.1585,"PASS",25,0.1357,0.1585,"FAIL",28,0.2298,0.1585,"PASS",52,0.154,0.1585,"FAIL",28,0.191,0.1585,"PASS",8,0.1603,0.1585,"PASS"
275,"OXF122","2014-02-08","2017-02-08",3,47,0.1649,0.1606,"PASS",72,0.1449,0.1606,"FAIL",18,0.1827,0.1606,"PASS",54,0.1667,0.1606,"PASS",22,0.1641,0.1606,"PASS",47,0.1553,0.1606,"FAIL",15,0.1821,0.1606,"PASS",9,0.1765,0.1606,"PASS",34,0.159,0.1606,"FAIL",26,0.2034,0.1606,"PASS"
276,"OXF122","2011-02-08","2014-02-08",3,62,0.1827,0.1606,"PASS",38,0.1511,0.1606,"FAIL",64,0.1362,0.1606,"FAIL",61,0.1429,0.1606,"FAIL",103,0.1592,0.1606,"FAIL",38,0.1563,0.1606,"FAIL",49,0.1234,0.1606,"FAIL",39,0.1307,0.1606,"FAIL",60,0.1861,0.1606,"PASS",6,0.2309,0.1606,"PASS"
277,"OXF122","2006-01-04","2009-01-04",3,15,0.2519,0.1617,"PASS",75,0.1737,0.1617,"PASS",6,0.2198,0.1617,"PASS",31,0.1154,0.1617,"FAIL",41,0.2096,0.1617,"PASS",11,0.2917,0.1617,"PASS",35,0.1899,0.1617,"PASS",30,0.187,0.1617,"PASS",32,0.1788,0.1617,"PASS",19,0.2556,0.1617,"PASS"
278,"OXF122","2003-01-04","2006-01-04",3,5,0.1173,0.1579,"FAIL",26,0.1902,0.1579,"PASS",7,0.1958,0.1579,"PASS",50,0.1522,0.1579,"FAIL",34,0.1945,0.1579,"PASS",26,0.21,0.1579,"PASS",34,0.1834,0.1579,"PASS",NA,NA,NA,"FAIL BOXCOX",16,0.2126,0.1579,"PASS",11,0.1234,0.1579,"FAIL"
279,"OXF122","2000-01-04","2003-01-04",3,24,0.2259,0.1579,"PASS",35,0.1313,0.1579,"FAIL",60,0.1786,0.1569,"PASS",69,0.1898,0.1579,"PASS",49,0.168,0.1579,"PASS",78,0.1203,0.1579,"FAIL",45,0.1863,0.1579,"PASS",28,0.2371,0.1579,"PASS",61,0.1544,0.1579,"FAIL",12,0.1905,0.1579,"PASS"
280,"PAL190","2016-05-17","2019-05-17",3,16,0.1333,0.1595,"FAIL",13,0.2312,0.1595,"PASS",4,0.3022,0.1595,"PASS",33,0.2482,0.1595,"PASS",43,0.2038,0.1595,"PASS",33,0.1473,0.1595,"FAIL",39,0.1609,0.1595,"PASS",24,0.2225,0.1595,"PASS",14,0.1478,0.1595,"FAIL",14,0.1955,0.1595,"PASS"
281,"PAL190","2010-04-24","2013-04-24",3,26,0.2042,0.1611,"PASS",8,0.1911,0.1611,"PASS",9,0.2301,0.16,"PASS",16,0.1715,0.1611,"PASS",7,0.1702,0.1611,"PASS",8,0.1961,0.1611,"PASS",66,0.1443,0.1611,"FAIL",31,0.1823,0.1611,"PASS",31,0.209,0.1611,"PASS",93,0.1658,0.1611,"PASS"
282,"PAL190","2007-04-24","2010-04-24",3,19,0.1899,0.159,"PASS",58,0.1727,0.159,"PASS",11,0.159,0.159,"PASS",8,0.1576,0.159,"FAIL",8,0.1669,0.159,"PASS",31,0.1855,0.159,"PASS",22,0.2746,0.159,"PASS",30,0.2184,0.159,"PASS",22,0.2853,0.159,"PASS",22,0.2085,0.159,"PASS"
283,"PAR107","2020-11-24","2023-11-24",3,28,0.1908,0.1574,"PASS",68,0.1824,0.1574,"PASS",50,0.2653,0.1574,"PASS",52,0.2126,0.1574,"PASS",21,0.2258,0.1574,"PASS",19,0.1751,0.1574,"PASS",8,0.1534,0.1574,"FAIL",24,0.2976,0.1574,"PASS",52,0.1861,0.1574,"PASS",71,0.1711,0.1574,"PASS"
284,"PAR107","2015-11-03","2018-11-03",3,NA,NA,NA,"FAIL BOXCOX",47,0.2408,0.1574,"PASS",98,0.1449,0.1574,"FAIL",21,0.1877,0.1574,"PASS",51,0.1754,0.1574,"PASS",9,0.2674,0.1574,"PASS",41,0.1955,0.1574,"PASS",34,0.1474,0.1574,"FAIL",59,0.1965,0.1574,"PASS",91,0.1959,0.1574,"PASS"
285,"PAR107","2011-02-05","2014-02-05",3,49,0.185,0.159,"PASS",15,0.1365,0.159,"FAIL",10,0.1574,0.159,"FAIL",NA,NA,NA,"FAIL BOXCOX",14,0.1836,0.159,"PASS",23,0.1209,0.159,"FAIL",33,0.198,0.159,"PASS",33,0.2926,0.159,"PASS",33,0.2815,0.159,"PASS",39,0.2674,0.159,"PASS"
286,"PAR107","2008-02-05","2011-02-05",3,17,0.2638,0.1574,"PASS",23,0.198,0.1574,"PASS",10,0.2743,0.1574,"PASS",14,0.1633,0.1574,"PASS",25,0.1994,0.1574,"PASS",52,0.1769,0.1574,"PASS",31,0.2723,0.1574,"PASS",48,0.2442,0.1574,"PASS",31,0.2801,0.1574,"PASS",19,0.1741,0.1574,"PASS"
287,"PAR107","2004-11-27","2007-11-27",3,15,0.1459,0.1569,"FAIL",94,0.1506,0.1569,"FAIL",12,0.2209,0.1569,"PASS",NA,NA,NA,"FAIL BOXCOX",12,0.2065,0.1569,"PASS",7,0.1688,0.1569,"PASS",47,0.1649,0.1569,"PASS",47,0.1622,0.1569,"PASS",75,0.1874,0.1569,"PASS",26,0.1374,0.1569,"FAIL"
288,"PAR107","2001-11-27","2004-11-27",3,13,0.1476,0.1574,"FAIL",35,0.2046,0.1574,"PASS",42,0.193,0.1574,"PASS",11,0.1912,0.1574,"PASS",13,0.2012,0.1574,"PASS",90,0.1598,0.1574,"PASS",57,0.2004,0.1574,"PASS",NA,NA,NA,"FAIL BOXCOX",7,0.219,0.1574,"PASS",7,0.1976,0.1574,"PASS"
289,"PED108","2020-01-07","2023-01-07",3,7,0.2124,0.1606,"PASS",38,0.1259,0.1606,"FAIL",15,0.1771,0.1606,"PASS",39,0.2211,0.1606,"PASS",58,0.1797,0.1606,"PASS",33,0.1583,0.1606,"FAIL",73,0.1373,0.1606,"FAIL",11,0.1885,0.1606,"PASS",11,0.189,0.1606,"PASS",32,0.1968,0.1606,"PASS"
290,"PED108","2014-03-18","2017-03-18",3,29,0.2024,0.1574,"PASS",44,0.2227,0.1574,"PASS",76,0.1559,0.1574,"FAIL",10,0.141,0.1574,"FAIL",44,0.1638,0.1574,"PASS",29,0.2356,0.1574,"PASS",11,0.1952,0.1574,"PASS",33,0.2088,0.1585,"PASS",11,0.2081,0.1574,"PASS",7,0.1553,0.1574,"FAIL"
291,"PED108","2010-07-13","2013-07-13",3,21,0.1453,0.16,"FAIL",79,0.2023,0.16,"PASS",47,0.1823,0.16,"PASS",9,0.2023,0.16,"PASS",51,0.191,0.16,"PASS",79,0.1673,0.16,"PASS",16,0.1448,0.16,"FAIL",14,0.2301,0.16,"PASS",21,0.1486,0.16,"FAIL",9,0.1542,0.16,"FAIL"
292,"PED108","2007-07-13","2010-07-13",3,29,0.1991,0.16,"PASS",31,0.1756,0.16,"PASS",96,0.1365,0.16,"FAIL",NA,NA,NA,"FAIL BOXCOX",15,0.1995,0.16,"PASS",5,0.1553,0.16,"FAIL",13,0.1488,0.16,"FAIL",17,0.1959,0.16,"PASS",18,0.1686,0.16,"PASS",18,0.1781,0.16,"PASS"
293,"PED108","2004-07-13","2007-07-13",3,53,0.1533,0.1595,"FAIL",54,0.1675,0.1595,"PASS",20,0.1866,0.1595,"PASS",NA,NA,NA,"FAIL BOXCOX",20,0.1775,0.1595,"PASS",70,0.1618,0.1595,"PASS",97,0.1597,0.1595,"PASS",17,0.1622,0.1595,"PASS",23,0.1465,0.1595,"FAIL",54,0.1892,0.1595,"PASS"
294,"PET427","2019-01-22","2022-01-22",3,20,0.1578,0.1595,"FAIL",6,0.2322,0.1595,"PASS",52,0.2052,0.1595,"PASS",43,0.2223,0.1595,"PASS",46,0.1949,0.1595,"PASS",6,0.3089,0.1595,"PASS",11,0.2414,0.1595,"PASS",59,0.1515,0.1595,"FAIL",11,0.2382,0.1595,"PASS",81,0.1823,0.1595,"PASS"
295,"PET427","2011-09-24","2014-09-24",3,39,0.2395,0.1579,"PASS",54,0.2237,0.1579,"PASS",8,0.295,0.1579,"PASS",43,0.1647,0.1579,"PASS",4,0.259,0.1579,"PASS",54,0.2219,0.1579,"PASS",4,0.1995,0.1579,"PASS",98,0.1484,0.1579,"FAIL",8,0.1814,0.1579,"PASS",18,0.1212,0.1579,"FAIL"
296,"PET427","2008-09-24","2011-09-24",3,45,0.1915,0.1585,"PASS",7,0.1672,0.1585,"PASS",4,0.206,0.1585,"PASS",4,0.2273,0.1585,"PASS",66,0.179,0.1585,"PASS",68,0.1315,0.1585,"FAIL",11,0.192,0.1585,"PASS",4,0.1794,0.1585,"PASS",6,0.2075,0.1585,"PASS",53,0.1911,0.1585,"PASS"
297,"PET427","2005-09-24","2008-09-24",3,68,0.1471,0.1633,"FAIL",5,0.178,0.1633,"PASS",7,0.2274,0.1622,"PASS",37,0.2388,0.1633,"PASS",47,0.2027,0.1633,"PASS",5,0.147,0.1633,"FAIL",30,0.1702,0.1633,"PASS",37,0.2224,0.1633,"PASS",68,0.1817,0.1633,"PASS",29,0.2057,0.1633,"PASS"
298,"PET427","2002-09-24","2005-09-24",3,24,0.1918,0.1585,"PASS",21,0.1614,0.1585,"PASS",54,0.1872,0.1585,"PASS",5,0.2864,0.1585,"PASS",59,0.2143,0.1585,"PASS",27,0.1645,0.1585,"PASS",21,0.1514,0.1585,"FAIL",39,0.1223,0.1585,"FAIL",82,0.1445,0.1585,"FAIL",16,0.1613,0.1585,"PASS"
299,"PIN414","2014-12-30","2017-12-30",3,15,0.1625,0.1574,"PASS",26,0.2134,0.1574,"PASS",54,0.2289,0.1574,"PASS",48,0.1677,0.1574,"PASS",45,0.2236,0.1574,"PASS",93,0.1763,0.1574,"PASS",33,0.1382,0.1574,"FAIL",7,0.1996,0.1574,"PASS",26,0.1944,0.1574,"PASS",26,0.1935,0.1574,"PASS"
300,"PIN414","2010-02-02","2013-02-02",3,33,0.1982,0.1574,"PASS",6,0.1717,0.1574,"PASS",51,0.1536,0.1574,"FAIL",20,0.2249,0.1574,"PASS",39,0.2019,0.1574,"PASS",42,0.1777,0.1574,"PASS",5,0.148,0.1574,"FAIL",55,0.1569,0.1574,"FAIL",6,0.1699,0.1574,"PASS",53,0.1563,0.1574,"FAIL"
301,"PIN414","2006-02-07","2009-02-07",3,4,0.2207,0.1585,"PASS",23,0.2701,0.1585,"PASS",45,0.1613,0.1585,"PASS",38,0.2702,0.1585,"PASS",19,0.1604,0.1585,"PASS",15,0.1286,0.1585,"FAIL",59,0.1754,0.1585,"PASS",38,0.2125,0.1585,"PASS",5,0.1947,0.1585,"PASS",5,0.1804,0.1585,"PASS"
302,"PIN414","2000-01-04","2003-01-04",3,54,0.2299,0.1579,"PASS",15,0.2016,0.1579,"PASS",33,0.2347,0.1579,"PASS",67,0.1391,0.1579,"FAIL",35,0.2157,0.1579,"PASS",45,0.1794,0.1579,"PASS",46,0.1675,0.1579,"PASS",9,0.1614,0.1579,"PASS",75,0.1978,0.1579,"PASS",32,0.203,0.1579,"PASS"
303,"PND165","2018-07-24","2021-07-24",3,48,0.1523,0.16,"FAIL",19,0.1884,0.16,"PASS",46,0.2009,0.16,"PASS",4,0.1471,0.16,"FAIL",4,0.2315,0.16,"PASS",9,0.2157,0.16,"PASS",47,0.1201,0.16,"FAIL",4,0.1661,0.16,"PASS",NA,NA,NA,"FAIL BOXCOX",4,0.2506,0.16,"PASS"
304,"PND165","2015-07-24","2018-07-24",3,72,0.1372,0.1579,"FAIL",20,0.1848,0.1579,"PASS",37,0.2303,0.1579,"PASS",53,0.1436,0.1579,"FAIL",47,0.1414,0.1579,"FAIL",23,0.1485,0.1579,"FAIL",47,0.1568,0.1579,"FAIL",56,0.1817,0.1579,"PASS",67,0.1203,0.1579,"FAIL",101,0.1397,0.1579,"FAIL"
305,"PND165","2012-07-24","2015-07-24",3,26,0.2081,0.1595,"PASS",30,0.2781,0.1595,"PASS",66,0.2134,0.1595,"PASS",61,0.1981,0.1595,"PASS",98,0.1495,0.1595,"FAIL",56,0.2437,0.1595,"PASS",NA,NA,NA,"FAIL BOXCOX",35,0.1399,0.1595,"FAIL",NA,NA,NA,"FAIL BOXCOX",24,0.2325,0.1595,"PASS"
306,"PND165","2005-04-12","2008-04-12",3,45,0.1991,0.1595,"PASS",45,0.163,0.1595,"PASS",45,0.1862,0.1595,"PASS",45,0.158,0.1595,"FAIL",45,0.1546,0.1595,"FAIL",45,0.1524,0.1595,"FAIL",40,0.1935,0.1595,"PASS",30,0.1948,0.1595,"PASS",NA,NA,NA,"FAIL BOXCOX",17,0.2234,0.1595,"PASS"
307,"PND165","2000-07-18","2003-07-18",3,60,0.2053,0.1606,"PASS",57,0.1881,0.1606,"PASS",17,0.2034,0.1606,"PASS",27,0.1353,0.1606,"FAIL",17,0.1876,0.1606,"PASS",81,0.1935,0.1606,"PASS",59,0.1958,0.1606,"PASS",63,0.2864,0.1606,"PASS",NA,NA,NA,"FAIL BOXCOX",13,0.1886,0.1606,"PASS"
308,"PNF126","2019-04-30","2022-04-30",3,NA,NA,NA,"FAIL BOXCOX",63,0.1531,0.1585,"FAIL",15,0.2203,0.1585,"PASS",38,0.1441,0.1585,"FAIL",15,0.1577,0.1585,"FAIL",13,0.2046,0.1585,"PASS",10,0.2058,0.1585,"PASS",41,0.1709,0.1585,"PASS",5,0.1562,0.1585,"FAIL",101,0.1351,0.1585,"FAIL"
309,"PNF126","2015-01-04","2018-01-04",3,59,0.1902,0.159,"PASS",79,0.1489,0.159,"FAIL",18,0.2168,0.159,"PASS",102,0.2306,0.159,"PASS",51,0.2045,0.159,"PASS",24,0.1948,0.159,"PASS",11,0.2263,0.159,"PASS",50,0.1754,0.159,"PASS",89,0.2048,0.159,"PASS",89,0.1762,0.159,"PASS"
310,"PNF126","2012-01-04","2015-01-04",3,20,0.196,0.1606,"PASS",24,0.1891,0.1606,"PASS",25,0.1794,0.1606,"PASS",29,0.1968,0.1606,"PASS",31,0.1737,0.1606,"PASS",5,0.1824,0.1606,"PASS",29,0.1961,0.1606,"PASS",24,0.2387,0.1606,"PASS",18,0.2407,0.1606,"PASS",33,0.2834,0.1606,"PASS"
311,"PNF126","2009-01-04","2012-01-04",3,9,0.2905,0.16,"PASS",29,0.1905,0.16,"PASS",10,0.1672,0.16,"PASS",21,0.1321,0.16,"FAIL",32,0.1832,0.16,"PASS",87,0.1264,0.16,"FAIL",33,0.1703,0.16,"PASS",55,0.2045,0.16,"PASS",33,0.1942,0.16,"PASS",17,0.2148,0.16,"PASS"
312,"PNF126","2006-01-04","2009-01-04",3,13,0.1967,0.1585,"PASS",41,0.1514,0.1585,"FAIL",38,0.1889,0.1585,"PASS",NA,NA,NA,"FAIL BOXCOX",42,0.1599,0.1585,"PASS",4,0.1305,0.1585,"FAIL",13,0.2145,0.1585,"PASS",78,0.129,0.1585,"FAIL",44,0.2109,0.1585,"PASS",6,0.196,0.1585,"PASS"
313,"PNF126","2003-01-04","2006-01-04",3,80,0.1559,0.1569,"FAIL",24,0.1873,0.1569,"PASS",43,0.1628,0.1569,"PASS",NA,NA,NA,"FAIL BOXCOX",4,0.1487,0.1569,"FAIL",4,0.1995,0.1569,"PASS",104,0.2013,0.1569,"PASS",111,0.182,0.1569,"PASS",29,0.1407,0.1569,"FAIL",22,0.1791,0.1569,"PASS"
314,"PNF126","2000-01-04","2003-01-04",3,7,0.206,0.1622,"PASS",11,0.2847,0.1622,"PASS",26,0.2556,0.1622,"PASS",NA,NA,NA,"FAIL BOXCOX",15,0.2157,0.1622,"PASS",11,0.2029,0.1622,"PASS",37,0.2026,0.1622,"PASS",11,0.2729,0.1622,"PASS",26,0.1645,0.1622,"PASS",56,0.194,0.1633,"PASS"
315,"PRK134","2018-12-04","2021-12-04",3,9,0.2421,0.1569,"PASS",9,0.2039,0.1569,"PASS",28,0.2519,0.1569,"PASS",12,0.1801,0.1569,"PASS",15,0.2072,0.1569,"PASS",49,0.2013,0.1569,"PASS",37,0.1943,0.1569,"PASS",28,0.2777,0.1569,"PASS",52,0.1733,0.1569,"PASS",20,0.1706,0.1569,"PASS"
316,"PRK134","2015-12-04","2018-12-04",3,50,0.2055,0.1569,"PASS",14,0.1696,0.1569,"PASS",39,0.1391,0.1569,"FAIL",6,0.2014,0.1569,"PASS",6,0.2352,0.1569,"PASS",6,0.2604,0.1569,"PASS",5,0.1751,0.1569,"PASS",26,0.2162,0.1569,"PASS",5,0.1858,0.1569,"PASS",47,0.1408,0.1569,"FAIL"
317,"PRK134","2012-12-04","2015-12-04",3,45,0.198,0.1585,"PASS",27,0.1384,0.1585,"FAIL",45,0.2347,0.1585,"PASS",19,0.1787,0.1585,"PASS",10,0.1687,0.1585,"PASS",5,0.1593,0.1585,"PASS",74,0.2057,0.1585,"PASS",NA,NA,NA,"FAIL BOXCOX",74,0.165,0.1585,"PASS",7,0.1712,0.1585,"PASS"
318,"PRK134","2007-10-09","2010-10-09",3,42,0.1962,0.1585,"PASS",11,0.2255,0.1585,"PASS",21,0.2239,0.1585,"PASS",96,0.1466,0.1585,"FAIL",98,0.1451,0.1585,"FAIL",19,0.1708,0.1585,"PASS",13,0.1513,0.1585,"FAIL",6,0.1748,0.1585,"PASS",17,0.2377,0.1585,"PASS",4,0.216,0.1585,"PASS"
319,"PRK134","2003-01-04","2006-01-04",3,16,0.3132,0.159,"PASS",68,0.1811,0.159,"PASS",30,0.1997,0.159,"PASS",25,0.1724,0.159,"PASS",16,0.2023,0.159,"PASS",8,0.1737,0.159,"PASS",27,0.1733,0.159,"PASS",16,0.2284,0.159,"PASS",73,0.1859,0.159,"PASS",16,0.3168,0.159,"PASS"
320,"PRK134","2000-01-04","2003-01-04",3,33,0.1771,0.16,"PASS",29,0.1639,0.159,"PASS",31,0.1746,0.16,"PASS",42,0.1386,0.159,"FAIL",27,0.1959,0.16,"PASS",27,0.2411,0.159,"PASS",21,0.1449,0.159,"FAIL",7,0.1516,0.159,"FAIL",42,0.1581,0.159,"FAIL",22,0.2417,0.159,"PASS"
321,"PSU106","2018-01-04","2021-01-04",3,46,0.1953,0.1606,"PASS",NA,NA,NA,"FAIL BOXCOX",13,0.1822,0.1606,"PASS",75,0.1735,0.1606,"PASS",9,0.2133,0.1606,"PASS",51,0.1919,0.1606,"PASS",97,0.1378,0.1606,"FAIL",46,0.1946,0.1617,"PASS",16,0.136,0.1606,"FAIL",33,0.1672,0.1606,"PASS"
322,"PSU106","2015-01-04","2018-01-04",3,43,0.1949,0.159,"PASS",12,0.2842,0.159,"PASS",27,0.1971,0.159,"PASS",7,0.1457,0.159,"FAIL",35,0.1266,0.159,"FAIL",12,0.2051,0.159,"PASS",15,0.1511,0.159,"FAIL",50,0.1748,0.159,"PASS",15,0.1845,0.159,"PASS",18,0.1938,0.159,"PASS"
323,"PSU106","2012-01-04","2015-01-04",3,6,0.1608,0.1574,"PASS",71,0.2194,0.1574,"PASS",51,0.2049,0.1574,"PASS",48,0.2213,0.1574,"PASS",27,0.2685,0.1574,"PASS",5,0.1482,0.1574,"FAIL",40,0.279,0.1574,"PASS",27,0.24,0.1574,"PASS",40,0.2199,0.1574,"PASS",31,0.1835,0.1574,"PASS"
324,"PSU106","2009-01-04","2012-01-04",3,56,0.1337,0.1611,"FAIL",25,0.3369,0.1611,"PASS",50,0.2025,0.1611,"PASS",31,0.2541,0.1611,"PASS",25,0.2721,0.1611,"PASS",25,0.386,0.1611,"PASS",31,0.1779,0.1611,"PASS",26,0.2666,0.1611,"PASS",31,0.1563,0.1611,"FAIL",48,0.1939,0.1611,"PASS"
325,"PSU106","2006-01-04","2009-01-04",3,11,0.149,0.1595,"FAIL",32,0.1767,0.1595,"PASS",46,0.2006,0.1595,"PASS",73,0.1141,0.1595,"FAIL",21,0.1358,0.1595,"FAIL",16,0.1742,0.1595,"PASS",17,0.2053,0.1595,"PASS",26,0.2244,0.1595,"PASS",20,0.2134,0.1595,"PASS",46,0.1378,0.1595,"FAIL"
326,"PSU106","2003-01-04","2006-01-04",3,47,0.2175,0.1579,"PASS",18,0.2326,0.1579,"PASS",21,0.2016,0.1579,"PASS",17,0.2034,0.1579,"PASS",34,0.2266,0.1579,"PASS",48,0.1721,0.1579,"PASS",7,0.1637,0.1579,"PASS",NA,NA,NA,"FAIL BOXCOX",NA,NA,NA,"FAIL BOXCOX",67,0.1486,0.1579,"FAIL"
327,"PSU106","2000-01-04","2003-01-04",3,36,0.1132,0.1569,"FAIL",35,0.1493,0.1569,"FAIL",11,0.1386,0.1569,"FAIL",9,0.1681,0.1569,"PASS",11,0.1689,0.1569,"PASS",20,0.1988,0.1569,"PASS",33,0.1213,0.1569,"FAIL",20,0.1393,0.1569,"FAIL",108,0.1278,0.1569,"FAIL",8,0.2013,0.1569,"PASS"
328,"QAK172","2015-07-10","2018-07-10",3,8,0.1914,0.1569,"PASS",34,0.2021,0.1569,"PASS",8,0.169,0.1569,"PASS",51,0.1874,0.1569,"PASS",10,0.1779,0.1569,"PASS",51,0.1809,0.1569,"PASS",56,0.2373,0.1569,"PASS",5,0.1691,0.1569,"PASS",56,0.2365,0.1569,"PASS",4,0.1638,0.1569,"PASS"
329,"QAK172","2012-07-10","2015-07-10",3,23,0.1637,0.1585,"PASS",24,0.1899,0.1585,"PASS",23,0.1664,0.1585,"PASS",11,0.1783,0.1585,"PASS",5,0.1414,0.1585,"FAIL",58,0.2354,0.1585,"PASS",11,0.192,0.1585,"PASS",57,0.1538,0.1585,"FAIL",43,0.183,0.1585,"PASS",6,0.2023,0.1585,"PASS"
330,"QAK172","2009-01-04","2012-01-04",3,45,0.2026,0.159,"PASS",25,0.1674,0.159,"PASS",55,0.162,0.159,"PASS",91,0.1876,0.159,"PASS",52,0.1678,0.159,"PASS",85,0.2174,0.159,"PASS",5,0.1404,0.159,"FAIL",19,0.1742,0.159,"PASS",29,0.15,0.159,"FAIL",42,0.2057,0.159,"PASS"
331,"QAK172","2006-01-04","2009-01-04",3,15,0.2254,0.1574,"PASS",75,0.1534,0.1574,"FAIL",47,0.2208,0.1574,"PASS",27,0.169,0.1574,"PASS",56,0.2766,0.1574,"PASS",75,0.166,0.1574,"PASS",13,0.1377,0.1574,"FAIL",52,0.2031,0.1574,"PASS",59,0.1584,0.1574,"PASS",19,0.166,0.1574,"PASS"
332,"QAK172","2003-01-04","2006-01-04",3,65,0.1699,0.159,"PASS",7,0.1911,0.159,"PASS",21,0.222,0.159,"PASS",15,0.1713,0.159,"PASS",44,0.1964,0.159,"PASS",14,0.1771,0.159,"PASS",7,0.2184,0.159,"PASS",60,0.2116,0.159,"PASS",42,0.1851,0.159,"PASS",40,0.2108,0.159,"PASS"
333,"QAK172","2000-01-04","2003-01-04",3,48,0.2619,0.1579,"PASS",NA,NA,NA,"FAIL BOXCOX",66,0.1684,0.1579,"PASS",43,0.2336,0.1579,"PASS",14,0.1608,0.1579,"PASS",17,0.166,0.159,"PASS",75,0.1639,0.159,"PASS",30,0.266,0.159,"PASS",NA,NA,NA,"FAIL BOXCOX",25,0.2823,0.159,"PASS"
334,"RED004","2022-02-08","2025-02-08",3,36,0.1699,0.1617,"PASS",43,0.1655,0.1617,"PASS",47,0.1667,0.1617,"PASS",18,0.2295,0.1617,"PASS",43,0.2146,0.1617,"PASS",12,0.2473,0.1617,"PASS",34,0.2146,0.1617,"PASS",43,0.2526,0.1617,"PASS",34,0.2345,0.1617,"PASS",56,0.1436,0.1617,"FAIL"
335,"RED004","2017-09-23","2020-09-23",3,11,0.2022,0.1579,"PASS",28,0.1984,0.1579,"PASS",82,0.1312,0.1579,"FAIL",NA,NA,NA,"FAIL BOXCOX",62,0.1935,0.1579,"PASS",NA,NA,NA,"FAIL BOXCOX",32,0.182,0.1579,"PASS",47,0.1757,0.1579,"PASS",32,0.1666,0.1579,"PASS",5,0.1478,0.1579,"FAIL"
336,"RED004","2014-09-23","2017-09-23",3,13,0.242,0.1585,"PASS",9,0.1829,0.1585,"PASS",6,0.1842,0.1585,"PASS",41,0.1706,0.1585,"PASS",41,0.1598,0.1585,"PASS",11,0.1557,0.1585,"FAIL",5,0.1792,0.1585,"PASS",32,0.213,0.1585,"PASS",82,0.1766,0.1585,"PASS",16,0.1579,0.1585,"FAIL"
337,"ROM206","2018-12-26","2021-12-26",3,40,0.1788,0.1574,"PASS",9,0.2159,0.1574,"PASS",42,0.1883,0.1574,"PASS",9,0.3098,0.1574,"PASS",9,0.2349,0.1574,"PASS",9,0.299,0.1574,"PASS",33,0.2537,0.1574,"PASS",49,0.1689,0.1574,"PASS",33,0.2764,0.1574,"PASS",73,0.1666,0.1574,"PASS"
338,"ROM206","2015-12-26","2018-12-26",3,19,0.2397,0.1569,"PASS",4,0.2043,0.1569,"PASS",29,0.2127,0.1569,"PASS",16,0.2849,0.1569,"PASS",50,0.199,0.1569,"PASS",23,0.1615,0.1569,"PASS",4,0.1947,0.1569,"PASS",50,0.1897,0.1579,"PASS",60,0.2249,0.1569,"PASS",4,0.2602,0.1569,"PASS"
339,"ROM206","2012-12-26","2015-12-26",3,90,0.2124,0.1585,"PASS",88,0.1659,0.1585,"PASS",55,0.1271,0.1585,"FAIL",88,0.1671,0.1585,"PASS",88,0.1642,0.1585,"PASS",94,0.1915,0.1585,"PASS",8,0.1496,0.1585,"FAIL",8,0.2124,0.1585,"PASS",24,0.1468,0.1585,"FAIL",42,0.1806,0.1585,"PASS"
340,"ROM206","2009-12-26","2012-12-26",3,14,0.2349,0.16,"PASS",11,0.2597,0.16,"PASS",10,0.1803,0.16,"PASS",35,0.2571,0.16,"PASS",11,0.2299,0.16,"PASS",5,0.1596,0.16,"FAIL",7,0.2169,0.16,"PASS",4,0.22,0.16,"PASS",7,0.2291,0.16,"PASS",11,0.1929,0.16,"PASS"
341,"ROM206","2006-12-26","2009-12-26",3,33,0.2023,0.1585,"PASS",37,0.195,0.1585,"PASS",17,0.2501,0.1585,"PASS",53,0.2595,0.1585,"PASS",31,0.2387,0.1585,"PASS",45,0.2395,0.1585,"PASS",27,0.1528,0.1585,"FAIL",9,0.1876,0.1585,"PASS",NA,NA,NA,"FAIL BOXCOX",28,0.1914,0.1585,"PASS"
342,"ROM206","2002-01-01","2005-01-01",3,9,0.1661,0.1574,"PASS",15,0.1906,0.1574,"PASS",83,0.1937,0.1574,"PASS",49,0.1559,0.1574,"FAIL",49,0.1468,0.1574,"FAIL",49,0.1619,0.1574,"PASS",19,0.2025,0.1574,"PASS",47,0.1533,0.1574,"FAIL",NA,NA,NA,"FAIL BOXCOX",66,0.1825,0.1574,"PASS"
343,"ROM406","2012-01-04","2015-01-04",3,6,0.1913,0.1606,"PASS",58,0.1692,0.1606,"PASS",6,0.2141,0.1606,"PASS",8,0.2449,0.1606,"PASS",8,0.1976,0.1606,"PASS",49,0.1376,0.1606,"FAIL",83,0.161,0.1606,"PASS",6,0.1854,0.1606,"PASS",NA,NA,NA,"FAIL BOXCOX",70,0.1343,0.1606,"FAIL"
344,"ROM406","2009-01-04","2012-01-04",3,56,0.2117,0.1579,"PASS",11,0.3519,0.1579,"PASS",17,0.2071,0.1579,"PASS",17,0.2101,0.1579,"PASS",11,0.2359,0.1579,"PASS",11,0.3053,0.1579,"PASS",28,0.1677,0.1579,"PASS",28,0.2425,0.1579,"PASS",NA,NA,NA,"FAIL BOXCOX",28,0.167,0.1579,"PASS"
345,"ROM406","2006-01-04","2009-01-04",3,43,0.2727,0.1585,"PASS",45,0.1908,0.1585,"PASS",19,0.2889,0.1585,"PASS",43,0.2195,0.1585,"PASS",31,0.2178,0.1585,"PASS",29,0.1642,0.1585,"PASS",18,0.1311,0.1585,"FAIL",9,0.1364,0.1585,"FAIL",18,0.1715,0.1585,"PASS",28,0.2131,0.1585,"PASS"
346,"ROM406","2003-01-04","2006-01-04",3,30,0.1913,0.159,"PASS",20,0.211,0.1579,"PASS",38,0.1477,0.1579,"FAIL",8,0.1797,0.1579,"PASS",38,0.1659,0.1579,"PASS",11,0.2177,0.1579,"PASS",10,0.216,0.1579,"PASS",10,0.2848,0.1579,"PASS",NA,NA,NA,"FAIL BOXCOX",30,0.1354,0.1579,"FAIL"
347,"ROM406","2000-01-04","2003-01-04",3,32,0.2304,0.1579,"PASS",64,0.1724,0.1569,"PASS",49,0.2359,0.1579,"PASS",64,0.1474,0.1569,"FAIL",17,0.2714,0.1579,"PASS",44,0.1583,0.1569,"PASS",60,0.1909,0.1569,"PASS",62,0.1489,0.1569,"FAIL",NA,NA,NA,"FAIL BOXCOX",8,0.1533,0.1569,"FAIL"
348,"SAL133","2021-06-12","2024-06-12",3,5,0.1792,0.1569,"PASS",68,0.138,0.1569,"FAIL",7,0.1452,0.1569,"FAIL",56,0.2395,0.1569,"PASS",12,0.1853,0.1569,"PASS",68,0.1688,0.1569,"PASS",27,0.2278,0.1569,"PASS",31,0.1731,0.1569,"PASS",47,0.1343,0.1569,"FAIL",15,0.2043,0.1569,"PASS"
349,"SAL133","2018-06-12","2021-06-12",3,53,0.1599,0.1585,"PASS",9,0.2408,0.1585,"PASS",48,0.1803,0.1585,"PASS",NA,NA,NA,"FAIL BOXCOX",9,0.165,0.1585,"PASS",26,0.2896,0.1585,"PASS",71,0.158,0.1585,"FAIL",52,0.2392,0.1585,"PASS",84,0.1427,0.1585,"FAIL",6,0.1421,0.1585,"FAIL"
350,"SAL133","2012-05-12","2015-05-12",3,16,0.1599,0.1569,"PASS",42,0.141,0.1569,"FAIL",33,0.1715,0.1569,"PASS",NA,NA,NA,"FAIL BOXCOX",54,0.1921,0.1569,"PASS",28,0.1337,0.1569,"FAIL",32,0.2296,0.1569,"PASS",12,0.1707,0.1569,"PASS",32,0.2389,0.1569,"PASS",49,0.1613,0.1569,"PASS"
351,"SAL133","2009-05-12","2012-05-12",3,7,0.1811,0.1595,"PASS",30,0.1639,0.1595,"PASS",26,0.1695,0.1595,"PASS",5,0.2087,0.1595,"PASS",30,0.1651,0.1595,"PASS",62,0.1308,0.1595,"FAIL",31,0.1923,0.1595,"PASS",52,0.2061,0.1595,"PASS",22,0.1918,0.1595,"PASS",87,0.1805,0.1595,"PASS"
352,"SAL133","2000-01-04","2003-01-04",3,14,0.1694,0.1569,"PASS",51,0.132,0.1569,"FAIL",18,0.1677,0.1569,"PASS",8,0.1695,0.1569,"PASS",21,0.1462,0.1569,"FAIL",51,0.1678,0.1569,"PASS",57,0.1977,0.1569,"PASS",9,0.1815,0.1569,"PASS",19,0.1446,0.1569,"FAIL",4,0.225,0.1569,"PASS"
353,"SAN189","2018-03-13","2021-03-13",3,33,0.1696,0.1574,"PASS",83,0.1471,0.1574,"FAIL",71,0.1513,0.1574,"FAIL",64,0.2394,0.1574,"PASS",54,0.1544,0.1574,"FAIL",14,0.2139,0.1574,"PASS",52,0.2788,0.1574,"PASS",28,0.1667,0.1574,"PASS",52,0.2429,0.1574,"PASS",52,0.2087,0.1574,"PASS"
354,"SAN189","2014-02-11","2017-02-11",3,4,0.1544,0.1585,"FAIL",29,0.1826,0.1585,"PASS",59,0.1921,0.1585,"PASS",8,0.1901,0.1585,"PASS",37,0.157,0.1585,"FAIL",11,0.2502,0.1585,"PASS",8,0.1716,0.1585,"PASS",15,0.2157,0.1585,"PASS",4,0.1667,0.1585,"PASS",7,0.2131,0.1585,"PASS"
355,"SAN189","2010-03-06","2013-03-06",3,16,0.3048,0.1579,"PASS",32,0.1658,0.1569,"PASS",5,0.1772,0.1569,"PASS",6,0.2767,0.1569,"PASS",82,0.2183,0.1569,"PASS",73,0.2003,0.1569,"PASS",60,0.1484,0.1569,"FAIL",54,0.1804,0.1569,"PASS",58,0.2096,0.1569,"PASS",NA,NA,NA,"FAIL BOXCOX"
356,"SAN189","2007-03-06","2010-03-06",3,42,0.1219,0.1606,"FAIL",5,0.2676,0.1606,"PASS",21,0.1534,0.1606,"FAIL",105,0.1678,0.1606,"PASS",14,0.2239,0.1606,"PASS",5,0.2091,0.1606,"PASS",10,0.1972,0.1606,"PASS",46,0.2337,0.1606,"PASS",40,0.161,0.1606,"PASS",24,0.1307,0.1606,"FAIL"
357,"SEK430","2014-08-26","2017-08-26",3,6,0.2077,0.159,"PASS",110,0.1447,0.159,"FAIL",NA,NA,NA,"FAIL BOXCOX",12,0.1784,0.159,"PASS",108,0.1094,0.159,"FAIL",9,0.1357,0.159,"FAIL",50,0.218,0.159,"PASS",38,0.1485,0.159,"FAIL",50,0.2482,0.159,"PASS",10,0.1315,0.159,"FAIL"
358,"SEK430","2011-08-26","2014-08-26",3,NA,NA,NA,"FAIL BOXCOX",14,0.2126,0.1579,"PASS",53,0.2473,0.1579,"PASS",42,0.163,0.1579,"PASS",98,0.1795,0.1579,"PASS",42,0.1807,0.1579,"PASS",14,0.1741,0.1579,"PASS",57,0.1588,0.1579,"PASS",11,0.199,0.1579,"PASS",11,0.2018,0.1579,"PASS"
359,"SEK430","2008-08-26","2011-08-26",3,NA,NA,NA,"FAIL BOXCOX",61,0.1927,0.1574,"PASS",15,0.18,0.1574,"PASS",56,0.2302,0.1574,"PASS",56,0.1738,0.1574,"PASS",56,0.2382,0.1574,"PASS",NA,NA,NA,"FAIL BOXCOX",6,0.2053,0.1574,"PASS",4,0.1788,0.1574,"PASS",70,0.1835,0.1574,"PASS"
360,"SEK430","2005-04-05","2008-04-05",3,11,0.2601,0.1628,"PASS",27,0.2277,0.1617,"PASS",45,0.2273,0.1628,"PASS",57,0.2481,0.1617,"PASS",16,0.1932,0.1628,"PASS",52,0.2826,0.1617,"PASS",33,0.1841,0.1617,"PASS",27,0.1696,0.1617,"PASS",6,0.1755,0.1617,"PASS",53,0.1745,0.1617,"PASS"
361,"SHE604","2019-01-22","2022-01-22",3,26,0.1544,0.1595,"FAIL",4,0.2163,0.1595,"PASS",90,0.1689,0.1595,"PASS",16,0.2011,0.1595,"PASS",38,0.224,0.1595,"PASS",38,0.2253,0.1595,"PASS",4,0.1983,0.1595,"PASS",28,0.228,0.1595,"PASS",4,0.1902,0.1595,"PASS",9,0.1825,0.1595,"PASS"
362,"SHE604","2015-05-12","2018-05-12",3,5,0.1224,0.1595,"FAIL",61,0.1909,0.1595,"PASS",122,0.1219,0.1595,"FAIL",8,0.2001,0.1595,"PASS",51,0.274,0.1595,"PASS",34,0.1693,0.1595,"PASS",49,0.1397,0.1595,"FAIL",8,0.3242,0.1595,"PASS",49,0.1913,0.1595,"PASS",20,0.1273,0.1595,"FAIL"
363,"SHN418","2017-12-02","2020-12-02",3,15,0.1849,0.16,"PASS",39,0.1545,0.16,"FAIL",21,0.187,0.16,"PASS",74,0.1793,0.16,"PASS",29,0.1783,0.16,"PASS",39,0.1709,0.16,"PASS",19,0.1872,0.16,"PASS",54,0.1629,0.16,"PASS",19,0.1579,0.16,"FAIL",36,0.147,0.16,"FAIL"
364,"SHN418","2014-12-02","2017-12-02",3,48,0.1402,0.159,"FAIL",9,0.2035,0.159,"PASS",26,0.1653,0.159,"PASS",74,0.1723,0.159,"PASS",44,0.2326,0.159,"PASS",6,0.193,0.159,"PASS",13,0.1635,0.159,"PASS",54,0.189,0.1606,"PASS",54,0.1973,0.159,"PASS",65,0.1418,0.159,"FAIL"
365,"SHN418","2008-06-07","2011-06-07",3,9,0.1859,0.16,"PASS",16,0.3088,0.16,"PASS",4,0.1885,0.16,"PASS",11,0.2771,0.16,"PASS",20,0.1713,0.16,"PASS",16,0.3238,0.16,"PASS",5,0.2172,0.16,"PASS",40,0.2365,0.16,"PASS",50,0.1953,0.16,"PASS",8,0.2245,0.16,"PASS"
366,"SHN418","2005-06-07","2008-06-07",3,66,0.1775,0.1633,"PASS",4,0.1232,0.1633,"FAIL",5,0.2534,0.1633,"PASS",28,0.1482,0.1633,"FAIL",5,0.159,0.1633,"FAIL",4,0.1703,0.1633,"PASS",34,0.1914,0.1633,"PASS",8,0.2081,0.1645,"PASS",48,0.2002,0.1633,"PASS",48,0.1852,0.1633,"PASS"
367,"SHN418","2001-01-16","2004-01-16",3,9,0.1588,0.1622,"FAIL",4,0.182,0.1622,"PASS",26,0.2213,0.1622,"PASS",30,0.1927,0.1628,"PASS",67,0.1835,0.1628,"PASS",4,0.2069,0.1622,"PASS",20,0.2048,0.1622,"PASS",9,0.2135,0.1622,"PASS",15,0.1688,0.1622,"PASS",15,0.3422,0.1622,"PASS"
368,"SND152","2020-02-04","2023-02-04",3,85,0.1727,0.1569,"PASS",38,0.1995,0.1569,"PASS",48,0.1806,0.1569,"PASS",47,0.185,0.1569,"PASS",48,0.149,0.1569,"FAIL",92,0.1453,0.1569,"FAIL",10,0.1636,0.1569,"PASS",66,0.1334,0.1569,"FAIL",10,0.1535,0.1569,"FAIL",69,0.1586,0.1569,"PASS"
369,"SND152","2017-02-04","2020-02-04",3,8,0.1761,0.1579,"PASS",69,0.215,0.1579,"PASS",79,0.1612,0.1579,"PASS",23,0.1491,0.1579,"FAIL",11,0.1734,0.1579,"PASS",69,0.2121,0.1579,"PASS",10,0.1971,0.1579,"PASS",40,0.202,0.1579,"PASS",27,0.1784,0.1579,"PASS",39,0.1833,0.1579,"PASS"
370,"SND152","2014-02-04","2017-02-04",3,10,0.1684,0.1595,"PASS",27,0.2183,0.1595,"PASS",50,0.183,0.1595,"PASS",39,0.2354,0.1595,"PASS",68,0.1346,0.1595,"FAIL",27,0.1653,0.1595,"PASS",13,0.166,0.1595,"PASS",46,0.1787,0.1595,"PASS",11,0.2064,0.1595,"PASS",7,0.1582,0.1595,"FAIL"
371,"SND152","2007-07-06","2010-07-06",3,9,0.2426,0.1569,"PASS",29,0.174,0.1569,"PASS",20,0.2764,0.1569,"PASS",10,0.1373,0.1569,"FAIL",29,0.1754,0.1569,"PASS",21,0.187,0.1569,"PASS",15,0.1443,0.1569,"FAIL",15,0.1499,0.1569,"FAIL",33,0.2663,0.1569,"PASS",4,0.2522,0.1569,"PASS"
372,"SND152","2004-07-06","2007-07-06",3,81,0.1417,0.1595,"FAIL",34,0.185,0.1595,"PASS",60,0.232,0.1595,"PASS",NA,NA,NA,"FAIL BOXCOX",17,0.1726,0.1595,"PASS",34,0.1617,0.1595,"PASS",17,0.2421,0.1595,"PASS",10,0.177,0.1595,"PASS",34,0.1537,0.1595,"FAIL",6,0.1641,0.1595,"PASS"
373,"SPD111","2020-03-24","2023-03-24",3,41,0.1747,0.1585,"PASS",35,0.226,0.1585,"PASS",15,0.2355,0.1585,"PASS",21,0.1766,0.1585,"PASS",31,0.1898,0.1585,"PASS",16,0.2428,0.1585,"PASS",5,0.1331,0.1585,"FAIL",52,0.1838,0.1585,"PASS",35,0.1572,0.1585,"FAIL",27,0.1587,0.1585,"PASS"
374,"SPD111","2016-09-27","2019-09-27",3,38,0.1959,0.1574,"PASS",8,0.1807,0.1574,"PASS",4,0.2278,0.1574,"PASS",5,0.2038,0.1574,"PASS",21,0.1974,0.1574,"PASS",51,0.2319,0.1574,"PASS",19,0.2086,0.1574,"PASS",58,0.1863,0.1574,"PASS",17,0.2103,0.1574,"PASS",11,0.1912,0.1574,"PASS"
375,"SPD111","2012-01-03","2015-01-03",3,6,0.1755,0.1569,"PASS",24,0.1453,0.1569,"FAIL",21,0.1927,0.1569,"PASS",46,0.185,0.1569,"PASS",55,0.1811,0.1569,"PASS",31,0.2082,0.1569,"PASS",4,0.204,0.1569,"PASS",42,0.1779,0.1569,"PASS",24,0.1697,0.1569,"PASS",33,0.2558,0.1569,"PASS"
376,"SPD111","2009-01-03","2012-01-03",3,6,0.2245,0.1569,"PASS",4,0.2098,0.1569,"PASS",42,0.2538,0.1569,"PASS",53,0.1688,0.1569,"PASS",6,0.1538,0.1569,"FAIL",38,0.2413,0.1569,"PASS",48,0.1501,0.1569,"FAIL",7,0.3216,0.1579,"PASS",62,0.1369,0.1569,"FAIL",17,0.1446,0.1569,"FAIL"
377,"SPD111","2006-01-03","2009-01-03",3,22,0.2723,0.1585,"PASS",28,0.1662,0.1585,"PASS",22,0.2119,0.1585,"PASS",50,0.188,0.1585,"PASS",9,0.1483,0.1585,"FAIL",13,0.1449,0.1585,"FAIL",13,0.2429,0.1585,"PASS",26,0.1861,0.1585,"PASS",13,0.2142,0.1585,"PASS",19,0.2224,0.1585,"PASS"
378,"SPD111","2000-01-04","2003-01-04",3,42,0.1856,0.1569,"PASS",4,0.2458,0.1569,"PASS",28,0.1988,0.1569,"PASS",39,0.1596,0.1569,"PASS",24,0.1916,0.1569,"PASS",9,0.2233,0.1569,"PASS",24,0.117,0.1569,"FAIL",52,0.2024,0.1569,"PASS",24,0.1196,0.1569,"FAIL",56,0.1533,0.1569,"FAIL"
379,"STK138","2021-05-29","2024-05-29",3,5,0.1655,0.1579,"PASS",34,0.2421,0.1579,"PASS",55,0.2112,0.1579,"PASS",17,0.1827,0.1579,"PASS",17,0.1597,0.1579,"PASS",34,0.2528,0.1579,"PASS",56,0.1855,0.1579,"PASS",52,0.1597,0.1579,"PASS",15,0.1389,0.1579,"FAIL",26,0.1575,0.1579,"FAIL"
380,"STK138","2018-05-29","2021-05-29",3,6,0.1538,0.1585,"FAIL",6,0.1816,0.1585,"PASS",48,0.2128,0.1585,"PASS",6,0.2516,0.1585,"PASS",6,0.3365,0.1585,"PASS",104,0.1657,0.1585,"PASS",112,0.1481,0.1585,"FAIL",28,0.1934,0.1585,"PASS",112,0.1278,0.1585,"FAIL",28,0.213,0.1585,"PASS"
381,"STK138","2012-03-31","2015-03-31",3,45,0.2068,0.1579,"PASS",40,0.1913,0.1579,"PASS",56,0.1651,0.1579,"PASS",NA,NA,NA,"FAIL BOXCOX",7,0.1969,0.1579,"PASS",7,0.1786,0.1579,"PASS",15,0.2118,0.1579,"PASS",45,0.2628,0.1579,"PASS",64,0.2239,0.1579,"PASS",15,0.1841,0.1579,"PASS"
382,"STK138","2009-03-31","2012-03-31",3,61,0.1939,0.1595,"PASS",26,0.2125,0.1595,"PASS",9,0.2508,0.1595,"PASS",11,0.1466,0.1595,"FAIL",26,0.2376,0.1595,"PASS",14,0.1949,0.1595,"PASS",36,0.224,0.1595,"PASS",26,0.2078,0.1606,"PASS",36,0.1851,0.1595,"PASS",15,0.1153,0.1595,"FAIL"
383,"STK138","2002-09-24","2005-09-24",3,16,0.2295,0.1606,"PASS",11,0.2173,0.1595,"PASS",108,0.1851,0.1595,"PASS",11,0.3318,0.1595,"PASS",11,0.2227,0.1595,"PASS",11,0.3087,0.1595,"PASS",27,0.1667,0.1595,"PASS",94,0.1356,0.1595,"FAIL",30,0.1849,0.1595,"PASS",62,0.1338,0.1595,"FAIL"
384,"SUM156","2018-12-25","2021-12-25",3,45,0.1794,0.1595,"PASS",38,0.2397,0.1595,"PASS",41,0.2254,0.1595,"PASS",7,0.1968,0.1595,"PASS",13,0.1803,0.1595,"PASS",20,0.1859,0.1595,"PASS",63,0.1855,0.1595,"PASS",22,0.2109,0.1595,"PASS",22,0.2834,0.1595,"PASS",22,0.3138,0.1595,"PASS"
385,"SUM156","2010-07-06","2013-07-06",3,9,0.1488,0.1595,"FAIL",9,0.2621,0.1595,"PASS",35,0.2408,0.1595,"PASS",27,0.2196,0.1595,"PASS",47,0.1415,0.1595,"FAIL",59,0.212,0.1595,"PASS",12,0.1501,0.1595,"FAIL",44,0.1716,0.1595,"PASS",27,0.2237,0.1595,"PASS",27,0.2289,0.1595,"PASS"
386,"SUM156","2004-02-10","2007-02-10",3,32,0.2,0.16,"PASS",42,0.165,0.16,"PASS",74,0.1657,0.16,"PASS",NA,NA,NA,"FAIL BOXCOX",18,0.1957,0.16,"PASS",28,0.1607,0.16,"PASS",13,0.232,0.16,"PASS",31,0.1663,0.16,"PASS",55,0.2336,0.16,"PASS",50,0.1969,0.16,"PASS"
387,"THR422","2010-01-26","2013-01-26",3,11,0.1684,0.1617,"PASS",6,0.1387,0.1617,"FAIL",95,0.1447,0.1617,"FAIL",76,0.1927,0.1617,"PASS",11,0.187,0.1617,"PASS",36,0.1593,0.1617,"FAIL",28,0.1645,0.1617,"PASS",52,0.194,0.1617,"PASS",NA,NA,NA,"FAIL BOXCOX",15,0.2095,0.1617,"PASS"
388,"THR422","2001-07-03","2004-07-03",3,32,0.1906,0.1639,"PASS",17,0.2077,0.1639,"PASS",5,0.1793,0.1628,"PASS",64,0.1643,0.1639,"PASS",25,0.1202,0.1639,"FAIL",53,0.1547,0.1639,"FAIL",9,0.2016,0.1639,"PASS",24,0.2249,0.1639,"PASS",7,0.1951,0.1639,"PASS",29,0.2026,0.1639,"PASS"
389,"UMA009","2020-11-03","2023-11-03",3,39,0.1992,0.1585,"PASS",46,0.1835,0.1585,"PASS",25,0.239,0.1585,"PASS",13,0.1426,0.1585,"FAIL",46,0.2023,0.1585,"PASS",46,0.1989,0.1585,"PASS",46,0.1596,0.1585,"PASS",28,0.2314,0.1585,"PASS",6,0.2288,0.1585,"PASS",21,0.1656,0.1585,"PASS"
390,"UVL124","2018-09-25","2021-09-25",3,9,0.2044,0.1595,"PASS",9,0.3091,0.1595,"PASS",11,0.2609,0.1595,"PASS",9,0.2768,0.1595,"PASS",9,0.2508,0.1595,"PASS",9,0.2627,0.1595,"PASS",34,0.2226,0.1595,"PASS",9,0.2447,0.1595,"PASS",71,0.1708,0.1595,"PASS",57,0.1449,0.1595,"FAIL"
391,"UVL124","2013-03-27","2016-03-27",3,44,0.234,0.1585,"PASS",51,0.1453,0.1585,"FAIL",24,0.1823,0.1585,"PASS",4,0.152,0.1585,"FAIL",125,0.1283,0.1585,"FAIL",13,0.1534,0.1585,"FAIL",49,0.1831,0.1585,"PASS",NA,NA,NA,"FAIL BOXCOX",32,0.209,0.1585,"PASS",32,0.1555,0.1585,"FAIL"
392,"UVL124","2010-03-27","2013-03-27",3,8,0.2122,0.159,"PASS",59,0.1647,0.159,"PASS",81,0.1792,0.159,"PASS",NA,NA,NA,"FAIL BOXCOX",5,0.2308,0.159,"PASS",16,0.2181,0.159,"PASS",27,0.1957,0.159,"PASS",81,0.125,0.159,"FAIL",14,0.1813,0.159,"PASS",42,0.131,0.159,"FAIL"
393,"UVL124","2007-03-27","2010-03-27",3,38,0.1557,0.1585,"FAIL",8,0.1693,0.1585,"PASS",47,0.1924,0.1585,"PASS",52,0.217,0.1585,"PASS",15,0.1499,0.1585,"FAIL",11,0.1648,0.1585,"PASS",39,0.1891,0.1585,"PASS",17,0.2128,0.1585,"PASS",17,0.2302,0.1585,"PASS",34,0.1761,0.1585,"PASS"
394,"UVL124","2003-01-04","2006-01-04",3,52,0.1482,0.1579,"FAIL",11,0.2325,0.1579,"PASS",14,0.1891,0.1579,"PASS",7,0.1884,0.1579,"PASS",45,0.2372,0.1579,"PASS",11,0.2438,0.1579,"PASS",5,0.1645,0.1579,"PASS",7,0.1915,0.1579,"PASS",5,0.1583,0.1579,"PASS",35,0.2013,0.1579,"PASS"
395,"UVL124","2000-01-04","2003-01-04",3,11,0.1477,0.1579,"FAIL",12,0.1699,0.1579,"PASS",66,0.1924,0.1579,"PASS",5,0.1961,0.1579,"PASS",29,0.2266,0.1579,"PASS",12,0.1709,0.1579,"PASS",104,0.1756,0.1579,"PASS",29,0.168,0.1579,"PASS",104,0.1874,0.1579,"PASS",32,0.2071,0.1579,"PASS"
396,"VIN140","2019-01-27","2022-01-27",3,13,0.1972,0.1569,"PASS",56,0.1932,0.1569,"PASS",37,0.2098,0.1569,"PASS",46,0.1833,0.1569,"PASS",56,0.2508,0.1569,"PASS",56,0.2213,0.1569,"PASS",42,0.1538,0.1569,"FAIL",52,0.2374,0.1569,"PASS",42,0.1477,0.1569,"FAIL",52,0.2296,0.1569,"PASS"
397,"VIN140","2016-01-27","2019-01-27",3,98,0.1563,0.1595,"FAIL",9,0.1771,0.1595,"PASS",11,0.18,0.1595,"PASS",53,0.1957,0.1595,"PASS",47,0.1888,0.1595,"PASS",20,0.1979,0.1595,"PASS",28,0.2261,0.1595,"PASS",31,0.1409,0.1595,"FAIL",28,0.2244,0.1595,"PASS",22,0.2529,0.1595,"PASS"
398,"VIN140","2013-01-27","2016-01-27",3,7,0.1887,0.1569,"PASS",9,0.1662,0.1569,"PASS",23,0.1806,0.1569,"PASS",18,0.2287,0.1569,"PASS",25,0.1598,0.1569,"PASS",30,0.1376,0.1569,"FAIL",12,0.186,0.1569,"PASS",21,0.1967,0.1569,"PASS",12,0.2376,0.1569,"PASS",33,0.1971,0.1569,"PASS"
399,"VIN140","2010-01-27","2013-01-27",3,22,0.1557,0.1574,"FAIL",14,0.1552,0.1574,"FAIL",20,0.1731,0.1574,"PASS",49,0.1806,0.1574,"PASS",87,0.1554,0.1574,"FAIL",42,0.1918,0.1574,"PASS",4,0.1833,0.1574,"PASS",33,0.1988,0.1574,"PASS",18,0.1307,0.1574,"FAIL",42,0.1751,0.1574,"PASS"
400,"VIN140","2007-01-27","2010-01-27",3,34,0.2326,0.1569,"PASS",22,0.2063,0.1569,"PASS",56,0.1627,0.1569,"PASS",22,0.277,0.1569,"PASS",14,0.18,0.1569,"PASS",36,0.1846,0.1569,"PASS",22,0.1778,0.1569,"PASS",30,0.1539,0.1569,"FAIL",22,0.2003,0.1569,"PASS",8,0.2413,0.1569,"PASS"
401,"VIN140","2004-01-27","2007-01-27",3,19,0.1298,0.1595,"FAIL",37,0.2381,0.1595,"PASS",48,0.1777,0.1595,"PASS",32,0.1481,0.1595,"FAIL",28,0.1694,0.1595,"PASS",24,0.2306,0.1595,"PASS",32,0.1844,0.1595,"PASS",11,0.1533,0.1595,"FAIL",48,0.2095,0.1595,"PASS",28,0.1758,0.1595,"PASS"
402,"VIN140","2000-01-04","2003-01-04",3,51,0.2119,0.1579,"PASS",55,0.1433,0.1579,"FAIL",23,0.1363,0.1579,"FAIL",36,0.2211,0.1579,"PASS",49,0.198,0.1579,"PASS",105,0.1583,0.1579,"PASS",6,0.1482,0.1579,"FAIL",4,0.204,0.1579,"PASS",6,0.1859,0.1579,"PASS",69,0.1648,0.1579,"PASS"
403,"VOY413","2010-12-07","2013-12-07",3,33,0.1666,0.1606,"PASS",43,0.2016,0.1606,"PASS",8,0.2369,0.1606,"PASS",13,0.1587,0.1606,"FAIL",6,0.1636,0.1606,"PASS",43,0.1827,0.1606,"PASS",22,0.1438,0.1606,"FAIL",55,0.1463,0.1606,"FAIL",36,0.2252,0.1606,"PASS",12,0.2209,0.1606,"PASS"
404,"VOY413","2006-07-25","2009-07-25",3,26,0.2099,0.1595,"PASS",12,0.1525,0.1595,"FAIL",9,0.1802,0.1595,"PASS",46,0.1803,0.1595,"PASS",98,0.1917,0.1595,"PASS",15,0.1613,0.1595,"PASS",43,0.147,0.1595,"FAIL",NA,NA,NA,"FAIL BOXCOX",76,0.1488,0.1595,"FAIL",55,0.1704,0.1595,"PASS"
405,"VOY413","2001-03-06","2004-03-06",3,49,0.1431,0.1606,"FAIL",71,0.1174,0.1606,"FAIL",12,0.2215,0.1606,"PASS",31,0.1673,0.1606,"PASS",31,0.2029,0.1606,"PASS",27,0.1661,0.1606,"PASS",106,0.1364,0.1606,"FAIL",40,0.1994,0.1606,"PASS",16,0.1614,0.1606,"PASS",102,0.1039,0.1606,"FAIL"
406,"VPI120","2020-08-04","2023-08-04",3,35,0.1619,0.1585,"PASS",35,0.2184,0.1585,"PASS",24,0.1763,0.1585,"PASS",52,0.2508,0.1585,"PASS",52,0.2658,0.1585,"PASS",48,0.1281,0.1585,"FAIL",17,0.1854,0.1585,"PASS",17,0.2089,0.1585,"PASS",17,0.2182,0.1585,"PASS",15,0.1899,0.1585,"PASS"
407,"VPI120","2015-07-03","2018-07-03",3,57,0.1509,0.16,"FAIL",12,0.1955,0.16,"PASS",41,0.1724,0.16,"PASS",45,0.1217,0.16,"FAIL",14,0.1418,0.16,"FAIL",12,0.1366,0.16,"FAIL",28,0.1727,0.16,"PASS",17,0.2597,0.16,"PASS",28,0.1742,0.16,"PASS",48,0.1371,0.16,"FAIL"
408,"VPI120","2012-07-03","2015-07-03",3,5,0.2762,0.1595,"PASS",42,0.182,0.1595,"PASS",23,0.1571,0.1595,"FAIL",14,0.2194,0.1595,"PASS",14,0.1588,0.1595,"FAIL",42,0.2052,0.1595,"PASS",42,0.1973,0.1595,"PASS",21,0.1493,0.1595,"FAIL",51,0.1448,0.1595,"FAIL",6,0.2403,0.1595,"PASS"
409,"VPI120","2006-01-04","2009-01-04",3,15,0.123,0.1622,"FAIL",11,0.2266,0.1622,"PASS",29,0.2836,0.1622,"PASS",44,0.1425,0.1622,"FAIL",32,0.1747,0.1622,"PASS",11,0.2216,0.1622,"PASS",15,0.224,0.1622,"PASS",69,0.1599,0.1622,"FAIL",6,0.2223,0.1622,"PASS",6,0.1875,0.1622,"PASS"
410,"VPI120","2003-01-04","2006-01-04",3,24,0.1667,0.1579,"PASS",17,0.2189,0.1579,"PASS",5,0.1611,0.1579,"PASS",21,0.1783,0.1579,"PASS",17,0.173,0.1579,"PASS",17,0.17,0.1579,"PASS",45,0.1382,0.1579,"FAIL",43,0.1663,0.1579,"PASS",51,0.162,0.1579,"PASS",11,0.1463,0.1579,"FAIL"
411,"VPI120","2000-01-04","2003-01-04",3,20,0.1574,0.159,"FAIL",46,0.1649,0.159,"PASS",11,0.2829,0.159,"PASS",15,0.2649,0.159,"PASS",13,0.2086,0.159,"PASS",11,0.1907,0.159,"PASS",24,0.2289,0.159,"PASS",22,0.2091,0.159,"PASS",15,0.1604,0.159,"PASS",15,0.2607,0.159,"PASS"
412,"WFM105","2021-06-12","2024-06-12",3,74,0.1871,0.1579,"PASS",13,0.1528,0.1579,"FAIL",54,0.1893,0.1579,"PASS",61,0.1308,0.1579,"FAIL",5,0.2111,0.1579,"PASS",37,0.1603,0.1579,"PASS",25,0.2411,0.1579,"PASS",23,0.1814,0.1579,"PASS",38,0.2337,0.1579,"PASS",33,0.1652,0.1579,"PASS"
413,"WFM105","2018-06-12","2021-06-12",3,21,0.2222,0.1574,"PASS",15,0.1619,0.1574,"PASS",59,0.1827,0.1574,"PASS",25,0.1564,0.1574,"FAIL",59,0.2093,0.1574,"PASS",59,0.1909,0.1574,"PASS",76,0.1424,0.1574,"FAIL",18,0.212,0.1574,"PASS",51,0.1803,0.1574,"PASS",57,0.2362,0.1574,"PASS"
414,"WFM105","2013-05-28","2016-05-28",3,54,0.2218,0.1585,"PASS",66,0.2188,0.1585,"PASS",55,0.1789,0.1585,"PASS",55,0.1556,0.1585,"FAIL",55,0.1871,0.1585,"PASS",66,0.2034,0.1585,"PASS",83,0.1234,0.1585,"FAIL",NA,NA,NA,"FAIL BOXCOX",38,0.1384,0.1585,"FAIL",22,0.2371,0.1585,"PASS"
415,"WNC429","2007-06-15","2010-06-15",3,59,0.1623,0.1579,"PASS",4,0.1604,0.1579,"PASS",51,0.2076,0.1579,"PASS",11,0.2004,0.1579,"PASS",12,0.2229,0.1579,"PASS",12,0.1872,0.1579,"PASS",57,0.186,0.1579,"PASS",15,0.1463,0.1579,"FAIL",57,0.2512,0.1579,"PASS",30,0.1601,0.1579,"PASS"
416,"WNC429","2004-06-15","2007-06-15",3,29,0.22,0.1585,"PASS",31,0.2069,0.1585,"PASS",16,0.2366,0.1585,"PASS",88,0.1769,0.1585,"PASS",11,0.2247,0.1585,"PASS",31,0.2103,0.1585,"PASS",28,0.2445,0.1585,"PASS",13,0.2282,0.1585,"PASS",NA,NA,NA,"FAIL BOXCOX",91,0.1577,0.1585,"FAIL"
417,"WSP144","2018-11-06","2021-11-06",3,63,0.1684,0.159,"PASS",39,0.2052,0.159,"PASS",20,0.1448,0.159,"FAIL",60,0.2236,0.159,"PASS",9,0.2516,0.159,"PASS",62,0.1813,0.159,"PASS",40,0.2213,0.159,"PASS",19,0.2059,0.159,"PASS",75,0.1818,0.159,"PASS",49,0.1561,0.159,"FAIL"
418,"WSP144","2015-11-06","2018-11-06",3,21,0.2382,0.1569,"PASS",30,0.1581,0.1569,"PASS",47,0.1939,0.1569,"PASS",8,0.1745,0.1569,"PASS",5,0.2048,0.1569,"PASS",68,0.2281,0.1569,"PASS",71,0.1723,0.1569,"PASS",43,0.1999,0.1569,"PASS",32,0.1577,0.1569,"PASS",23,0.2259,0.1569,"PASS"
419,"WSP144","2012-11-06","2015-11-06",3,78,0.1362,0.1574,"FAIL",11,0.1967,0.1574,"PASS",62,0.1553,0.1574,"FAIL",21,0.1507,0.1574,"FAIL",9,0.1697,0.1574,"PASS",18,0.2279,0.1574,"PASS",59,0.1757,0.1574,"PASS",52,0.201,0.1574,"PASS",4,0.2736,0.1574,"PASS",76,0.1755,0.1574,"PASS"
420,"WSP144","2009-01-04","2012-01-04",3,28,0.1628,0.159,"PASS",35,0.2931,0.159,"PASS",57,0.2107,0.159,"PASS",48,0.2028,0.159,"PASS",52,0.2185,0.159,"PASS",76,0.2222,0.159,"PASS",17,0.2038,0.159,"PASS",27,0.2451,0.159,"PASS",52,0.147,0.159,"FAIL",NA,NA,NA,"FAIL BOXCOX"
421,"WSP144","2006-01-04","2009-01-04",3,18,0.1519,0.1595,"FAIL",23,0.1601,0.1595,"PASS",54,0.2332,0.1595,"PASS",37,0.1676,0.1595,"PASS",32,0.1475,0.1595,"FAIL",18,0.1769,0.1595,"PASS",20,0.2304,0.1595,"PASS",52,0.1889,0.1595,"PASS",55,0.1907,0.1595,"PASS",55,0.1824,0.1595,"PASS"
422,"WSP144","2003-01-04","2006-01-04",3,67,0.1687,0.1569,"PASS",83,0.1789,0.1569,"PASS",52,0.1805,0.1569,"PASS",25,0.2015,0.1569,"PASS",57,0.1591,0.1569,"PASS",43,0.1262,0.1569,"FAIL",15,0.2092,0.1569,"PASS",NA,NA,NA,"FAIL BOXCOX",NA,NA,NA,"FAIL BOXCOX",45,0.1786,0.1569,"PASS"
423,"WSP144","2000-01-04","2003-01-04",3,52,0.2407,0.1569,"PASS",50,0.1837,0.1569,"PASS",22,0.1742,0.1569,"PASS",41,0.1744,0.1569,"PASS",22,0.2343,0.1569,"PASS",28,0.1633,0.1569,"PASS",4,0.1518,0.1569,"FAIL",NA,NA,NA,"FAIL BOXCOX",24,0.1997,0.1569,"PASS",51,0.195,0.1569,"PASS"
424,"WST109","2009-10-14","2012-10-14",3,8,0.1448,0.1606,"FAIL",17,0.1706,0.1606,"PASS",17,0.1879,0.1606,"PASS",NA,NA,NA,"FAIL BOXCOX",54,0.142,0.1606,"FAIL",17,0.1524,0.1606,"FAIL",59,0.1823,0.1606,"PASS",10,0.1609,0.1617,"FAIL",55,0.1742,0.1606,"PASS",NA,NA,NA,"FAIL BOXCOX"
425,"WST109","2006-10-14","2009-10-14",3,52,0.2037,0.1574,"PASS",78,0.1269,0.1574,"FAIL",21,0.1934,0.1574,"PASS",NA,NA,NA,"FAIL BOXCOX",21,0.193,0.1574,"PASS",34,0.145,0.1574,"FAIL",83,0.1515,0.1574,"FAIL",12,0.1868,0.1574,"PASS",17,0.1962,0.1574,"PASS",25,0.2214,0.1574,"PASS"
426,"WST109","2003-10-14","2006-10-14",3,6,0.2111,0.1595,"PASS",23,0.2165,0.1595,"PASS",34,0.2055,0.1595,"PASS",NA,NA,NA,"FAIL BOXCOX",21,0.2039,0.1595,"PASS",23,0.2229,0.1595,"PASS",54,0.1695,0.1595,"PASS",10,0.1474,0.1606,"FAIL",NA,NA,NA,"FAIL BOXCOX",20,0.1885,0.1595,"PASS"
427,"WST109","2000-01-04","2003-01-04",3,76,0.122,0.16,"FAIL",22,0.1976,0.16,"PASS",22,0.1722,0.16,"PASS",19,0.1882,0.16,"PASS",22,0.2035,0.16,"PASS",37,0.1748,0.16,"PASS",67,0.1636,0.16,"PASS",39,0.2321,0.16,"PASS",90,0.1437,0.16,"FAIL",NA,NA,NA,"FAIL BOXCOX"
428,"YEL408","2019-01-29","2022-01-29",3,7,0.1913,0.1585,"PASS",7,0.1627,0.1585,"PASS",46,0.1809,0.1585,"PASS",17,0.126,0.1585,"FAIL",25,0.2269,0.1585,"PASS",16,0.1785,0.1585,"PASS",21,0.21,0.1585,"PASS",25,0.1874,0.1585,"PASS",25,0.1866,0.1585,"PASS",68,0.2209,0.1585,"PASS"
429,"YEL408","2011-03-01","2014-03-01",3,46,0.2763,0.1606,"PASS",4,0.1923,0.1606,"PASS",51,0.2163,0.1606,"PASS",103,0.1746,0.1606,"PASS",25,0.1628,0.1606,"PASS",55,0.1451,0.1606,"FAIL",28,0.2064,0.1606,"PASS",12,0.1932,0.1606,"PASS",28,0.2264,0.1606,"PASS",28,0.2656,0.1606,"PASS"
430,"YEL408","2006-08-08","2009-08-08",3,18,0.1564,0.1606,"FAIL",77,0.1061,0.1606,"FAIL",33,0.229,0.1606,"PASS",99,0.1469,0.1606,"FAIL",33,0.1767,0.1606,"PASS",59,0.1747,0.1606,"PASS",42,0.125,0.1606,"FAIL",42,0.1394,0.1606,"FAIL",NA,NA,NA,"FAIL BOXCOX",10,0.2275,0.1606,"PASS"
431,"YEL408","2000-01-04","2003-01-04",3,5,0.2369,0.1617,"PASS",26,0.2137,0.1617,"PASS",52,0.2045,0.1606,"PASS",32,0.1978,0.1617,"PASS",44,0.2261,0.1617,"PASS",26,0.1706,0.1617,"PASS",NA,NA,NA,"FAIL BOXCOX",13,0.2828,0.1617,"PASS",NA,NA,NA,"FAIL BOXCOX",23,0.1622,0.1617,"PASS"
432,"YOS404","2019-01-22","2022-01-22",3,NA,NA,NA,"FAIL BOXCOX",28,0.1787,0.1595,"PASS",6,0.1721,0.1595,"PASS",NA,NA,NA,"FAIL BOXCOX",59,0.203,0.1595,"PASS",59,0.1738,0.1595,"PASS",18,0.2027,0.1595,"PASS",18,0.1828,0.1595,"PASS",6,0.2385,0.1595,"PASS",11,0.1722,0.1595,"PASS"
433,"YOS404","2011-03-22","2014-03-22",3,6,0.2192,0.1579,"PASS",6,0.2774,0.1579,"PASS",34,0.1438,0.1579,"FAIL",73,0.1359,0.1579,"FAIL",5,0.1311,0.1579,"FAIL",101,0.154,0.1579,"FAIL",18,0.2494,0.1579,"PASS",9,0.1673,0.1579,"PASS",6,0.2182,0.1579,"PASS",85,0.1536,0.1579,"FAIL"
434,"YOS404","2003-01-04","2006-01-04",3,49,0.2096,0.1579,"PASS",48,0.1192,0.1579,"FAIL",34,0.1565,0.1579,"FAIL",9,0.1588,0.1579,"PASS",9,0.1624,0.1579,"PASS",69,0.118,0.1579,"FAIL",NA,NA,NA,"FAIL BOXCOX",26,0.161,0.1579,"PASS",NA,NA,NA,"FAIL BOXCOX",5,0.1928,0.1579,"PASS"
435,"YOS404","2000-01-04","2003-01-04",3,50,0.2239,0.159,"PASS",11,0.1866,0.159,"PASS",23,0.1795,0.159,"PASS",62,0.1682,0.159,"PASS",40,0.1624,0.159,"PASS",106,0.1441,0.159,"FAIL",25,0.3292,0.159,"PASS",39,0.2175,0.159,"PASS",NA,NA,NA,"FAIL BOXCOX",107,0.1277,0.159,"FAIL"
