"Seg_ID","SITE_ID","Start_Date","End_Date","Num_Years","fft_CA_Period","fft_CA_Power","fft_CA_Threshold","fft_CA_Status","fft_HNO3_Period","fft_HNO3_Power","fft_HNO3_Threshold","fft_HNO3_Status","fft_K_Period","fft_K_Power","fft_K_Threshold","fft_K_Status","fft_MG_Period","fft_MG_Power","fft_MG_Threshold","fft_MG_Status","fft_NH4_Period","fft_NH4_Power","fft_NH4_Threshold","fft_NH4_Status","fft_NO3_Period","fft_NO3_Power","fft_NO3_Threshold","fft_NO3_Status","fft_SO2_Period","fft_SO2_Power","fft_SO2_Threshold","fft_SO2_Status","fft_SO4_Period","fft_SO4_Power","fft_SO4_Threshold","fft_SO4_Status","fft_Sodium_Period","fft_Sodium_Power","fft_Sodium_Threshold","fft_Sodium_Status","fft_TNO3_Period","fft_TNO3_Power","fft_TNO3_Threshold","fft_TNO3_Status"
1,"ABT147","2019-10-15","2022-10-15",3,26.67,8.371269,3.495696,"[PASS]",26.67,1.029717,0.540149,"[PASS]",26.67,17.372012,8.008629,"[PASS]",26.67,1.646842,0.770446,"[PASS]",26.67,6.904161,2.199932,"[PASS]",53.33,13.965478,1.530853,"[PASS]",53.33,5.155439,1.117157,"[PASS]",53.33,0.50981,0.360776,"[PASS]",53.33,1.15897,1.00706,"[PASS]",53.33,3.740065,0.668305,"[PASS]"
2,"ABT147","2015-11-10","2018-11-10",3,53.33,2.240641,0.881818,"[PASS]",26.67,0.780871,0.553524,"[PASS]",26.67,7.149719,3.10393,"[PASS]",20,0.530361,0.465691,"[PASS]",26.67,5.823432,1.385661,"[PASS]",53.33,16.240369,2.329638,"[PASS]",53.33,6.578027,1.042148,"[PASS]",26.67,1.0992,0.466639,"[PASS]",53.33,1.409234,1.048054,"[PASS]",53.33,1.439117,0.601678,"[PASS]"
3,"ABT147","2011-08-30","2014-08-30",3,26.67,0.409154,0.530807,"FAIL (Low SNR)",20,0.838836,0.666766,"[PASS]",26.67,14.763953,6.276907,"[PASS]",26.67,2.314983,1.307672,"[PASS]",53.33,2.211426,0.909535,"[PASS]",53.33,23.545323,2.163861,"[PASS]",53.33,22.293971,1.774137,"[PASS]",40,0.822358,0.555621,"[PASS]",53.33,4.508544,1.335005,"[PASS]",53.33,3.185807,0.603749,"[PASS]"
4,"ABT147","2006-01-04","2009-01-04",3,53.33,0.34272,0.243086,"[PASS]",53.33,1.553371,0.903592,"[PASS]",26.67,18.184258,6.544277,"[PASS]",17.78,0.374215,0.417616,"FAIL (Low SNR)",26.67,3.746202,1.018435,"[PASS]",53.33,24.368092,2.797456,"[PASS]",53.33,10.946858,1.195344,"[PASS]",53.33,2.883472,0.840168,"[PASS]",53.33,2.260259,0.900442,"[PASS]",53.33,1.089244,0.802956,"[PASS]"
5,"ABT147","2003-01-04","2006-01-04",3,26.67,0.266599,0.224008,"[PASS]",53.33,4.936879,1.432446,"[PASS]",NA,NA,NA,"FAIL BOXCOX",26.67,0.32009,0.184988,"[PASS]",53.33,3.235476,1.07429,"[PASS]",53.33,22.2711,2.271258,"[PASS]",53.33,22.888828,2.019321,"[PASS]",53.33,2.774789,0.465393,"[PASS]",53.33,3.238888,1.150916,"[PASS]",53.33,2.726201,1.097814,"[PASS]"
6,"ABT147","2000-01-04","2003-01-04",3,53.33,2.138142,1.413911,"[PASS]",53.33,2.230089,1.166357,"[PASS]",53.33,1.743988,0.79314,"[PASS]",53.33,1.03873,0.503291,"[PASS]",7.27,1.377842,0.845807,"[PASS]",53.33,26.719059,2.679614,"[PASS]",53.33,13.109452,1.343334,"[PASS]",53.33,3.765537,1.012212,"[PASS]",53.33,1.499234,0.732269,"[PASS]",7.27,1.387448,1.053526,"[PASS]"
7,"ACA416","2019-01-22","2022-01-22",3,26.67,2.147521,1.49398,"[PASS]",26.67,6.431868,1.444846,"[PASS]",17.78,137.088976,80.62096,"[PASS]",26.67,5.441004,1.991046,"[PASS]",26.67,6.518623,2.746485,"[PASS]",53.33,7.535766,1.456548,"[PASS]",53.33,9.254771,1.992382,"[PASS]",32,0.584421,0.409056,"[PASS]",53.33,4.490874,1.193384,"[PASS]",53.33,1.301482,0.979233,"[PASS]"
8,"ACA416","2015-06-02","2018-06-02",3,26.67,10.794689,5.561427,"[PASS]",53.33,3.459374,1.025119,"[PASS]",17.78,25.567732,22.917956,"[PASS]",26.67,9.724965,3.548164,"[PASS]",26.67,1.026973,0.472452,"[PASS]",53.33,2.59978,0.937002,"[PASS]",160,2.352338,0.782569,"[PASS]",16,0.339894,0.327025,"[PASS]",53.33,5.057129,1.614486,"[PASS]",26.67,0.681283,0.581149,"[PASS]"
9,"ACA416","2009-10-17","2012-10-17",3,26.67,2.942724,1.237531,"[PASS]",26.67,6.099538,1.816506,"[PASS]",40,1.784125,0.947245,"[PASS]",26.67,2.048,1.0218,"[PASS]",26.67,0.802125,0.693986,"[PASS]",53.33,9.375094,2.09526,"[PASS]",53.33,4.891145,1.675885,"[PASS]",20,0.815984,0.720893,"[PASS]",53.33,5.110121,1.86523,"[PASS]",20,1.755941,1.066606,"[PASS]"
10,"ACA416","2006-10-17","2009-10-17",3,4.71,1.403361,1.346527,"[PASS]",26.67,4.20446,1.361721,"[PASS]",40,80.274786,74.028998,"[PASS]",53.33,2.497234,1.225726,"[PASS]",53.33,4.037323,1.681571,"[PASS]",53.33,11.757859,1.691338,"[PASS]",53.33,6.595798,1.173783,"[PASS]",53.33,1.758168,0.848464,"[PASS]",53.33,5.986028,1.131642,"[PASS]",26.67,1.204045,0.862165,"[PASS]"
11,"ACA416","2003-10-17","2006-10-17",3,26.67,1.40141,1.225179,"[PASS]",53.33,2.259733,1.407258,"[PASS]",16,0.636797,0.497506,"[PASS]",26.67,1.642521,1.34374,"[PASS]",53.33,3.369924,1.013585,"[PASS]",NA,NA,NA,"FAIL BOXCOX",53.33,8.133295,1.508383,"[PASS]",53.33,2.935305,1.184828,"[PASS]",53.33,3.596631,0.997946,"[PASS]",7.27,0.916761,1.026371,"FAIL (Low SNR)"
12,"ACA416","2000-10-17","2003-10-17",3,NA,NA,NA,"FAIL BOXCOX",26.67,5.297501,1.872197,"[PASS]",NA,NA,NA,"FAIL BOXCOX",160,0.414016,0.224532,"[PASS]",53.33,3.188664,1.671995,"[PASS]",53.33,9.357755,2.284401,"[PASS]",53.33,6.70826,1.535045,"[PASS]",53.33,1.763219,0.782805,"[PASS]",160,2.359919,0.800532,"[PASS]",26.67,2.140471,1.315041,"[PASS]"
13,"ALC188","2021-06-01","2024-06-01",3,53.33,1.87705,0.925385,"[PASS]",40,0.398819,0.25181,"[PASS]",53.33,0.977827,0.181367,"[PASS]",53.33,4.187134,0.663208,"[PASS]",12.31,0.525903,0.311397,"[PASS]",53.33,2.54637,0.782638,"[PASS]",53.33,3.171657,0.868694,"[PASS]",53.33,4.827898,0.788576,"[PASS]",53.33,10.705566,1.90273,"[PASS]",53.33,1.484943,0.440734,"[PASS]"
14,"ALC188","2017-03-18","2020-03-18",3,80,1.146949,0.627457,"[PASS]",8.89,0.733783,0.472173,"[PASS]",53.33,11.948908,2.226435,"[PASS]",53.33,6.866127,0.983037,"[PASS]",8.89,0.365944,0.299299,"[PASS]",53.33,2.902991,0.656942,"[PASS]",53.33,7.479061,0.798041,"[PASS]",53.33,2.621035,0.783823,"[PASS]",53.33,10.855875,1.752163,"[PASS]",53.33,0.596583,0.334584,"[PASS]"
15,"ALC188","2014-03-18","2017-03-18",3,53.33,1.663066,0.899291,"[PASS]",5.33,0.692538,0.699647,"FAIL (Low SNR)",53.33,14.925357,5.206749,"[PASS]",53.33,2.115198,0.481964,"[PASS]",8,0.286563,0.170788,"[PASS]",53.33,1.727446,0.818293,"[PASS]",53.33,4.805341,0.651353,"[PASS]",53.33,2.916767,0.575763,"[PASS]",53.33,5.418437,1.450473,"[PASS]",13.33,0.501553,0.367401,"[PASS]"
16,"ALH157","2012-05-02","2015-05-02",3,53.33,1.474049,0.780076,"[PASS]",53.33,15.425638,1.376457,"[PASS]",53.33,12.802802,1.969491,"[PASS]",53.33,0.607718,0.163892,"[PASS]",53.33,3.697324,0.928575,"[PASS]",53.33,36.414097,2.648401,"[PASS]",53.33,2.93656,0.491687,"[PASS]",53.33,2.000601,0.796053,"[PASS]",53.33,13.434822,3.356885,"[PASS]",53.33,3.003155,0.374207,"[PASS]"
17,"ALH157","2009-05-02","2012-05-02",3,53.33,4.541964,1.114803,"[PASS]",53.33,13.501688,1.265458,"[PASS]",53.33,12.348089,2.404017,"[PASS]",53.33,0.446684,0.088497,"[PASS]",53.33,2.767437,0.850592,"[PASS]",53.33,39.025614,2.921153,"[PASS]",53.33,1.257844,0.263647,"[PASS]",53.33,2.698786,0.68943,"[PASS]",53.33,8.891815,2.24585,"[PASS]",53.33,3.509292,0.461472,"[PASS]"
18,"ALH157","2006-05-02","2009-05-02",3,53.33,2.559215,1.023585,"[PASS]",53.33,18.908983,1.611151,"[PASS]",53.33,7.322906,1.078022,"[PASS]",53.33,0.64625,0.168775,"[PASS]",26.67,1.86081,0.675661,"[PASS]",53.33,40.374017,2.779719,"[PASS]",53.33,1.180279,0.522544,"[PASS]",53.33,1.990552,0.288016,"[PASS]",53.33,15.288083,5.297414,"[PASS]",53.33,1.654219,0.234775,"[PASS]"
19,"ALH157","2003-01-04","2006-01-04",3,53.33,1.685525,0.856144,"[PASS]",53.33,22.03637,2.027051,"[PASS]",53.33,22.711665,2.889795,"[PASS]",53.33,1.623865,0.376153,"[PASS]",26.67,2.269461,0.929602,"[PASS]",53.33,50.479463,3.454744,"[PASS]",53.33,0.279752,0.082,"[PASS]",53.33,5.129759,0.747153,"[PASS]",53.33,17.960746,4.089766,"[PASS]",53.33,1.557297,0.211745,"[PASS]"
20,"ALH157","2000-01-04","2003-01-04",3,53.33,0.959907,0.711581,"[PASS]",53.33,29.959313,2.46415,"[PASS]",53.33,11.493013,1.76196,"[PASS]",53.33,1.039352,0.252958,"[PASS]",26.67,1.754491,0.93981,"[PASS]",53.33,38.469833,2.858687,"[PASS]",53.33,0.811833,0.162104,"[PASS]",53.33,3.73284,0.513138,"[PASS]",53.33,3.667644,2.383663,"[PASS]",53.33,1.475389,0.4092,"[PASS]"
21,"ANA115","2017-03-07","2020-03-07",3,26.67,0.756591,0.751662,"[PASS]",53.33,7.136422,0.862616,"[PASS]",53.33,750.002349,118.883477,"[PASS]",53.33,4.917328,2.996983,"[PASS]",53.33,19.280419,2.313719,"[PASS]",53.33,68.256155,4.962295,"[PASS]",53.33,2.440499,0.608462,"[PASS]",26.67,0.626698,0.366187,"[PASS]",53.33,234.649719,23.386714,"[PASS]",53.33,8.463297,0.800756,"[PASS]"
22,"ANA115","2013-09-07","2016-09-07",3,26.67,2.732179,1.016926,"[PASS]",53.33,5.189865,0.766499,"[PASS]",53.33,119.402812,29.467326,"[PASS]",53.33,3.699167,1.907226,"[PASS]",53.33,7.046175,1.100733,"[PASS]",NA,NA,NA,"FAIL BOXCOX",53.33,7.855206,1.020925,"[PASS]",26.67,0.723787,0.495131,"[PASS]",53.33,271.990704,24.233031,"[PASS]",53.33,8.220727,0.715503,"[PASS]"
23,"ANA115","2010-09-07","2013-09-07",3,26.67,2.813805,1.048459,"[PASS]",53.33,9.492779,1.078317,"[PASS]",53.33,38.537212,8.040558,"[PASS]",53.33,0.670045,0.253928,"[PASS]",53.33,3.431664,0.764961,"[PASS]",NA,NA,NA,"FAIL BOXCOX",53.33,2.511898,0.80456,"[PASS]",53.33,1.124263,0.579775,"[PASS]",53.33,63.221188,5.467473,"[PASS]",53.33,6.020798,0.690514,"[PASS]"
24,"ANA115","2003-01-04","2006-01-04",3,53.33,2.738326,0.990848,"[PASS]",53.33,11.155707,1.475215,"[PASS]",NA,NA,NA,"FAIL BOXCOX",53.33,1.680407,0.512426,"[PASS]",26.67,1.209638,0.897431,"[PASS]",53.33,83.715711,5.474865,"[PASS]",53.33,7.643842,1.253752,"[PASS]",53.33,2.537311,0.583927,"[PASS]",53.33,157.482275,12.559029,"[PASS]",53.33,3.887282,0.528454,"[PASS]"
25,"ANA115","2000-01-04","2003-01-04",3,53.33,1.201577,0.454073,"[PASS]",53.33,11.738753,1.470178,"[PASS]",53.33,389.670677,60.439362,"[PASS]",53.33,0.938716,0.225932,"[PASS]",26.67,0.891514,0.638017,"[PASS]",NA,NA,NA,"FAIL BOXCOX",53.33,6.743828,0.846359,"[PASS]",53.33,1.944615,0.354387,"[PASS]",53.33,18.660169,1.90011,"[PASS]",53.33,3.724274,0.517178,"[PASS]"
26,"ARE128","2020-02-08","2023-02-08",3,20,0.397395,0.297046,"[PASS]",17.78,0.577391,0.321619,"[PASS]",53.33,9.085595,2.297738,"[PASS]",26.67,1.745024,0.862137,"[PASS]",26.67,6.346348,1.393784,"[PASS]",53.33,45.278496,3.33718,"[PASS]",53.33,9.052045,1.344605,"[PASS]",26.67,1.176473,0.356826,"[PASS]",53.33,23.798773,12.235957,"[PASS]",53.33,5.885887,0.626282,"[PASS]"
27,"ARE128","2017-02-08","2020-02-08",3,32,0.72395,0.398784,"[PASS]",53.33,1.301305,0.408377,"[PASS]",53.33,60.844221,22.32817,"[PASS]",53.33,0.710168,0.388537,"[PASS]",53.33,4.508162,1.258213,"[PASS]",53.33,40.011135,3.210747,"[PASS]",53.33,10.047104,1.159274,"[PASS]",26.67,0.939397,0.36634,"[PASS]",53.33,9.753687,4.262544,"[PASS]",53.33,4.490142,0.462155,"[PASS]"
28,"ARE128","2014-02-08","2017-02-08",3,26.67,0.308552,0.088215,"[PASS]",53.33,2.795754,0.573514,"[PASS]",53.33,1.884567,0.928843,"[PASS]",26.67,2.869236,0.653674,"[PASS]",53.33,2.408861,0.687299,"[PASS]",53.33,39.281677,3.300444,"[PASS]",53.33,7.481906,1.078545,"[PASS]",26.67,0.938324,0.430698,"[PASS]",26.67,10.257577,4.524648,"[PASS]",53.33,2.905315,0.415382,"[PASS]"
29,"ARE128","2011-02-08","2014-02-08",3,20,0.430926,0.343697,"[PASS]",53.33,2.295533,0.517836,"[PASS]",26.67,0.851398,0.295622,"[PASS]",26.67,1.903987,1.060213,"[PASS]",26.67,2.235525,0.674086,"[PASS]",53.33,51.735161,4.031203,"[PASS]",53.33,5.805383,1.022908,"[PASS]",53.33,1.504784,0.331564,"[PASS]",53.33,8.271292,2.635211,"[PASS]",53.33,2.789537,0.39568,"[PASS]"
30,"ARE128","2006-01-04","2009-01-04",3,53.33,1.072788,0.381721,"[PASS]",160,0.747504,0.492649,"[PASS]",53.33,2.112002,1.020786,"[PASS]",53.33,11.067975,5.050251,"[PASS]",26.67,1.661496,0.637175,"[PASS]",53.33,45.391581,3.558572,"[PASS]",53.33,2.883854,0.382947,"[PASS]",53.33,2.503283,0.321725,"[PASS]",53.33,13.734426,3.897202,"[PASS]",53.33,3.532089,0.559601,"[PASS]"
31,"ARE128","2003-01-04","2006-01-04",3,26.67,0.243785,0.133243,"[PASS]",53.33,3.899623,1.6112,"[PASS]",NA,NA,NA,"FAIL BOXCOX",26.67,0.448569,0.196945,"[PASS]",53.33,3.737833,0.702989,"[PASS]",53.33,49.41307,4.540555,"[PASS]",53.33,5.548312,0.468096,"[PASS]",53.33,6.052314,0.535438,"[PASS]",53.33,9.218035,2.796108,"[PASS]",53.33,1.65931,0.279119,"[PASS]"
32,"ARE128","2000-01-04","2003-01-04",3,40,1.103601,0.91076,"[PASS]",53.33,6.119852,1.483458,"[PASS]",14.55,2.864955,1.774566,"[PASS]",53.33,10.577509,6.920265,"[PASS]",53.33,2.232516,0.68551,"[PASS]",53.33,38.879425,3.444598,"[PASS]",53.33,6.034175,0.520419,"[PASS]",53.33,5.335212,0.577844,"[PASS]",53.33,2.357241,1.208201,"[PASS]",53.33,0.284309,0.149839,"[PASS]"
33,"ASH135","2019-01-27","2022-01-27",3,53.33,3.459602,1.734879,"[PASS]",26.67,3.147713,1.250937,"[PASS]",53.33,13.576477,3.104805,"[PASS]",53.33,16.021315,11.05506,"[PASS]",26.67,1.855745,0.953355,"[PASS]",53.33,71.385077,6.224016,"[PASS]",53.33,29.220179,2.642406,"[PASS]",53.33,1.801461,0.464237,"[PASS]",53.33,28.810544,4.08417,"[PASS]",53.33,13.968241,2.127355,"[PASS]"
34,"ASH135","2016-01-27","2019-01-27",3,53.33,1.997922,0.759329,"[PASS]",26.67,1.438151,0.553238,"[PASS]",26.67,1.731568,0.41709,"[PASS]",53.33,0.935677,0.620275,"[PASS]",26.67,0.954697,0.520407,"[PASS]",53.33,60.29425,5.963447,"[PASS]",53.33,13.143144,1.255591,"[PASS]",53.33,1.319929,0.504522,"[PASS]",53.33,10.931859,1.488906,"[PASS]",53.33,11.084064,2.059358,"[PASS]"
35,"ASH135","2013-01-27","2016-01-27",3,53.33,0.556354,0.40537,"[PASS]",26.67,8.088855,3.909255,"[PASS]",53.33,7.110333,1.727708,"[PASS]",53.33,21.102321,8.303817,"[PASS]",26.67,1.669375,0.79772,"[PASS]",53.33,71.486277,5.819946,"[PASS]",53.33,23.25502,2.702157,"[PASS]",53.33,1.439922,0.786687,"[PASS]",53.33,29.60285,3.462926,"[PASS]",53.33,23.627496,2.956764,"[PASS]"
36,"ASH135","2010-01-27","2013-01-27",3,53.33,1.561055,0.853809,"[PASS]",26.67,2.643018,0.849818,"[PASS]",26.67,7.761312,4.775785,"[PASS]",5,2.274898,1.543143,"[PASS]",26.67,1.919356,1.410489,"[PASS]",53.33,75.055829,6.571003,"[PASS]",53.33,28.389117,3.209916,"[PASS]",26.67,0.979612,0.867946,"[PASS]",53.33,22.150066,2.668481,"[PASS]",53.33,9.691288,1.959198,"[PASS]"
37,"ASH135","2007-01-27","2010-01-27",3,53.33,2.897082,1.844719,"[PASS]",53.33,3.137122,1.496369,"[PASS]",160,5.719549,4.38701,"[PASS]",53.33,3.150199,1.097107,"[PASS]",53.33,1.334593,1.498965,"FAIL (Low SNR)",53.33,73.709073,6.553674,"[PASS]",53.33,28.045268,2.012155,"[PASS]",53.33,0.788078,0.861139,"FAIL (Low SNR)",53.33,17.827266,1.746942,"[PASS]",53.33,14.020929,1.686237,"[PASS]"
38,"ASH135","2004-01-27","2007-01-27",3,53.33,4.487185,2.031239,"[PASS]",26.67,1.828836,1.542426,"[PASS]",80,5.754235,3.356876,"[PASS]",53.33,0.649593,0.358602,"[PASS]",53.33,0.693863,0.757564,"FAIL (Low SNR)",53.33,24.830314,2.37928,"[PASS]",53.33,29.929898,2.238889,"[PASS]",12.31,0.656331,0.863176,"FAIL (Low SNR)",53.33,17.848917,1.954368,"[PASS]",53.33,6.449175,1.0789,"[PASS]"
39,"ASH135","2000-01-04","2003-01-04",3,53.33,2.809305,2.353725,"[PASS]",5.93,0.911822,0.896507,"[PASS]",26.67,5.950112,3.572955,"[PASS]",53.33,1.297199,0.699321,"[PASS]",5.93,1.347197,0.912668,"[PASS]",53.33,19.838502,2.226625,"[PASS]",53.33,21.105371,1.869635,"[PASS]",26.67,1.016758,0.79076,"[PASS]",53.33,6.419947,0.770915,"[PASS]",53.33,6.069846,1.105309,"[PASS]"
40,"BAS601","2022-01-22","2025-01-22",3,53.33,3.161108,1.632063,"[PASS]",53.33,8.617049,0.606111,"[PASS]",53.33,143.391714,28.308817,"[PASS]",53.33,1.974289,0.350215,"[PASS]",53.33,24.534236,4.125046,"[PASS]",53.33,77.829262,5.847385,"[PASS]",53.33,11.921214,1.231151,"[PASS]",53.33,2.98075,0.641989,"[PASS]",160,9.67229,5.53484,"[PASS]",53.33,3.648024,0.995864,"[PASS]"
41,"BAS601","2019-01-22","2022-01-22",3,53.33,8.016846,1.507053,"[PASS]",53.33,15.071681,1.212947,"[PASS]",53.33,329.642538,80.353876,"[PASS]",53.33,12.929036,1.509796,"[PASS]",26.67,10.762571,2.825242,"[PASS]",53.33,71.847417,6.15724,"[PASS]",53.33,8.831306,1.542227,"[PASS]",26.67,1.632131,0.59537,"[PASS]",80,1.423296,0.884699,"[PASS]",26.67,3.136864,0.863069,"[PASS]"
42,"BBE401","2011-07-12","2014-07-12",3,53.33,3.0474,1.099388,"[PASS]",53.33,2.164661,0.471732,"[PASS]",53.33,9.021049,1.932936,"[PASS]",53.33,0.844432,0.148528,"[PASS]",53.33,1.30408,0.314425,"[PASS]",53.33,1.285057,0.513958,"[PASS]",32,2.35193,1.121804,"[PASS]",53.33,7.742176,1.121905,"[PASS]",53.33,12.792474,1.325527,"[PASS]",53.33,2.171804,0.442853,"[PASS]"
43,"BBE401","2008-07-12","2011-07-12",3,160,4.00225,0.970711,"[PASS]",53.33,0.943132,0.452694,"[PASS]",160,3.760611,1.168097,"[PASS]",53.33,2.306664,0.436116,"[PASS]",53.33,1.176053,0.525928,"[PASS]",53.33,1.218616,0.615487,"[PASS]",53.33,4.086768,1.015771,"[PASS]",53.33,4.862622,1.141339,"[PASS]",53.33,11.696058,1.619605,"[PASS]",53.33,1.237001,0.453275,"[PASS]"
44,"BBE401","2005-07-12","2008-07-12",3,160,1.758709,0.648817,"[PASS]",7.27,0.658637,0.404909,"[PASS]",53.33,1.740197,0.510243,"[PASS]",53.33,0.712928,0.13995,"[PASS]",26.67,1.540115,0.474778,"[PASS]",53.33,1.388463,0.672834,"[PASS]",53.33,2.015508,0.828746,"[PASS]",53.33,9.925392,1.867439,"[PASS]",53.33,7.300435,1.072892,"[PASS]",53.33,1.066581,0.395207,"[PASS]"
45,"BBE401","2000-11-14","2003-11-14",3,NA,NA,NA,"FAIL BOXCOX",17.78,0.723783,0.461062,"[PASS]",NA,NA,NA,"FAIL BOXCOX",53.33,2.868009,0.396367,"[PASS]",53.33,1.377631,0.412132,"[PASS]",53.33,2.676224,0.757058,"[PASS]",53.33,2.310343,0.996045,"[PASS]",53.33,9.207415,1.742803,"[PASS]",53.33,11.233037,1.411044,"[PASS]",53.33,1.910135,0.492783,"[PASS]"
46,"BEL116","2013-02-05","2016-02-05",3,26.67,0.335296,0.091402,"[PASS]",53.33,1.922846,0.488225,"[PASS]",26.67,28.466965,11.250748,"[PASS]",26.67,33.81609,7.596495,"[PASS]",53.33,1.707843,0.578279,"[PASS]",53.33,43.884116,3.357173,"[PASS]",53.33,13.205148,1.296973,"[PASS]",26.67,0.633212,0.383199,"[PASS]",53.33,9.860227,3.386144,"[PASS]",53.33,2.276358,0.263105,"[PASS]"
47,"BEL116","2009-02-03","2012-02-03",3,20,0.734232,0.449731,"[PASS]",53.33,7.035193,0.899259,"[PASS]",53.33,72.20558,11.717558,"[PASS]",53.33,0.32625,0.125494,"[PASS]",26.67,3.524955,0.60425,"[PASS]",53.33,43.057429,3.237627,"[PASS]",53.33,6.550174,0.833663,"[PASS]",53.33,2.555825,0.369114,"[PASS]",NA,NA,NA,"FAIL BOXCOX",53.33,3.806695,0.689635,"[PASS]"
48,"BEL116","2000-01-04","2003-01-04",3,4.71,1.151828,1.05061,"[PASS]",53.33,9.533248,0.911513,"[PASS]",53.33,145.693274,41.370254,"[PASS]",53.33,25.720713,8.112196,"[PASS]",53.33,2.806065,0.613934,"[PASS]",53.33,43.004337,3.231928,"[PASS]",53.33,4.012244,0.412029,"[PASS]",53.33,4.012185,0.422074,"[PASS]",14.55,2.623576,2.015473,"[PASS]",53.33,0.929239,0.394703,"[PASS]"
49,"BFT142","2019-09-10","2022-09-10",3,26.67,11.000238,3.66583,"[PASS]",53.33,2.188382,0.793239,"[PASS]",53.33,52.794582,16.60852,"[PASS]",53.33,0.377908,0.194879,"[PASS]",4.57,1.259817,1.068832,"[PASS]",53.33,1.191164,0.512227,"[PASS]",53.33,1.117758,0.602326,"[PASS]",53.33,0.884106,0.305631,"[PASS]",53.33,1.409205,1.122209,"[PASS]",53.33,1.422925,0.35856,"[PASS]"
50,"BFT142","2015-06-26","2018-06-26",3,26.67,6.204381,2.449037,"[PASS]",26.67,0.763231,0.697522,"[PASS]",53.33,44.452677,11.119977,"[PASS]",53.33,1.587303,0.569083,"[PASS]",13.33,0.148886,0.133005,"[PASS]",53.33,1.24831,0.421388,"[PASS]",53.33,2.281391,0.605259,"[PASS]",53.33,1.376409,0.243374,"[PASS]",53.33,2.592771,1.199021,"[PASS]",53.33,1.28663,0.430052,"[PASS]"
51,"BFT142","2012-06-26","2015-06-26",3,53.33,6.626035,2.296298,"[PASS]",53.33,1.549086,0.707435,"[PASS]",53.33,26.456876,3.065241,"[PASS]",53.33,2.036938,0.339966,"[PASS]",53.33,1.246463,0.529593,"[PASS]",53.33,2.168722,0.565797,"[PASS]",53.33,6.644858,0.96869,"[PASS]",53.33,0.816315,0.263845,"[PASS]",53.33,4.961609,1.008227,"[PASS]",53.33,2.042698,0.478575,"[PASS]"
52,"BFT142","2003-01-04","2006-01-04",3,53.33,25.110608,3.226722,"[PASS]",53.33,4.602048,1.43586,"[PASS]",53.33,1.738087,0.377249,"[PASS]",53.33,1.215166,0.340499,"[PASS]",14.55,1.069051,0.916596,"[PASS]",53.33,4.759799,1.217552,"[PASS]",53.33,29.126634,2.492937,"[PASS]",53.33,4.801415,0.76709,"[PASS]",53.33,2.797556,1.230082,"[PASS]",53.33,8.17806,1.010589,"[PASS]"
53,"BFT142","2000-01-04","2003-01-04",3,53.33,26.032097,4.337016,"[PASS]",53.33,2.493554,1.637685,"[PASS]",53.33,109.188677,15.385361,"[PASS]",53.33,0.516439,0.090301,"[PASS]",6.67,1.265613,0.855426,"[PASS]",53.33,2.887165,0.905777,"[PASS]",53.33,19.536579,2.095804,"[PASS]",53.33,2.84785,0.721946,"[PASS]",53.33,4.046358,1.018505,"[PASS]",53.33,5.090634,1.49375,"[PASS]"
54,"BUF603","2019-01-22","2022-01-22",3,53.33,24.875274,2.740506,"[PASS]",53.33,10.892367,1.228431,"[PASS]",53.33,673.316804,64.28141,"[PASS]",53.33,26.912198,2.796526,"[PASS]",26.67,3.062664,0.914265,"[PASS]",26.67,28.676715,7.991548,"[PASS]",26.67,4.936781,1.19502,"[PASS]",26.67,2.449414,0.672241,"[PASS]",26.67,43.948031,14.08229,"[PASS]",53.33,4.714654,1.004616,"[PASS]"
55,"BUF603","2013-10-15","2016-10-15",3,53.33,4.975551,0.65373,"[PASS]",53.33,11.674221,1.176608,"[PASS]",53.33,75.697022,6.476029,"[PASS]",NA,NA,NA,"FAIL BOXCOX",53.33,1.909646,0.901657,"[PASS]",14.55,13.661059,10.736968,"[PASS]",53.33,4.799833,0.982031,"[PASS]",53.33,1.57236,0.395882,"[PASS]",22.86,7.105435,2.531825,"[PASS]",53.33,3.28622,0.799464,"[PASS]"
56,"BVL130","2020-01-21","2023-01-21",3,53.33,5.585146,1.145533,"[PASS]",53.33,19.212301,1.557336,"[PASS]",53.33,383.742298,50.986788,"[PASS]",53.33,2.264384,0.295785,"[PASS]",53.33,10.018595,1.703225,"[PASS]",53.33,31.786107,2.355313,"[PASS]",53.33,1.489553,0.7046,"[PASS]",26.67,1.063125,0.470166,"[PASS]",53.33,66.101862,14.231889,"[PASS]",53.33,3.272479,0.532937,"[PASS]"
57,"BVL130","2015-12-05","2018-12-05",3,53.33,3.484773,1.063236,"[PASS]",53.33,18.835137,1.621203,"[PASS]",53.33,37.523689,5.756707,"[PASS]",53.33,1.198801,0.246024,"[PASS]",53.33,6.069216,1.223765,"[PASS]",53.33,31.191129,2.375216,"[PASS]",53.33,2.295764,0.547811,"[PASS]",6.67,0.757481,0.442749,"[PASS]",53.33,52.909655,11.03633,"[PASS]",53.33,2.497409,0.380535,"[PASS]"
58,"BVL130","2012-12-05","2015-12-05",3,53.33,2.381607,0.932903,"[PASS]",53.33,19.594386,1.793901,"[PASS]",53.33,53.264291,8.195576,"[PASS]",53.33,1.103437,0.252516,"[PASS]",53.33,5.569347,1.005454,"[PASS]",53.33,37.330976,2.635601,"[PASS]",53.33,4.53722,0.754295,"[PASS]",53.33,2.10132,1.152164,"[PASS]",53.33,25.341615,4.035301,"[PASS]",53.33,4.56098,0.575821,"[PASS]"
59,"BVL130","2009-12-05","2012-12-05",3,53.33,5.240766,1.012227,"[PASS]",53.33,18.17622,1.690735,"[PASS]",53.33,4.87044,0.901091,"[PASS]",53.33,1.278953,0.188522,"[PASS]",53.33,4.211818,0.87296,"[PASS]",53.33,35.913796,2.506614,"[PASS]",53.33,2.479046,0.406675,"[PASS]",53.33,1.663027,0.708698,"[PASS]",53.33,9.853433,2.171536,"[PASS]",53.33,2.923529,0.384769,"[PASS]"
60,"BVL130","2006-12-05","2009-12-05",3,53.33,4.16801,1.004174,"[PASS]",53.33,21.556078,2.328871,"[PASS]",53.33,4.578127,0.767214,"[PASS]",53.33,1.403698,0.278633,"[PASS]",53.33,1.406569,0.873527,"[PASS]",53.33,39.270679,2.769247,"[PASS]",53.33,7.002453,1.540246,"[PASS]",53.33,4.334698,1.198703,"[PASS]",53.33,44.177883,8.943271,"[PASS]",53.33,4.797048,1.020073,"[PASS]"
61,"BVL130","2003-01-04","2006-01-04",3,53.33,1.705914,0.633334,"[PASS]",53.33,30.244764,2.992038,"[PASS]",53.33,0.585507,0.087071,"[PASS]",53.33,0.426517,0.084886,"[PASS]",26.67,1.258487,0.790301,"[PASS]",53.33,50.865968,3.634146,"[PASS]",53.33,1.099487,0.207028,"[PASS]",53.33,3.451759,0.665287,"[PASS]",53.33,17.713521,2.630954,"[PASS]",53.33,1.39642,0.277809,"[PASS]"
62,"BVL130","2000-01-04","2003-01-04",3,53.33,2.29837,0.923559,"[PASS]",53.33,33.719037,3.183659,"[PASS]",53.33,26.339504,3.88576,"[PASS]",53.33,3.59238,0.611124,"[PASS]",17.78,1.180286,0.782378,"[PASS]",53.33,40.922712,3.261185,"[PASS]",53.33,1.294639,0.325519,"[PASS]",53.33,2.981477,0.433771,"[PASS]",53.33,11.542809,3.752915,"[PASS]",53.33,3.953252,1.495955,"[PASS]"
63,"BWR139","2016-06-19","2019-06-19",3,14.55,2.097013,1.446568,"[PASS]",53.33,1.182891,0.451389,"[PASS]",NA,NA,NA,"FAIL BOXCOX",26.67,8.744212,2.98709,"[PASS]",26.67,3.063053,0.702542,"[PASS]",53.33,19.408907,1.619235,"[PASS]",26.67,1.891792,0.48193,"[PASS]",26.67,0.4061,0.333053,"[PASS]",26.67,2.360168,1.277911,"[PASS]",53.33,2.615496,0.377927,"[PASS]"
64,"BWR139","2013-06-19","2016-06-19",3,26.67,1.368946,0.489683,"[PASS]",53.33,1.226317,0.452161,"[PASS]",53.33,22.46567,6.374197,"[PASS]",26.67,5.739477,1.592035,"[PASS]",53.33,3.119247,0.876464,"[PASS]",53.33,20.938544,1.860476,"[PASS]",53.33,6.020445,0.936448,"[PASS]",53.33,0.599444,0.351537,"[PASS]",26.67,2.705783,1.570759,"[PASS]",53.33,2.03476,0.260406,"[PASS]"
65,"BWR139","2010-06-19","2013-06-19",3,26.67,1.320297,0.912496,"[PASS]",53.33,4.310545,0.802568,"[PASS]",53.33,3.65693,0.554871,"[PASS]",26.67,3.384972,0.6858,"[PASS]",26.67,3.364168,0.68063,"[PASS]",53.33,23.860873,2.033657,"[PASS]",26.67,3.573084,0.509652,"[PASS]",53.33,1.072701,0.201663,"[PASS]",26.67,4.880651,2.1753,"[PASS]",53.33,1.3794,0.337629,"[PASS]"
66,"BWR139","2007-06-19","2010-06-19",3,53.33,2.516272,1.171459,"[PASS]",53.33,4.17203,1.231852,"[PASS]",53.33,13.510962,3.400967,"[PASS]",26.67,4.723571,1.142416,"[PASS]",26.67,2.893913,0.589815,"[PASS]",53.33,34.458899,2.726621,"[PASS]",53.33,7.874427,1.456437,"[PASS]",53.33,1.157089,0.178154,"[PASS]",26.67,6.138545,3.011806,"[PASS]",53.33,3.213865,0.589113,"[PASS]"
67,"BWR139","2000-01-04","2003-01-04",3,9.41,4.755224,4.430179,"[PASS]",53.33,9.447532,2.099322,"[PASS]",53.33,3.997676,0.861129,"[PASS]",53.33,2.112364,0.5338,"[PASS]",53.33,1.388602,0.843547,"[PASS]",53.33,35.191989,2.87767,"[PASS]",53.33,4.09361,0.498141,"[PASS]",53.33,6.327705,0.758356,"[PASS]",26.67,1.326426,0.878725,"[PASS]",53.33,2.649464,0.68964,"[PASS]"
68,"CAD150","2020-06-16","2023-06-16",3,20,1.252357,0.78815,"[PASS]",16,0.601146,0.350826,"[PASS]",53.33,7.860395,1.136309,"[PASS]",53.33,11.671881,2.322354,"[PASS]",22.86,0.807936,0.765534,"[PASS]",53.33,5.196825,1.616927,"[PASS]",160,1.129585,0.497895,"[PASS]",53.33,3.517554,0.731263,"[PASS]",53.33,7.378452,2.633973,"[PASS]",26.67,0.727052,0.411336,"[PASS]"
69,"CAD150","2015-07-28","2018-07-28",3,40,2.740916,1.963897,"[PASS]",20,0.644551,0.354998,"[PASS]",53.33,15.836655,2.328582,"[PASS]",53.33,0.977099,0.328595,"[PASS]",4.21,0.349016,0.297937,"[PASS]",53.33,8.589348,1.879279,"[PASS]",53.33,2.839303,0.943253,"[PASS]",53.33,3.139044,0.746552,"[PASS]",53.33,5.091812,2.466279,"[PASS]",20,0.727113,0.497616,"[PASS]"
70,"CAD150","2010-06-08","2013-06-08",3,53.33,0.958293,0.655614,"[PASS]",53.33,2.183341,0.436276,"[PASS]",53.33,1.176414,0.227496,"[PASS]",53.33,0.63199,0.142077,"[PASS]",22.86,0.576912,0.640172,"FAIL (Low SNR)",53.33,18.203496,2.96768,"[PASS]",26.67,1.403765,0.642461,"[PASS]",53.33,5.747098,0.97709,"[PASS]",53.33,4.656646,2.068356,"[PASS]",26.67,0.804885,0.329924,"[PASS]"
71,"CAD150","2007-06-08","2010-06-08",3,17.78,1.211788,0.551444,"[PASS]",53.33,0.863426,0.397908,"[PASS]",53.33,6.103595,1.100306,"[PASS]",53.33,1.985223,0.431229,"[PASS]",22.86,1.0506,0.899005,"[PASS]",53.33,70.901809,6.58684,"[PASS]",53.33,2.632496,0.704236,"[PASS]",53.33,2.859622,0.659798,"[PASS]",53.33,9.935586,3.082549,"[PASS]",53.33,3.63129,0.681569,"[PASS]"
72,"CAD150","2004-06-08","2007-06-08",3,160,1.504561,0.941512,"[PASS]",53.33,2.088815,0.683173,"[PASS]",53.33,4.500885,0.690356,"[PASS]",53.33,3.145591,1.361097,"[PASS]",53.33,2.697785,0.934635,"[PASS]",NA,NA,NA,"FAIL BOXCOX",53.33,3.238401,0.920365,"[PASS]",53.33,6.602889,0.83687,"[PASS]",16,5.95281,4.610727,"[PASS]",16,0.525209,0.310163,"[PASS]"
73,"CAD150","2000-12-26","2003-12-26",3,13.33,0.468691,0.354537,"[PASS]",53.33,1.216703,0.653315,"[PASS]",53.33,0.714428,0.108794,"[PASS]",53.33,3.746134,0.968779,"[PASS]",53.33,2.963091,0.955813,"[PASS]",NA,NA,NA,"FAIL BOXCOX",53.33,2.794395,0.81692,"[PASS]",53.33,9.700788,1.180933,"[PASS]",13.33,3.388665,3.153854,"[PASS]",53.33,0.38591,0.261463,"[PASS]"
74,"CAN407","2019-01-29","2022-01-29",3,53.33,5.688481,0.928694,"[PASS]",53.33,5.711047,0.693565,"[PASS]",53.33,3.200895,0.909916,"[PASS]",53.33,0.256528,0.033644,"[PASS]",53.33,1.007101,0.127513,"[PASS]",17.78,4.342646,1.870732,"[PASS]",53.33,0.016455,0.005898,"LOW POWER WARNING)",53.33,2.274388,0.242921,"[PASS]",53.33,9.985505,3.633357,"[PASS]",53.33,2.394887,0.460518,"[PASS]"
75,"CAN407","2013-10-15","2016-10-15",3,53.33,2.402931,0.454997,"[PASS]",26.67,2.341684,0.424959,"[PASS]",22.86,0.487025,0.307381,"[PASS]",53.33,0.193062,0.02677,"[PASS]",17.78,1.062489,0.524086,"[PASS]",26.67,10.618711,4.023739,"[PASS]",53.33,2.203349,0.648672,"[PASS]",53.33,1.499557,0.21473,"[PASS]",53.33,4.132591,1.924729,"[PASS]",26.67,3.946948,0.584769,"[PASS]"
76,"CAN407","2009-08-29","2012-08-29",3,53.33,4.970373,0.909031,"[PASS]",26.67,3.347588,0.643872,"[PASS]",4.71,1.227464,0.633966,"[PASS]",53.33,1.404496,0.22145,"[PASS]",6.96,0.33505,0.272221,"[PASS]",53.33,16.782199,2.676274,"[PASS]",53.33,5.028639,1.114757,"[PASS]",53.33,1.719389,0.500813,"[PASS]",53.33,9.35679,3.725583,"[PASS]",26.67,2.400941,0.613317,"[PASS]"
77,"CAN407","2006-08-29","2009-08-29",3,53.33,4.587264,0.923791,"[PASS]",26.67,3.105412,0.515931,"[PASS]",53.33,2.2508,2.143415,"[PASS]",53.33,2.803793,0.390232,"[PASS]",53.33,0.256584,0.064349,"[PASS]",53.33,10.447902,2.03854,"[PASS]",53.33,3.25406,0.634521,"[PASS]",53.33,2.458845,0.375802,"[PASS]",53.33,7.286634,6.616015,"[PASS]",26.67,1.990141,0.389624,"[PASS]"
78,"CAN407","2003-08-29","2006-08-29",3,53.33,3.559387,0.591233,"[PASS]",26.67,1.881711,0.484917,"[PASS]",160,0.813129,0.472478,"[PASS]",53.33,0.830048,0.123973,"[PASS]",53.33,1.046657,0.168136,"[PASS]",53.33,3.653016,1.829637,"[PASS]",53.33,2.839516,0.740617,"[PASS]",53.33,3.362664,0.351685,"[PASS]",12.31,0.458761,0.279962,"[PASS]",26.67,1.56942,0.49935,"[PASS]"
79,"CAN407","2000-08-29","2003-08-29",3,53.33,6.79641,0.924396,"[PASS]",26.67,2.564877,0.428876,"[PASS]",6.67,0.077869,0.085482,"FAIL (Low SNR)",53.33,1.69642,0.193098,"[PASS]",53.33,0.296352,0.124562,"[PASS]",53.33,4.080298,1.359586,"[PASS]",53.33,2.091981,0.449446,"[PASS]",53.33,2.015775,0.375035,"[PASS]",26.67,0.115726,0.113275,"[PASS]",26.67,2.241737,0.365702,"[PASS]"
80,"CAT175","2014-03-15","2017-03-15",3,53.33,0.998607,0.26082,"[PASS]",13.33,0.775936,0.560164,"[PASS]",53.33,6.74177,1.150842,"[PASS]",26.67,0.208871,0.071026,"[PASS]",26.67,0.648137,0.396207,"[PASS]",53.33,18.768959,2.049713,"[PASS]",53.33,10.450081,1.633869,"[PASS]",53.33,0.673487,0.561171,"[PASS]",53.33,10.230977,3.109803,"[PASS]",53.33,1.871692,0.681634,"[PASS]"
81,"CAT175","2011-03-15","2014-03-15",3,53.33,0.604277,0.493751,"[PASS]",26.67,0.550573,0.52808,"[PASS]",NA,NA,NA,NA,53.33,0.468811,0.17587,"[PASS]",26.67,1.537281,0.403129,"[PASS]",53.33,27.097124,2.576185,"[PASS]",NA,NA,NA,NA,53.33,1.358624,0.367843,"[PASS]",53.33,9.787351,1.586067,"[PASS]",53.33,2.190583,0.527845,"[PASS]"
82,"CDR119","2017-05-02","2020-05-02",3,53.33,7.406969,2.972011,"[PASS]",53.33,7.23982,1.152233,"[PASS]",53.33,22.696884,3.739653,"[PASS]",53.33,1.128133,0.217924,"[PASS]",26.67,0.723327,0.347803,"[PASS]",NA,NA,NA,"FAIL BOXCOX",53.33,16.955825,1.836462,"[PASS]",9.41,1.078292,0.450368,"[PASS]",53.33,63.349171,12.454429,"[PASS]",53.33,21.733811,1.991595,"[PASS]"
83,"CDR119","2012-07-03","2015-07-03",3,53.33,11.877059,2.101487,"[PASS]",53.33,6.95129,0.917707,"[PASS]",26.67,16.10862,5.921999,"[PASS]",53.33,6.328567,1.241677,"[PASS]",26.67,1.036331,0.3803,"[PASS]",NA,NA,NA,"FAIL BOXCOX",53.33,28.122155,2.371303,"[PASS]",53.33,2.896939,0.905543,"[PASS]",53.33,39.155666,4.333929,"[PASS]",53.33,17.524164,1.350346,"[PASS]"
84,"CDR119","2006-01-04","2009-01-04",3,26.67,2.489789,0.849969,"[PASS]",53.33,7.069739,0.798055,"[PASS]",53.33,1.356703,0.245125,"[PASS]",53.33,0.655169,0.286563,"[PASS]",53.33,8.458613,0.744098,"[PASS]",NA,NA,NA,"FAIL BOXCOX",53.33,7.522051,0.829357,"[PASS]",53.33,5.75775,0.503249,"[PASS]",53.33,46.065483,7.721555,"[PASS]",53.33,8.818777,0.815181,"[PASS]"
85,"CDR119","2003-01-04","2006-01-04",3,53.33,3.073927,1.122649,"[PASS]",53.33,9.848123,0.955665,"[PASS]",NA,NA,NA,"FAIL BOXCOX",53.33,0.670566,0.145714,"[PASS]",53.33,8.437724,0.852497,"[PASS]",NA,NA,NA,"FAIL BOXCOX",53.33,18.393102,1.587024,"[PASS]",53.33,7.69514,0.729176,"[PASS]",53.33,21.83699,2.45669,"[PASS]",53.33,12.137332,0.968837,"[PASS]"
86,"CDR119","2000-01-04","2003-01-04",3,26.67,17.058178,6.219279,"[PASS]",53.33,3.91468,0.695707,"[PASS]",53.33,1.597221,0.478299,"[PASS]",26.67,122.61512,41.478425,"[PASS]",53.33,6.610284,0.741456,"[PASS]",NA,NA,NA,"FAIL BOXCOX",53.33,13.220033,1.190898,"[PASS]",53.33,5.134455,0.470236,"[PASS]",53.33,9.446825,2.245119,"[PASS]",53.33,5.656968,0.675303,"[PASS]"
87,"CDZ171","2011-10-04","2014-10-04",3,6.15,1.216617,0.76406,"[PASS]",53.33,0.625917,0.47269,"[PASS]",53.33,1.031615,0.14131,"[PASS]",53.33,0.822213,0.238058,"[PASS]",26.67,1.188977,0.618053,"[PASS]",53.33,32.74179,3.057591,"[PASS]",53.33,4.719278,0.73248,"[PASS]",53.33,4.875479,1.042353,"[PASS]",53.33,7.411051,3.52862,"[PASS]",53.33,1.596935,0.258526,"[PASS]"
88,"CDZ171","2004-08-28","2007-08-28",3,5.52,1.174401,0.757085,"[PASS]",53.33,0.928275,0.630544,"[PASS]",53.33,0.896795,0.119419,"[PASS]",53.33,0.642357,0.461442,"[PASS]",53.33,4.886002,0.882506,"[PASS]",53.33,43.314263,3.638474,"[PASS]",53.33,9.385194,1.813245,"[PASS]",53.33,4.877183,0.501852,"[PASS]",53.33,16.762509,8.166355,"[PASS]",53.33,2.625564,0.338658,"[PASS]"
89,"CDZ171","2001-08-28","2004-08-28",3,5.93,0.826467,0.68855,"[PASS]",10.67,0.74258,0.655518,"[PASS]",53.33,0.474083,0.075261,"[PASS]",26.67,0.101935,0.086649,"[PASS]",53.33,2.186471,0.710605,"[PASS]",53.33,51.496693,4.181608,"[PASS]",53.33,19.081039,2.34427,"[PASS]",53.33,5.453043,0.574651,"[PASS]",53.33,2.909168,1.765146,"[PASS]",53.33,3.108205,0.458705,"[PASS]"
90,"CHA467","2019-01-22","2022-01-22",3,53.33,1.568558,0.726904,"[PASS]",53.33,13.989002,1.167459,"[PASS]",53.33,0.500588,0.057695,"[PASS]",53.33,0.536411,0.100004,"[PASS]",53.33,3.030624,0.26666,"[PASS]",53.33,1.602084,0.297084,"[PASS]",80,0.806404,0.443074,"[PASS]",53.33,4.864539,0.463702,"[PASS]",53.33,4.313601,0.893696,"[PASS]",53.33,7.995724,0.638241,"[PASS]"
91,"CHA467","2015-07-29","2018-07-29",3,26.67,3.480843,1.305898,"[PASS]",53.33,10.931517,0.905742,"[PASS]",53.33,3.01566,0.396214,"[PASS]",53.33,9.522928,1.706966,"[PASS]",53.33,5.255169,0.444236,"[PASS]",53.33,2.431609,0.494226,"[PASS]",160,0.388898,0.200777,"[PASS]",53.33,8.142272,0.839197,"[PASS]",53.33,20.622438,3.83192,"[PASS]",53.33,9.294685,0.711143,"[PASS]"
92,"CHA467","2012-07-29","2015-07-29",3,53.33,9.644817,2.486357,"[PASS]",53.33,12.479335,1.354419,"[PASS]",53.33,7.817534,0.825083,"[PASS]",53.33,11.470109,1.406626,"[PASS]",53.33,2.595102,0.225567,"[PASS]",53.33,2.78272,0.468957,"[PASS]",26.67,1.048289,0.315405,"[PASS]",53.33,9.148758,0.799532,"[PASS]",53.33,6.215914,1.067652,"[PASS]",53.33,8.242977,0.672193,"[PASS]"
93,"CHA467","2009-07-29","2012-07-29",3,53.33,1.54208,0.923204,"[PASS]",53.33,12.683369,1.221944,"[PASS]",53.33,14.599182,2.451399,"[PASS]",53.33,4.294627,0.775078,"[PASS]",53.33,2.071787,0.205594,"[PASS]",53.33,1.098906,0.343098,"[PASS]",26.67,1.453247,0.612129,"[PASS]",53.33,5.144376,0.52998,"[PASS]",53.33,4.508279,0.847654,"[PASS]",53.33,5.583512,0.571653,"[PASS]"
94,"CHA467","2006-07-29","2009-07-29",3,26.67,2.69637,1.082662,"[PASS]",53.33,8.434266,0.826634,"[PASS]",53.33,2.304257,0.437948,"[PASS]",53.33,7.698529,1.869231,"[PASS]",53.33,3.492484,0.350064,"[PASS]",53.33,1.69565,0.511395,"[PASS]",26.67,0.481502,0.217707,"[PASS]",53.33,9.013376,0.890239,"[PASS]",53.33,7.479675,2.738263,"[PASS]",53.33,4.867568,0.471151,"[PASS]"
95,"CHA467","2003-07-29","2006-07-29",3,53.33,1.720531,1.032995,"[PASS]",53.33,6.976284,0.825121,"[PASS]",53.33,0.330662,0.085888,"[PASS]",53.33,1.188979,0.247288,"[PASS]",53.33,3.467185,0.350769,"[PASS]",53.33,0.988491,0.231149,"[PASS]",40,0.340298,0.231848,"[PASS]",53.33,8.683602,0.830565,"[PASS]",53.33,2.632001,0.535591,"[PASS]",53.33,4.69507,0.530897,"[PASS]"
96,"CHA467","2000-01-04","2003-01-04",3,53.33,2.770875,1.168968,"[PASS]",53.33,9.692244,0.922221,"[PASS]",53.33,3.216341,0.356302,"[PASS]",53.33,3.463,0.522762,"[PASS]",53.33,3.079797,0.259942,"[PASS]",53.33,2.543645,0.622566,"[PASS]",26.67,1.021812,0.450459,"[PASS]",53.33,9.92656,0.792546,"[PASS]",53.33,1.730248,0.481245,"[PASS]",53.33,7.607339,0.623296,"[PASS]"
97,"CHE185","2020-09-15","2023-09-15",3,7.27,0.848093,0.838951,"[PASS]",16,0.396198,0.286018,"[PASS]",53.33,16.992845,3.57359,"[PASS]",53.33,0.542902,0.179404,"[PASS]",26.67,2.498998,1.228256,"[PASS]",53.33,16.320434,2.036875,"[PASS]",53.33,1.113593,0.51007,"[PASS]",53.33,2.495668,0.561658,"[PASS]",53.33,9.33931,3.85534,"[PASS]",53.33,2.614044,0.43863,"[PASS]"
98,"CHE185","2015-01-27","2018-01-27",3,40,1.55676,1.148767,"[PASS]",26.67,0.359351,0.369329,"FAIL (Low SNR)",53.33,8.344684,1.373099,"[PASS]",53.33,1.138917,0.460709,"[PASS]",26.67,1.332867,0.825899,"[PASS]",53.33,16.790876,2.693868,"[PASS]",53.33,4.602302,0.639552,"[PASS]",53.33,2.773522,0.75885,"[PASS]",53.33,5.130967,4.076756,"[PASS]",53.33,2.021982,0.418028,"[PASS]"
99,"CHE185","2012-01-27","2015-01-27",3,10,1.612781,0.948937,"[PASS]",53.33,0.693086,0.447309,"[PASS]",53.33,47.385875,11.118413,"[PASS]",53.33,4.180926,0.961016,"[PASS]",53.33,1.433642,0.847295,"[PASS]",53.33,25.321178,2.869872,"[PASS]",53.33,2.873122,0.594133,"[PASS]",53.33,4.832532,1.135688,"[PASS]",53.33,8.321282,3.961414,"[PASS]",53.33,3.788407,0.580683,"[PASS]"
100,"CHE185","2009-01-27","2012-01-27",3,22.86,1.063897,0.816344,"[PASS]",53.33,1.952676,0.569372,"[PASS]",53.33,4.287772,1.500033,"[PASS]",53.33,0.800707,0.261523,"[PASS]",53.33,2.963001,0.999711,"[PASS]",53.33,38.823113,3.461521,"[PASS]",53.33,4.475915,0.707785,"[PASS]",53.33,3.126546,1.180247,"[PASS]",53.33,14.762241,4.23955,"[PASS]",53.33,3.363245,0.385886,"[PASS]"
101,"CHE185","2002-04-02","2005-04-02",3,NA,NA,NA,"FAIL BOXCOX",53.33,0.995087,0.680832,"[PASS]",NA,NA,NA,"FAIL BOXCOX",53.33,0.586478,0.217128,"[PASS]",26.67,1.814957,0.829064,"[PASS]",53.33,50.010801,4.197636,"[PASS]",53.33,7.940924,1.095801,"[PASS]",53.33,3.985349,0.789519,"[PASS]",16,8.259837,6.305959,"[PASS]",53.33,2.22515,0.203784,"[PASS]"
102,"CKT136","2021-05-01","2024-05-01",3,26.67,1.404254,0.564859,"[PASS]",53.33,0.847693,0.332314,"[PASS]",53.33,11.228692,1.359266,"[PASS]",26.67,0.254309,0.11357,"[PASS]",10.67,0.947144,0.773061,"[PASS]",53.33,24.994904,2.549287,"[PASS]",53.33,2.552112,0.93814,"[PASS]",53.33,0.907454,0.42076,"[PASS]",53.33,15.776382,3.801444,"[PASS]",53.33,4.377021,0.653833,"[PASS]"
103,"CKT136","2018-05-01","2021-05-01",3,26.67,0.856841,0.358636,"[PASS]",53.33,4.080043,1.011362,"[PASS]",53.33,18.682302,2.036179,"[PASS]",53.33,0.555388,0.139818,"[PASS]",26.67,1.347978,0.822788,"[PASS]",53.33,39.254791,3.577868,"[PASS]",53.33,7.770107,1.16151,"[PASS]",26.67,0.756636,0.501517,"[PASS]",17.78,3.174973,2.411599,"[PASS]",53.33,8.117117,0.93148,"[PASS]"
104,"CKT136","2003-09-09","2006-09-09",3,26.67,1.261723,0.442348,"[PASS]",53.33,4.205528,0.581007,"[PASS]",53.33,0.900073,0.15907,"[PASS]",26.67,0.636,0.322489,"[PASS]",53.33,8.591625,0.881594,"[PASS]",53.33,30.342199,3.439819,"[PASS]",53.33,34.189246,5.457579,"[PASS]",53.33,9.635833,0.839643,"[PASS]",53.33,17.30295,5.333109,"[PASS]",53.33,8.044208,0.807819,"[PASS]"
105,"CKT136","2000-01-04","2003-01-04",3,26.67,3.340165,1.639397,"[PASS]",53.33,2.034127,0.415798,"[PASS]",53.33,60.101341,12.734683,"[PASS]",26.67,20.514668,7.268788,"[PASS]",53.33,3.003052,0.49587,"[PASS]",53.33,26.475631,3.174878,"[PASS]",53.33,19.231722,2.101415,"[PASS]",53.33,4.540194,0.452341,"[PASS]",53.33,5.192383,2.143173,"[PASS]",53.33,2.317537,0.283588,"[PASS]"
106,"CND125","2017-09-26","2020-09-26",3,53.33,1.652291,1.629544,"[PASS]",8,0.392549,0.448416,"FAIL (Low SNR)",53.33,22.226615,5.088228,"[PASS]",26.67,10.225402,4.351796,"[PASS]",8.89,0.731137,0.691155,"[PASS]",53.33,11.142103,1.500797,"[PASS]",53.33,12.219069,1.133691,"[PASS]",53.33,1.055675,0.31682,"[PASS]",26.67,7.750003,3.339521,"[PASS]",53.33,2.324311,0.439438,"[PASS]"
107,"CND125","2010-08-17","2013-08-17",3,26.67,14.879184,3.011261,"[PASS]",80,0.527171,0.41267,"[PASS]",53.33,40.983419,11.825496,"[PASS]",26.67,5.625079,1.17548,"[PASS]",26.67,1.299826,0.541026,"[PASS]",53.33,41.426918,3.321356,"[PASS]",53.33,10.133046,1.073901,"[PASS]",53.33,1.07169,0.208043,"[PASS]",26.67,5.567441,3.198026,"[PASS]",53.33,3.024336,0.36869,"[PASS]"
108,"CND125","2007-08-17","2010-08-17",3,26.67,5.047709,3.103261,"[PASS]",160,0.862166,0.505271,"[PASS]",53.33,2.150907,0.742475,"[PASS]",53.33,1.902306,0.602316,"[PASS]",26.67,1.791395,0.647179,"[PASS]",53.33,40.824564,3.24163,"[PASS]",53.33,11.502775,1.265721,"[PASS]",53.33,5.707367,0.720491,"[PASS]",26.67,4.767723,2.684884,"[PASS]",53.33,2.451388,0.339247,"[PASS]"
109,"CND125","2004-08-17","2007-08-17",3,53.33,0.722108,0.268752,"[PASS]",53.33,1.253466,0.516115,"[PASS]",53.33,2.424469,0.503864,"[PASS]",53.33,4.863206,2.475219,"[PASS]",53.33,6.740802,0.949922,"[PASS]",53.33,53.149502,4.010118,"[PASS]",53.33,12.175558,1.195342,"[PASS]",53.33,7.772509,0.674274,"[PASS]",20,3.673691,2.963454,"[PASS]",53.33,2.463218,0.275792,"[PASS]"
110,"CND125","2000-01-25","2003-01-25",3,26.67,4.754808,2.021597,"[PASS]",53.33,1.697386,1.101865,"[PASS]",NA,NA,NA,"FAIL BOXCOX",53.33,4.363928,1.919921,"[PASS]",53.33,1.887639,0.81417,"[PASS]",53.33,37.829427,3.32619,"[PASS]",53.33,12.596439,1.216887,"[PASS]",53.33,7.053867,0.914286,"[PASS]",14.55,3.580193,2.597613,"[PASS]",53.33,3.169722,0.457407,"[PASS]"
111,"CNT169","2020-10-27","2023-10-27",3,53.33,17.12213,1.398853,"[PASS]",53.33,21.716905,1.637397,"[PASS]",NA,NA,NA,"FAIL BOXCOX",NA,NA,NA,"FAIL BOXCOX",53.33,12.569343,1.393727,"[PASS]",53.33,8.667436,0.988256,"[PASS]",53.33,0.79202,0.267865,"[PASS]",53.33,2.951628,0.265219,"[PASS]",53.33,27.607092,2.749898,"[PASS]",53.33,8.766223,0.679571,"[PASS]"
112,"CNT169","2012-01-04","2015-01-04",3,53.33,30.24071,2.395464,"[PASS]",53.33,21.566015,1.620536,"[PASS]",NA,NA,NA,"FAIL BOXCOX",NA,NA,NA,"FAIL BOXCOX",53.33,2.765426,0.268551,"[PASS]",53.33,9.29166,1.161452,"[PASS]",26.67,0.470581,0.233352,"[PASS]",53.33,4.834755,0.428349,"[PASS]",53.33,33.347648,3.276468,"[PASS]",53.33,8.648288,0.627816,"[PASS]"
113,"CNT169","2009-01-04","2012-01-04",3,NA,NA,NA,NA,NA,NA,NA,NA,NA,NA,NA,"FAIL BOXCOX",NA,NA,NA,"FAIL BOXCOX",NA,NA,NA,NA,NA,NA,NA,"FAIL BOXCOX",NA,NA,NA,NA,NA,NA,NA,NA,NA,NA,NA,"FAIL BOXCOX",NA,NA,NA,NA
114,"CNT169","2006-01-04","2009-01-04",3,53.33,19.923948,1.55203,"[PASS]",53.33,11.17002,0.842883,"[PASS]",NA,NA,NA,"FAIL BOXCOX",NA,NA,NA,"FAIL BOXCOX",53.33,2.416125,0.189391,"[PASS]",NA,NA,NA,"FAIL BOXCOX",4.71,0.113602,0.114345,"FAIL (Low SNR)",53.33,7.175764,0.599256,"[PASS]",NA,NA,NA,"FAIL BOXCOX",53.33,6.551076,0.488843,"[PASS]"
115,"CNT169","2003-01-04","2006-01-04",3,NA,NA,NA,"FAIL BOXCOX",53.33,5.843816,0.575407,"[PASS]",NA,NA,NA,"FAIL BOXCOX",NA,NA,NA,"FAIL BOXCOX",53.33,2.526024,0.200921,"[PASS]",NA,NA,NA,"FAIL BOXCOX",80,0.273863,0.168735,"[PASS]",53.33,6.136361,0.484538,"[PASS]",NA,NA,NA,"FAIL BOXCOX",53.33,5.320354,0.477562,"[PASS]"
116,"CNT169","2000-01-04","2003-01-04",3,53.33,20.026802,1.561939,"[PASS]",53.33,4.827062,0.639098,"[PASS]",53.33,27.568377,2.042735,"[PASS]",NA,NA,NA,"FAIL BOXCOX",53.33,1.995249,0.217282,"[PASS]",53.33,7.158091,0.799317,"[PASS]",4.57,0.592402,0.3945,"[PASS]",53.33,2.982219,0.338432,"[PASS]",53.33,1.697379,0.299194,"[PASS]",53.33,6.150506,0.60848,"[PASS]"
117,"CON186","2006-07-04","2009-07-04",3,53.33,3.01491,0.28191,"[PASS]",53.33,59.421411,4.075379,"[PASS]",53.33,6.564119,0.541797,"[PASS]",53.33,2.528688,0.203514,"[PASS]",53.33,6.181601,0.782751,"[PASS]",53.33,16.073515,2.832869,"[PASS]",53.33,6.670775,0.595319,"[PASS]",53.33,22.941487,1.567652,"[PASS]",53.33,7.761679,0.717767,"[PASS]",53.33,88.842276,7.225326,"[PASS]"
118,"CON186","2003-06-17","2006-06-17",3,NA,NA,NA,"FAIL BOXCOX",NA,NA,NA,"FAIL BOXCOX",53.33,14.263017,1.094828,"[PASS]",53.33,1.60524,0.135097,"[PASS]",53.33,7.612376,0.933399,"[PASS]",53.33,16.945856,3.061877,"[PASS]",53.33,12.462133,0.932296,"[PASS]",53.33,29.280649,1.913967,"[PASS]",53.33,10.199937,0.953218,"[PASS]",53.33,101.604349,7.438297,"[PASS]"
119,"COW137","2019-11-12","2022-11-12",3,53.33,5.208089,2.185511,"[PASS]",53.33,3.792475,0.480051,"[PASS]",53.33,3.262588,0.443133,"[PASS]",53.33,15.041595,4.351841,"[PASS]",53.33,0.345986,0.091342,"[PASS]",53.33,27.43038,3.685523,"[PASS]",NA,NA,NA,"FAIL BOXCOX",53.33,1.966553,0.327965,"[PASS]",53.33,24.740751,8.343884,"[PASS]",53.33,7.699176,0.739216,"[PASS]"
120,"COW137","2015-01-04","2018-01-04",3,53.33,4.007737,1.49289,"[PASS]",53.33,1.342897,0.341412,"[PASS]",53.33,81.401165,13.181294,"[PASS]",53.33,25.294707,6.432671,"[PASS]",53.33,0.964779,0.56502,"[PASS]",53.33,27.89337,3.80352,"[PASS]",53.33,10.016764,1.341338,"[PASS]",53.33,2.765658,0.621872,"[PASS]",53.33,11.116538,5.788535,"[PASS]",53.33,6.205418,1.185156,"[PASS]"
121,"COW137","2012-01-04","2015-01-04",3,26.67,8.488632,3.585499,"[PASS]",53.33,2.490902,0.461668,"[PASS]",53.33,21.679773,2.61199,"[PASS]",53.33,8.168261,2.234502,"[PASS]",53.33,1.239323,0.290676,"[PASS]",53.33,35.881381,4.512105,"[PASS]",53.33,32.286942,3.155277,"[PASS]",53.33,6.443481,0.92228,"[PASS]",53.33,9.576164,6.531783,"[PASS]",53.33,5.738516,0.789231,"[PASS]"
122,"COW137","2009-01-04","2012-01-04",3,53.33,1.571227,0.543142,"[PASS]",53.33,5.296706,0.624812,"[PASS]",53.33,10.453948,2.284377,"[PASS]",53.33,12.294945,2.608317,"[PASS]",53.33,4.699378,0.635925,"[PASS]",NA,NA,NA,"FAIL BOXCOX",53.33,33.999736,2.926289,"[PASS]",53.33,8.871367,0.920995,"[PASS]",53.33,38.706321,12.55726,"[PASS]",53.33,8.555396,0.960531,"[PASS]"
123,"COW137","2006-01-04","2009-01-04",3,53.33,5.991772,1.311558,"[PASS]",53.33,5.739981,0.742089,"[PASS]",53.33,242.755094,32.165214,"[PASS]",53.33,8.809948,1.920576,"[PASS]",53.33,13.166264,1.04771,"[PASS]",NA,NA,NA,"FAIL BOXCOX",53.33,15.847074,1.621542,"[PASS]",53.33,20.579883,1.556673,"[PASS]",53.33,5.609418,4.346285,"[PASS]",53.33,6.466652,0.709498,"[PASS]"
124,"COW137","2003-01-04","2006-01-04",3,53.33,1.287243,0.580902,"[PASS]",53.33,6.212723,0.722893,"[PASS]",53.33,0.049646,0.005738,"LOW POWER WARNING)",53.33,1.302793,0.371503,"[PASS]",53.33,12.157892,1.067337,"[PASS]",NA,NA,NA,"FAIL BOXCOX",53.33,31.918745,2.410157,"[PASS]",53.33,15.61305,1.32671,"[PASS]",80,4.943007,4.42224,"[PASS]",53.33,8.287203,0.799747,"[PASS]"
125,"COW137","2000-01-04","2003-01-04",3,53.33,11.818043,4.139501,"[PASS]",53.33,2.095785,0.395145,"[PASS]",53.33,0.561875,0.074202,"[PASS]",53.33,24.07441,4.585855,"[PASS]",53.33,9.529963,0.924082,"[PASS]",NA,NA,NA,"FAIL BOXCOX",53.33,24.00742,2.124302,"[PASS]",53.33,10.065897,0.846908,"[PASS]",53.33,3.196329,1.496969,"[PASS]",53.33,3.145364,0.472961,"[PASS]"
126,"CTH110","2019-01-05","2022-01-05",3,53.33,2.253155,0.660133,"[PASS]",53.33,0.979548,0.429652,"[PASS]",53.33,50.160726,7.254864,"[PASS]",53.33,2.285308,0.58154,"[PASS]",53.33,5.803655,1.508972,"[PASS]",53.33,53.289959,3.533247,"[PASS]",53.33,12.386204,1.831173,"[PASS]",4.32,0.645622,0.37974,"[PASS]",53.33,52.334198,7.027571,"[PASS]",53.33,10.903585,0.961196,"[PASS]"
127,"CTH110","2016-01-05","2019-01-05",3,53.33,2.90131,0.575975,"[PASS]",53.33,0.642906,0.366279,"[PASS]",53.33,151.912967,26.53312,"[PASS]",53.33,0.670738,0.131802,"[PASS]",26.67,3.753502,1.148569,"[PASS]",53.33,62.958669,4.321386,"[PASS]",53.33,5.165452,0.767604,"[PASS]",26.67,0.74402,0.377874,"[PASS]",53.33,50.715961,6.388827,"[PASS]",53.33,6.745875,0.770065,"[PASS]"
128,"CTH110","2007-08-28","2010-08-28",3,53.33,6.501644,1.40407,"[PASS]",53.33,1.119166,0.660935,"[PASS]",53.33,49.84361,24.98831,"[PASS]",53.33,3.550614,0.806467,"[PASS]",26.67,1.08429,0.586015,"[PASS]",53.33,32.051569,2.519609,"[PASS]",53.33,10.221067,1.989908,"[PASS]",53.33,1.860116,0.406631,"[PASS]",53.33,36.197856,4.355114,"[PASS]",53.33,5.883695,0.694715,"[PASS]"
129,"CTH110","2004-08-28","2007-08-28",3,53.33,1.955646,0.323713,"[PASS]",53.33,0.908726,0.732653,"[PASS]",53.33,40.471579,6.164357,"[PASS]",53.33,0.294194,0.05427,"[PASS]",53.33,4.545234,0.982448,"[PASS]",53.33,40.642377,3.621219,"[PASS]",53.33,15.850481,2.031815,"[PASS]",53.33,2.696437,0.42744,"[PASS]",53.33,69.813533,9.588534,"[PASS]",53.33,3.639932,0.627095,"[PASS]"
130,"CTH110","2001-08-28","2004-08-28",3,53.33,1.216812,0.510083,"[PASS]",6.67,0.892935,0.649969,"[PASS]",NA,NA,NA,"FAIL BOXCOX",53.33,0.549092,0.22441,"[PASS]",53.33,2.811426,0.605377,"[PASS]",53.33,32.187748,2.855661,"[PASS]",53.33,10.224811,1.021167,"[PASS]",53.33,3.007146,0.392774,"[PASS]",53.33,17.256176,2.005474,"[PASS]",53.33,3.061963,0.487853,"[PASS]"
131,"CVL151","2020-06-09","2023-06-09",3,20,1.717073,0.888707,"[PASS]",53.33,1.849352,1.041107,"[PASS]",53.33,9.852079,1.93798,"[PASS]",53.33,7.375254,3.560096,"[PASS]",17.78,1.14235,0.648245,"[PASS]",53.33,5.386592,1.152734,"[PASS]",53.33,9.079387,1.392056,"[PASS]",53.33,1.450456,0.520657,"[PASS]",53.33,4.961234,3.092261,"[PASS]",53.33,3.121136,0.589701,"[PASS]"
132,"CVL151","2015-01-20","2018-01-20",3,6.15,1.408848,1.498779,"FAIL (Low SNR)",6.15,0.590702,0.325306,"[PASS]",53.33,144.787492,30.914552,"[PASS]",53.33,2.304927,1.348077,"[PASS]",26.67,0.421117,0.223372,"[PASS]",53.33,4.188699,1.337543,"[PASS]",53.33,6.514673,0.98623,"[PASS]",53.33,1.93016,0.577056,"[PASS]",53.33,4.998543,3.669396,"[PASS]",53.33,0.967874,0.533772,"[PASS]"
133,"CVL151","2012-01-20","2015-01-20",3,5.16,0.849492,0.778634,"[PASS]",53.33,1.099008,0.761953,"[PASS]",53.33,7.832107,1.057718,"[PASS]",53.33,2.435192,0.635501,"[PASS]",22.86,0.623367,0.516289,"[PASS]",53.33,6.67219,1.321912,"[PASS]",53.33,9.050396,0.933038,"[PASS]",53.33,2.444831,0.753692,"[PASS]",53.33,5.205021,3.197552,"[PASS]",53.33,2.31522,0.534669,"[PASS]"
134,"CVL151","2009-01-20","2012-01-20",3,22.86,3.223212,1.064747,"[PASS]",53.33,1.131095,0.57814,"[PASS]",53.33,3.82352,0.907461,"[PASS]",53.33,2.235968,0.615898,"[PASS]",13.33,0.72795,0.403516,"[PASS]",53.33,9.185997,1.631338,"[PASS]",53.33,10.44783,1.343176,"[PASS]",53.33,3.603774,0.781558,"[PASS]",53.33,12.49247,3.300839,"[PASS]",53.33,3.97353,0.765754,"[PASS]"
135,"CVL151","2000-06-13","2003-06-13",3,8.89,0.405983,0.418945,"FAIL (Low SNR)",4.21,1.235936,1.039304,"[PASS]",53.33,2.072033,0.426176,"[PASS]",53.33,2.030793,0.574449,"[PASS]",53.33,1.256853,0.785679,"[PASS]",53.33,14.773453,2.145294,"[PASS]",53.33,12.148387,1.787473,"[PASS]",53.33,4.917659,0.885176,"[PASS]",53.33,3.919987,2.052344,"[PASS]",53.33,3.047844,0.731741,"[PASS]"
136,"DCP114","2019-03-15","2022-03-15",3,53.33,0.638737,0.240189,"[PASS]",53.33,4.019612,0.541779,"[PASS]",53.33,118.837979,11.771135,"[PASS]",53.33,0.150892,0.031138,"[PASS]",26.67,5.99039,1.309855,"[PASS]",53.33,56.328696,3.92622,"[PASS]",53.33,3.406085,0.823859,"[PASS]",26.67,1.721992,0.411463,"[PASS]",53.33,39.863224,8.054544,"[PASS]",53.33,4.492665,0.451111,"[PASS]"
137,"DCP114","2016-03-15","2019-03-15",3,26.67,0.912536,0.470071,"[PASS]",53.33,4.703087,0.651135,"[PASS]",53.33,14.839748,1.600807,"[PASS]",53.33,0.231963,0.142995,"[PASS]",53.33,4.905256,1.02348,"[PASS]",53.33,52.744754,3.826878,"[PASS]",53.33,3.927362,0.640956,"[PASS]",6.67,0.547301,0.354174,"[PASS]",53.33,99.699114,12.835321,"[PASS]",53.33,4.299595,0.471683,"[PASS]"
138,"DCP114","2011-09-23","2014-09-23",3,53.33,0.631957,0.417701,"[PASS]",53.33,6.241321,0.814011,"[PASS]",53.33,3.025439,0.499081,"[PASS]",53.33,0.624932,0.209743,"[PASS]",26.67,1.919324,0.478502,"[PASS]",53.33,56.932836,3.847768,"[PASS]",53.33,5.595758,0.764389,"[PASS]",53.33,1.70939,0.490345,"[PASS]",53.33,26.747074,3.538831,"[PASS]",53.33,3.114793,0.38535,"[PASS]"
139,"DCP114","2008-09-23","2011-09-23",3,26.67,5.048063,1.915334,"[PASS]",53.33,3.693424,0.956106,"[PASS]",53.33,178.137791,33.558384,"[PASS]",53.33,2.713225,1.053763,"[PASS]",26.67,3.473987,0.614343,"[PASS]",53.33,59.232506,4.130651,"[PASS]",53.33,7.115314,0.702087,"[PASS]",53.33,1.554434,0.425748,"[PASS]",53.33,112.247052,10.701637,"[PASS]",53.33,3.009555,0.35446,"[PASS]"
140,"DCP114","2003-01-04","2006-01-04",3,13.33,0.429505,0.220229,"[PASS]",53.33,5.322478,1.39219,"[PASS]",53.33,0.133267,0.025779,"[PASS]",53.33,0.032956,0.015594,"[PASS]",53.33,2.091109,0.617631,"[PASS]",53.33,50.507143,4.218101,"[PASS]",53.33,7.083744,1.000341,"[PASS]",53.33,4.636512,0.532066,"[PASS]",53.33,29.060422,3.401412,"[PASS]",53.33,0.996917,0.18127,"[PASS]"
141,"DCP114","2000-01-04","2003-01-04",3,9.41,1.120097,0.865708,"[PASS]",53.33,10.719517,1.457236,"[PASS]",53.33,4.627401,0.733251,"[PASS]",53.33,3.404252,1.123586,"[PASS]",53.33,1.368019,0.89225,"[PASS]",53.33,49.175231,4.138539,"[PASS]",53.33,8.537082,1.010733,"[PASS]",53.33,3.600757,0.491783,"[PASS]",53.33,15.972126,2.944539,"[PASS]",53.33,0.448486,0.216147,"[PASS]"
142,"DEN417","2017-07-04","2020-07-04",3,53.33,15.15832,2.868085,"[PASS]",NA,NA,NA,"FAIL BOXCOX",NA,NA,NA,"FAIL BOXCOX",NA,NA,NA,"FAIL BOXCOX",53.33,14.889495,2.852,"[PASS]",NA,NA,NA,"FAIL BOXCOX",53.33,57.212377,5.644725,"[PASS]",53.33,3.688544,1.176073,"[PASS]",53.33,60.142042,9.086612,"[PASS]",53.33,150.131368,47.266048,"[PASS]"
143,"DEN417","2014-01-01","2017-01-01",3,53.33,14.42977,1.573427,"[PASS]",53.33,652.49175,210.123583,"[PASS]",NA,NA,NA,"FAIL BOXCOX",NA,NA,NA,"FAIL BOXCOX",53.33,19.002186,2.99287,"[PASS]",NA,NA,NA,"FAIL BOXCOX",53.33,15.853897,1.829282,"[PASS]",53.33,7.275039,2.068953,"[PASS]",53.33,33.003002,7.245471,"[PASS]",53.33,274.949392,57.778777,"[PASS]"
144,"DEN417","2011-01-01","2014-01-01",3,53.33,15.949456,2.173375,"[PASS]",53.33,93.67855,14.306476,"[PASS]",NA,NA,NA,"FAIL BOXCOX",NA,NA,NA,"FAIL BOXCOX",53.33,5.41849,0.823089,"[PASS]",NA,NA,NA,"FAIL BOXCOX",53.33,70.01865,5.754299,"[PASS]",53.33,9.673303,1.456794,"[PASS]",53.33,91.737732,9.55991,"[PASS]",53.33,42.52233,6.310122,"[PASS]"
145,"DEN417","2008-01-01","2011-01-01",3,53.33,37.773642,8.152954,"[PASS]",26.67,308.5584,96.480435,"[PASS]",NA,NA,NA,"FAIL BOXCOX",NA,NA,NA,"FAIL BOXCOX",53.33,14.955834,3.295727,"[PASS]",NA,NA,NA,"FAIL BOXCOX",53.33,35.547773,3.832179,"[PASS]",53.33,8.590815,2.254104,"[PASS]",53.33,74.281622,7.152103,"[PASS]",53.33,61.299822,13.270765,"[PASS]"
146,"DEN417","2005-01-01","2008-01-01",3,NA,NA,NA,"FAIL BOXCOX",53.33,34.681834,10.54856,"[PASS]",NA,NA,NA,"FAIL BOXCOX",NA,NA,NA,"FAIL BOXCOX",53.33,25.537443,4.067528,"[PASS]",NA,NA,NA,"FAIL BOXCOX",53.33,50.425172,4.646169,"[PASS]",53.33,11.66716,1.889281,"[PASS]",NA,NA,NA,"FAIL BOXCOX",53.33,26.51465,8.593914,"[PASS]"
147,"DEN417","2002-01-01","2005-01-01",3,53.33,109.446188,18.674642,"[PASS]",NA,NA,NA,"FAIL BOXCOX",NA,NA,NA,"FAIL BOXCOX",NA,NA,NA,"FAIL BOXCOX",53.33,55.406322,6.230529,"[PASS]",NA,NA,NA,"FAIL BOXCOX",53.33,25.950687,2.965757,"[PASS]",53.33,14.056157,2.079269,"[PASS]",53.33,53.983658,6.843357,"[PASS]",53.33,83.31012,17.771774,"[PASS]"
148,"DEV412","2004-03-13","2007-03-13",3,53.33,2.453109,0.648786,"[PASS]",53.33,4.929859,1.101071,"[PASS]",53.33,2.163881,0.271629,"[PASS]",53.33,0.521544,0.131836,"[PASS]",53.33,5.458901,0.496371,"[PASS]",53.33,1.685392,0.462085,"[PASS]",53.33,15.860532,1.28085,"[PASS]",53.33,10.183589,0.976887,"[PASS]",53.33,2.622884,1.195701,"[PASS]",53.33,6.530381,1.418253,"[PASS]"
149,"DEV412","2001-03-13","2004-03-13",3,53.33,5.762623,1.353884,"[PASS]",53.33,9.230592,1.425923,"[PASS]",53.33,8.430162,0.940349,"[PASS]",53.33,15.676371,2.545286,"[PASS]",53.33,7.941508,0.659134,"[PASS]",53.33,5.879699,0.807016,"[PASS]",53.33,26.363372,1.846203,"[PASS]",53.33,13.06726,1.183098,"[PASS]",53.33,2.75605,0.744782,"[PASS]",53.33,12.205858,1.717135,"[PASS]"
150,"DIN431","2020-07-11","2023-07-11",3,53.33,5.928363,0.902931,"[PASS]",53.33,5.010301,0.940873,"[PASS]",53.33,16.095538,2.234369,"[PASS]",53.33,1.490939,0.18926,"[PASS]",NA,NA,NA,"FAIL BOXCOX",53.33,97.966668,9.074447,"[PASS]",26.67,9.447054,2.820939,"[PASS]",53.33,0.848891,0.373727,"[PASS]",53.33,7.748865,2.842409,"[PASS]",26.67,10.499726,1.364935,"[PASS]"
151,"DIN431","2017-07-11","2020-07-11",3,53.33,2.614715,0.46904,"[PASS]",53.33,10.543986,1.132061,"[PASS]",53.33,34.711835,5.317729,"[PASS]",53.33,0.198884,0.026155,"[PASS]",26.67,68.409633,12.597114,"[PASS]",NA,NA,NA,"FAIL BOXCOX",26.67,5.273845,0.702781,"[PASS]",40,0.953967,0.375409,"[PASS]",53.33,0.681492,0.324093,"[PASS]",26.67,12.54138,1.639634,"[PASS]"
152,"EGB181","2022-06-07","2025-06-07",3,26.67,2.857346,1.00468,"[PASS]",53.33,7.665786,1.210468,"[PASS]",53.33,21.889109,2.786351,"[PASS]",53.33,0.587385,0.249105,"[PASS]",26.67,3.523988,1.18953,"[PASS]",53.33,27.083391,2.881951,"[PASS]",17.78,2.109233,1.015146,"[PASS]",5.93,0.312602,0.299809,"[PASS]",53.33,138.722468,12.42933,"[PASS]",53.33,5.344313,1.413383,"[PASS]"
153,"EGB181","2014-03-01","2017-03-01",3,53.33,1.883922,0.566778,"[PASS]",53.33,13.151257,1.562652,"[PASS]",53.33,0.979055,0.185362,"[PASS]",53.33,0.370436,0.151707,"[PASS]",53.33,7.575841,1.167283,"[PASS]",53.33,39.709536,3.34667,"[PASS]",53.33,6.705024,1.120045,"[PASS]",5,0.83577,0.633711,"[PASS]",53.33,353.353578,28.573987,"[PASS]",53.33,7.732694,1.445821,"[PASS]"
154,"EGB181","2011-03-01","2014-03-01",3,53.33,1.722707,0.573885,"[PASS]",53.33,15.297693,1.795902,"[PASS]",53.33,1.324985,0.317015,"[PASS]",53.33,0.693191,0.269194,"[PASS]",53.33,3.254861,0.988648,"[PASS]",53.33,40.375773,3.497493,"[PASS]",53.33,6.457102,1.186643,"[PASS]",6.4,0.641068,0.719478,"FAIL (Low SNR)",53.33,108.619031,8.004393,"[PASS]",53.33,6.572743,1.470591,"[PASS]"
155,"EGB181","2007-09-11","2010-09-11",3,26.67,3.967168,1.034152,"[PASS]",53.33,8.614951,1.839706,"[PASS]",53.33,6.635351,2.773597,"[PASS]",53.33,2.108921,0.632062,"[PASS]",53.33,2.115488,1.12379,"[PASS]",53.33,35.975395,3.401943,"[PASS]",53.33,10.411189,2.068477,"[PASS]",160,0.876325,0.985794,"FAIL (Low SNR)",53.33,114.389598,10.127731,"[PASS]",53.33,7.127205,1.690048,"[PASS]"
156,"EGB181","2001-07-24","2004-07-24",3,53.33,7.234761,1.645635,"[PASS]",53.33,16.196647,1.919928,"[PASS]",53.33,0.147512,0.039307,"[PASS]",53.33,0.290074,0.073202,"[PASS]",53.33,1.269117,0.996841,"[PASS]",53.33,33.79974,3.567535,"[PASS]",53.33,13.660828,2.204409,"[PASS]",53.33,2.188188,0.794089,"[PASS]",53.33,45.930037,3.955118,"[PASS]",53.33,4.952973,1.463262,"[PASS]"
157,"ESP127","2018-06-26","2021-06-26",3,26.67,1.248476,0.612705,"[PASS]",53.33,4.001699,0.847173,"[PASS]",53.33,76.392171,7.304877,"[PASS]",53.33,3.017831,0.80603,"[PASS]",8.89,1.403376,0.773348,"[PASS]",53.33,46.161626,4.455062,"[PASS]",53.33,13.961105,1.250474,"[PASS]",8.89,0.737867,0.35288,"[PASS]",8.42,5.336471,4.261988,"[PASS]",53.33,11.458693,1.064997,"[PASS]"
158,"ESP127","2012-01-04","2015-01-04",3,80,0.72268,0.53657,"[PASS]",53.33,3.544694,0.676458,"[PASS]",53.33,18.717705,2.177917,"[PASS]",53.33,0.7248,0.326296,"[PASS]",13.33,0.747049,0.502925,"[PASS]",53.33,61.885013,5.237007,"[PASS]",53.33,20.546208,1.811306,"[PASS]",53.33,1.757279,1.01111,"[PASS]",53.33,5.284341,2.333739,"[PASS]",53.33,9.158623,0.871717,"[PASS]"
159,"ESP127","2009-01-04","2012-01-04",3,22.86,1.31315,0.568038,"[PASS]",53.33,4.652103,0.605607,"[PASS]",53.33,29.147481,4.789908,"[PASS]",53.33,1.358127,0.611572,"[PASS]",26.67,2.13468,0.550928,"[PASS]",53.33,94.076401,6.749099,"[PASS]",53.33,25.729099,2.092327,"[PASS]",53.33,2.529756,0.531975,"[PASS]",53.33,19.455959,5.445808,"[PASS]",53.33,11.615424,0.980281,"[PASS]"
160,"ESP127","2006-01-04","2009-01-04",3,53.33,1.854102,0.935535,"[PASS]",53.33,2.182476,0.285538,"[PASS]",53.33,25.769159,2.826508,"[PASS]",53.33,6.521785,2.324196,"[PASS]",53.33,4.498568,0.698517,"[PASS]",NA,NA,NA,"FAIL BOXCOX",53.33,10.337614,0.953171,"[PASS]",53.33,3.428117,0.351384,"[PASS]",53.33,5.988626,2.750919,"[PASS]",53.33,3.546185,0.294904,"[PASS]"
161,"ESP127","2003-01-04","2006-01-04",3,26.67,0.975318,0.4418,"[PASS]",53.33,4.704311,0.438641,"[PASS]",NA,NA,NA,"FAIL BOXCOX",26.67,0.516765,0.32539,"[PASS]",53.33,4.695559,0.7818,"[PASS]",NA,NA,NA,"FAIL BOXCOX",53.33,46.412078,3.334773,"[PASS]",53.33,6.457444,0.690274,"[PASS]",53.33,11.805089,6.370966,"[PASS]",53.33,9.465825,0.6502,"[PASS]"
162,"ESP127","2000-01-04","2003-01-04",3,26.67,1.213691,0.975715,"[PASS]",53.33,3.220161,0.432412,"[PASS]",53.33,119.498149,19.129272,"[PASS]",53.33,14.885998,5.725664,"[PASS]",53.33,3.817417,0.727844,"[PASS]",NA,NA,NA,"FAIL BOXCOX",53.33,23.662119,1.784751,"[PASS]",53.33,4.638718,0.475903,"[PASS]",53.33,3.788146,1.987397,"[PASS]",53.33,6.446102,0.555483,"[PASS]"
163,"EVE419","2019-03-12","2022-03-12",3,53.33,2.040657,0.985891,"[PASS]",4.57,6.854483,3.330907,"[PASS]",53.33,0.58305,0.15045,"[PASS]",53.33,1.30778,0.413502,"[PASS]",53.33,3.391193,1.164385,"[PASS]",53.33,1.86054,0.373894,"[PASS]",6.15,1.631601,1.108768,"[PASS]",53.33,0.968777,0.256962,"[PASS]",53.33,4.071761,0.99973,"[PASS]",53.33,1.81509,0.446142,"[PASS]"
164,"EVE419","2000-01-04","2003-01-04",3,53.33,12.258027,3.147332,"[PASS]",53.33,5.565228,2.22984,"[PASS]",53.33,1.34933,0.359972,"[PASS]",53.33,1.000248,0.230213,"[PASS]",80,0.906723,1.035775,"FAIL (Low SNR)",53.33,6.23483,0.841447,"[PASS]",53.33,4.225175,0.940031,"[PASS]",53.33,3.882996,1.039144,"[PASS]",53.33,5.441019,1.02115,"[PASS]",53.33,7.805921,0.979107,"[PASS]"
165,"FOR605","2020-09-15","2023-09-15",3,NA,NA,NA,NA,NA,NA,NA,NA,NA,NA,NA,NA,NA,NA,NA,NA,NA,NA,NA,NA,NA,NA,NA,NA,NA,NA,NA,NA,NA,NA,NA,NA,NA,NA,NA,NA,NA,NA,NA,NA
166,"FOR605","2013-11-05","2016-11-05",3,53.33,14.22654,1.48126,"[PASS]",53.33,5.96,0.818954,"[PASS]",53.33,43.600928,3.648472,"[PASS]",53.33,3.906928,0.37811,"[PASS]",53.33,1.311673,0.710351,"[PASS]",4.1,14.132181,10.73536,"[PASS]",53.33,6.42757,1.15339,"[PASS]",53.33,1.658685,0.406887,"[PASS]",NA,NA,NA,"FAIL BOXCOX",53.33,2.345193,0.722223,"[PASS]"
167,"GAS153","2018-07-18","2021-07-18",3,26.67,3.12182,1.551439,"[PASS]",80,1.040894,0.62175,"[PASS]",53.33,25.33748,3.708911,"[PASS]",53.33,1.642441,0.721577,"[PASS]",8.89,0.296772,0.229129,"[PASS]",53.33,1.887138,0.694736,"[PASS]",53.33,10.259194,1.083574,"[PASS]",53.33,1.100191,0.401968,"[PASS]",26.67,3.756278,2.127631,"[PASS]",53.33,1.11213,0.32603,"[PASS]"
168,"GAS153","2015-07-18","2018-07-18",3,26.67,0.965917,0.492746,"[PASS]",20,0.450157,0.366394,"[PASS]",53.33,63.789149,33.71473,"[PASS]",26.67,3.330662,2.22128,"[PASS]",40,0.353413,0.2435,"[PASS]",53.33,9.584827,1.28393,"[PASS]",53.33,9.381117,1.313529,"[PASS]",53.33,0.749931,0.394979,"[PASS]",53.33,3.387796,3.102222,"[PASS]",53.33,1.760622,0.400244,"[PASS]"
169,"GAS153","2012-07-18","2015-07-18",3,26.67,1.088234,0.974726,"[PASS]",53.33,1.098282,0.440187,"[PASS]",53.33,56.483113,20.115532,"[PASS]",53.33,1.815232,0.672453,"[PASS]",5.52,0.53935,0.398093,"[PASS]",53.33,6.526309,1.251158,"[PASS]",53.33,10.845549,1.344027,"[PASS]",53.33,1.443307,0.532616,"[PASS]",6.4,4.147993,2.391502,"[PASS]",53.33,2.625941,0.436306,"[PASS]"
170,"GAS153","2009-07-18","2012-07-18",3,26.67,6.05732,1.473098,"[PASS]",40,1.082903,0.514285,"[PASS]",53.33,8.050089,1.872423,"[PASS]",26.67,1.445014,0.54448,"[PASS]",53.33,1.089976,0.414821,"[PASS]",53.33,8.945387,1.296714,"[PASS]",53.33,4.947295,1.31942,"[PASS]",53.33,3.722656,0.483466,"[PASS]",40,8.025411,2.796886,"[PASS]",53.33,1.235771,0.323168,"[PASS]"
171,"GAS153","2006-07-18","2009-07-18",3,53.33,3.52474,2.887531,"[PASS]",160,0.720856,0.775635,"FAIL (Low SNR)",53.33,69.361031,17.450272,"[PASS]",53.33,1.193181,0.557035,"[PASS]",53.33,7.06783,0.850001,"[PASS]",53.33,15.383863,1.671702,"[PASS]",53.33,5.40632,1.843918,"[PASS]",53.33,4.640053,0.402131,"[PASS]",17.78,2.61721,1.998692,"[PASS]",53.33,1.4311,0.393426,"[PASS]"
172,"GAS153","2003-07-18","2006-07-18",3,26.67,0.889683,0.238006,"[PASS]",53.33,1.287233,0.790444,"[PASS]",53.33,0.013754,0.004619,"LOW POWER WARNING)",53.33,0.756678,0.503463,"[PASS]",53.33,7.006213,0.905169,"[PASS]",NA,NA,NA,"FAIL BOXCOX",53.33,27.900749,4.232277,"[PASS]",53.33,6.207322,0.586096,"[PASS]",7.62,6.080261,4.690073,"[PASS]",53.33,4.267958,0.690587,"[PASS]"
173,"GAS153","2000-07-18","2003-07-18",3,26.67,4.411161,2.376376,"[PASS]",6.96,0.979447,0.768625,"[PASS]",53.33,1.028145,0.386203,"[PASS]",26.67,5.752715,2.099803,"[PASS]",53.33,1.324276,0.543321,"[PASS]",53.33,26.371846,2.96995,"[PASS]",53.33,31.932713,3.620829,"[PASS]",53.33,3.261601,0.460864,"[PASS]",26.67,3.445877,2.043776,"[PASS]",53.33,2.059338,0.535602,"[PASS]"
174,"GLR468","2019-01-22","2022-01-22",3,53.33,99.323787,7.97501,"[PASS]",53.33,1.264853,0.618495,"[PASS]",53.33,70.330458,5.859902,"[PASS]",53.33,155.914246,12.602934,"[PASS]",22.86,2.818811,1.03179,"[PASS]",53.33,20.773072,4.483417,"[PASS]",13.33,22.181207,13.222577,"[PASS]",53.33,1.785561,0.691047,"[PASS]",53.33,2.084683,0.791908,"[PASS]",53.33,2.262874,1.274569,"[PASS]"
175,"GLR468","2011-03-29","2014-03-29",3,NA,NA,NA,"FAIL BOXCOX",26.67,0.184184,0.087176,"[PASS]",53.33,60.316588,5.683512,"[PASS]",NA,NA,NA,"FAIL BOXCOX",4.1,0.903643,0.761606,"[PASS]",53.33,57.824778,10.154454,"[PASS]",17.78,23.288147,18.016184,"[PASS]",26.67,0.745371,0.558933,"[PASS]",53.33,15.906313,2.053234,"[PASS]",26.67,3.237401,1.574846,"[PASS]"
176,"GLR468","2007-01-13","2010-01-13",3,53.33,73.971528,5.942893,"[PASS]",53.33,1.274621,0.350932,"[PASS]",53.33,153.154908,15.882651,"[PASS]",53.33,89.384138,7.717196,"[PASS]",53.33,2.951858,2.249334,"[PASS]",53.33,42.63951,9.07146,"[PASS]",53.33,2.323932,0.892735,"[PASS]",53.33,3.302964,0.944488,"[PASS]",53.33,13.350927,2.449717,"[PASS]",53.33,5.911087,1.930958,"[PASS]"
177,"GLR468","2004-01-13","2007-01-13",3,53.33,47.763518,5.112651,"[PASS]",17.78,0.44557,0.234579,"[PASS]",53.33,6.457298,0.8104,"[PASS]",53.33,59.219598,6.402045,"[PASS]",16,0.920467,0.71631,"[PASS]",53.33,57.367095,9.100665,"[PASS]",53.33,9.999858,2.620959,"[PASS]",7.62,0.862979,0.707731,"[PASS]",53.33,7.902828,1.291794,"[PASS]",17.78,2.729151,1.515584,"[PASS]"
178,"GLR468","2000-01-04","2003-01-04",3,53.33,60.885592,5.629007,"[PASS]",26.67,2.510917,0.869205,"[PASS]",53.33,100.922238,12.633439,"[PASS]",53.33,127.1997,12.543533,"[PASS]",80,2.186767,1.396747,"[PASS]",53.33,35.90527,6.050563,"[PASS]",160,7.373648,1.878736,"[PASS]",26.67,1.80443,0.843712,"[PASS]",53.33,1.338947,0.482653,"[PASS]",53.33,4.294501,1.598696,"[PASS]"
179,"GRB411","2019-07-02","2022-07-02",3,53.33,12.551061,2.458511,"[PASS]",53.33,37.431353,2.690158,"[PASS]",53.33,17.514253,2.240945,"[PASS]",53.33,4.642598,0.857166,"[PASS]",53.33,8.569002,0.69077,"[PASS]",53.33,2.877193,0.388361,"[PASS]",53.33,9.357901,1.728015,"[PASS]",53.33,4.35474,0.601189,"[PASS]",53.33,33.646526,7.722485,"[PASS]",53.33,17.81479,1.320638,"[PASS]"
180,"GRB411","2015-05-01","2018-05-01",3,53.33,7.064014,0.860596,"[PASS]",53.33,23.352787,1.609074,"[PASS]",53.33,23.040876,2.132496,"[PASS]",53.33,1.857435,0.22388,"[PASS]",53.33,3.828294,0.309396,"[PASS]",53.33,2.868461,0.514283,"[PASS]",80,4.553223,1.001802,"[PASS]",53.33,4.203123,0.399906,"[PASS]",53.33,28.805169,6.391832,"[PASS]",53.33,11.678387,0.894806,"[PASS]"
181,"GRB411","2012-05-01","2015-05-01",3,53.33,17.564967,1.862671,"[PASS]",53.33,20.974002,1.736933,"[PASS]",53.33,6.08863,0.537153,"[PASS]",53.33,7.494591,0.738331,"[PASS]",53.33,4.898214,0.451797,"[PASS]",53.33,5.731988,0.688656,"[PASS]",40,1.991553,0.819603,"[PASS]",53.33,7.363129,0.701961,"[PASS]",53.33,41.39661,5.117804,"[PASS]",53.33,10.432751,0.775742,"[PASS]"
182,"GRB411","2007-03-27","2010-03-27",3,53.33,12.747171,2.067552,"[PASS]",53.33,22.186292,1.957244,"[PASS]",53.33,15.556703,1.764049,"[PASS]",53.33,18.16491,2.368436,"[PASS]",53.33,1.459346,0.13577,"[PASS]",53.33,2.847042,0.54967,"[PASS]",53.33,2.320159,0.424905,"[PASS]",53.33,6.289309,0.681694,"[PASS]",53.33,52.56971,10.616708,"[PASS]",53.33,10.261203,0.91762,"[PASS]"
183,"GRB411","2000-07-04","2003-07-04",3,53.33,23.773404,2.430404,"[PASS]",53.33,30.388007,2.41175,"[PASS]",53.33,16.799915,1.262964,"[PASS]",NA,NA,NA,"FAIL BOXCOX",53.33,3.643138,0.34936,"[PASS]",53.33,2.397005,0.429754,"[PASS]",53.33,10.479486,1.933748,"[PASS]",53.33,7.794881,0.72654,"[PASS]",53.33,8.865144,1.288786,"[PASS]",53.33,17.403654,1.370275,"[PASS]"
184,"GRC474","2020-04-07","2023-04-07",3,53.33,4.121813,0.694227,"[PASS]",53.33,13.28645,1.012126,"[PASS]",53.33,10.387205,1.289139,"[PASS]",53.33,3.417242,0.441665,"[PASS]",53.33,1.958777,0.164981,"[PASS]",53.33,1.954797,0.351246,"[PASS]",20,0.058521,0.042812,"[PASS]",53.33,4.492579,0.39696,"[PASS]",53.33,9.35837,1.216291,"[PASS]",53.33,7.611095,0.626167,"[PASS]"
185,"GRC474","2013-01-26","2016-01-26",3,53.33,4.724622,0.553189,"[PASS]",53.33,6.074437,0.735465,"[PASS]",53.33,10.255348,0.844635,"[PASS]",53.33,1.573762,0.153262,"[PASS]",53.33,1.938074,0.171793,"[PASS]",53.33,3.296804,0.532314,"[PASS]",26.67,0.178682,0.10583,"[PASS]",53.33,7.183187,0.571292,"[PASS]",53.33,7.022514,0.772129,"[PASS]",53.33,4.393322,0.408079,"[PASS]"
186,"GRC474","2010-01-26","2013-01-26",3,53.33,5.947144,0.709713,"[PASS]",53.33,5.724526,0.776785,"[PASS]",53.33,14.194122,1.294685,"[PASS]",53.33,3.970976,0.413984,"[PASS]",53.33,1.760612,0.161655,"[PASS]",53.33,2.134457,0.394196,"[PASS]",160,1.922686,1.22637,"[PASS]",53.33,6.29905,0.560627,"[PASS]",53.33,16.464384,1.824835,"[PASS]",53.33,3.431378,0.4478,"[PASS]"
187,"GRC474","2003-07-29","2006-07-29",3,53.33,3.31608,0.594365,"[PASS]",53.33,2.948567,0.439013,"[PASS]",53.33,6.998056,0.887588,"[PASS]",53.33,0.946323,0.148923,"[PASS]",53.33,2.615973,0.209401,"[PASS]",53.33,2.990308,0.779302,"[PASS]",80,0.913963,0.401723,"[PASS]",53.33,8.74302,0.688084,"[PASS]",53.33,5.868137,1.034355,"[PASS]",53.33,3.108302,0.421806,"[PASS]"
188,"GRC474","2000-01-04","2003-01-04",3,53.33,9.280781,1.087939,"[PASS]",53.33,2.318173,0.486487,"[PASS]",53.33,6.01074,0.479447,"[PASS]",53.33,7.068738,0.665234,"[PASS]",53.33,2.032974,0.214814,"[PASS]",53.33,1.91188,0.477278,"[PASS]",53.33,0.32695,0.231969,"[PASS]",NA,NA,NA,"FAIL BOXCOX",53.33,3.138809,0.393293,"[PASS]",53.33,2.733466,0.44385,"[PASS]"
189,"GRS420","2008-07-15","2011-07-15",3,53.33,1.280684,0.808642,"[PASS]",80,1.29727,0.553307,"[PASS]",53.33,1.837617,0.326366,"[PASS]",53.33,2.96779,0.682812,"[PASS]",53.33,2.488439,0.680022,"[PASS]",53.33,24.713616,4.326629,"[PASS]",53.33,12.998178,2.000364,"[PASS]",53.33,3.097793,0.399787,"[PASS]",53.33,10.499708,4.815718,"[PASS]",53.33,1.924295,0.639651,"[PASS]"
190,"GRS420","2000-01-04","2003-01-04",3,6.96,2.539816,1.683141,"[PASS]",53.33,1.623106,0.948105,"[PASS]",53.33,8.111048,1.636231,"[PASS]",53.33,6.257128,1.461673,"[PASS]",53.33,8.284469,1.082307,"[PASS]",53.33,51.210028,7.359846,"[PASS]",53.33,11.29301,1.945759,"[PASS]",53.33,14.724853,1.242908,"[PASS]",26.67,3.347594,2.731254,"[PASS]",53.33,1.292192,0.365379,"[PASS]"
191,"GTH161","2020-12-01","2023-12-01",3,53.33,30.849846,2.89554,"[PASS]",53.33,8.623328,1.004471,"[PASS]",53.33,53.772849,3.879519,"[PASS]",53.33,26.892165,2.206708,"[PASS]",53.33,1.820123,0.153568,"[PASS]",53.33,18.947114,2.144109,"[PASS]",160,0.334312,0.183158,"[PASS]",53.33,3.14544,0.272149,"[PASS]",53.33,90.676243,10.286952,"[PASS]",53.33,4.519091,0.400761,"[PASS]"
192,"GTH161","2016-05-28","2019-05-28",3,53.33,6.629745,0.705132,"[PASS]",53.33,4.4224,0.472593,"[PASS]",53.33,82.380198,6.933202,"[PASS]",53.33,4.954324,0.42186,"[PASS]",53.33,3.570435,0.331769,"[PASS]",53.33,3.644046,0.551373,"[PASS]",26.67,4.429057,2.360982,"[PASS]",53.33,2.953189,0.287026,"[PASS]",53.33,13.069577,2.238779,"[PASS]",53.33,2.740739,0.27055,"[PASS]"
193,"GTH161","2013-05-28","2016-05-28",3,53.33,12.204452,1.136062,"[PASS]",53.33,5.182329,0.764032,"[PASS]",NA,NA,NA,"FAIL BOXCOX",NA,NA,NA,"FAIL BOXCOX",53.33,4.533792,0.41284,"[PASS]",53.33,9.936394,1.075065,"[PASS]",40,0.561638,0.135694,"[PASS]",53.33,4.379958,0.40342,"[PASS]",53.33,19.665111,2.457635,"[PASS]",53.33,3.716842,0.334832,"[PASS]"
194,"GTH161","2007-06-22","2010-06-22",3,53.33,19.070107,2.130574,"[PASS]",53.33,1.570783,0.222549,"[PASS]",53.33,9.2848,0.894589,"[PASS]",NA,NA,NA,"FAIL BOXCOX",53.33,0.585076,0.059543,"[PASS]",53.33,6.964347,0.940623,"[PASS]",26.67,0.625695,0.270014,"[PASS]",53.33,3.091282,0.329401,"[PASS]",53.33,73.741636,7.9669,"[PASS]",53.33,2.433696,0.261993,"[PASS]"
195,"GTH161","2004-06-22","2007-06-22",3,53.33,21.666385,1.900135,"[PASS]",53.33,0.302385,0.041407,"[PASS]",NA,NA,NA,"FAIL BOXCOX",NA,NA,NA,"FAIL BOXCOX",53.33,3.835281,0.37048,"[PASS]",53.33,9.712593,1.257934,"[PASS]",160,0.137602,0.147203,"FAIL (Low SNR)",53.33,5.704426,0.489664,"[PASS]",53.33,22.384825,2.909123,"[PASS]",53.33,1.039549,0.110239,"[PASS]"
196,"GTH161","2000-01-04","2003-01-04",3,53.33,26.489707,2.426952,"[PASS]",53.33,1.950513,0.523033,"[PASS]",53.33,36.728893,2.839577,"[PASS]",NA,NA,NA,"FAIL BOXCOX",53.33,3.489846,0.412651,"[PASS]",53.33,12.073341,1.516149,"[PASS]",17.78,0.156789,0.110259,"[PASS]",53.33,4.975489,0.651338,"[PASS]",53.33,8.429586,1.579724,"[PASS]",53.33,3.098536,0.40941,"[PASS]"
197,"HOW132","2003-11-18","2006-11-18",3,53.33,1.689261,1.246901,"[PASS]",5.71,0.826197,0.803571,"[PASS]",53.33,8.335656,1.890581,"[PASS]",53.33,5.331261,4.058632,"[PASS]",53.33,2.425857,0.879632,"[PASS]",NA,NA,NA,"FAIL BOXCOX",53.33,15.04059,1.577795,"[PASS]",53.33,2.034728,0.987618,"[PASS]",53.33,7.156394,1.577542,"[PASS]",53.33,1.279082,0.822229,"[PASS]"
198,"HOW132","2000-01-04","2003-01-04",3,53.33,39.145998,12.904259,"[PASS]",26.67,1.058281,0.768945,"[PASS]",53.33,0.268065,0.100891,"[PASS]",53.33,2.485835,1.041107,"[PASS]",53.33,1.457119,0.701577,"[PASS]",53.33,25.034009,4.447577,"[PASS]",53.33,10.264458,1.415377,"[PASS]",53.33,1.586836,0.851182,"[PASS]",53.33,1.885496,0.699246,"[PASS]",53.33,1.304244,0.793503,"[PASS]"
199,"HOX148","2021-04-14","2024-04-14",3,26.67,3.604964,1.927927,"[PASS]",53.33,3.369462,0.847096,"[PASS]",53.33,25.010221,4.31894,"[PASS]",53.33,5.803009,1.969733,"[PASS]",26.67,5.623463,1.461572,"[PASS]",53.33,59.968275,4.939961,"[PASS]",13.33,0.859586,0.56623,"[PASS]",9.41,0.601454,0.54509,"[PASS]",53.33,114.164535,14.541773,"[PASS]",53.33,11.631263,1.632013,"[PASS]"
200,"HOX148","2018-04-14","2021-04-14",3,53.33,15.904871,3.429374,"[PASS]",53.33,4.208722,0.805659,"[PASS]",53.33,70.437255,14.652843,"[PASS]",53.33,19.499252,3.103843,"[PASS]",53.33,26.334439,3.932644,"[PASS]",53.33,84.648658,6.468505,"[PASS]",53.33,5.759272,1.057009,"[PASS]",53.33,0.653367,0.694724,"FAIL (Low SNR)",53.33,51.600025,6.455934,"[PASS]",53.33,16.98434,1.952759,"[PASS]"
201,"HOX148","2015-04-14","2018-04-14",3,26.67,6.783801,2.449076,"[PASS]",4.44,0.480874,0.353114,"[PASS]",53.33,3.301395,0.736967,"[PASS]",53.33,10.701895,2.879852,"[PASS]",53.33,5.380282,1.565192,"[PASS]",53.33,65.889771,5.49065,"[PASS]",53.33,3.680412,0.672595,"[PASS]",13.33,0.465932,0.597353,"FAIL (Low SNR)",53.33,133.571136,17.216954,"[PASS]",53.33,10.102292,1.498907,"[PASS]"
202,"HOX148","2012-04-14","2015-04-14",3,53.33,4.862429,2.004628,"[PASS]",53.33,3.262318,0.972894,"[PASS]",53.33,1.612947,0.919843,"[PASS]",53.33,9.756579,2.920336,"[PASS]",53.33,2.859169,1.113742,"[PASS]",53.33,69.387295,5.973421,"[PASS]",53.33,5.54662,1.080866,"[PASS]",26.67,0.789997,0.750597,"[PASS]",53.33,78.712764,7.879828,"[PASS]",53.33,10.71126,1.626564,"[PASS]"
203,"HOX148","2009-04-14","2012-04-14",3,53.33,4.829352,1.689847,"[PASS]",53.33,2.058377,0.950374,"[PASS]",53.33,66.406722,20.080853,"[PASS]",53.33,6.263503,1.476338,"[PASS]",26.67,1.651753,0.881633,"[PASS]",53.33,58.740881,5.30088,"[PASS]",53.33,3.494236,1.234895,"[PASS]",5.93,1.089256,0.869067,"[PASS]",NA,NA,NA,"FAIL BOXCOX",53.33,9.09054,1.598875,"[PASS]"
204,"HOX148","2000-10-31","2003-10-31",3,53.33,1.435887,0.868711,"[PASS]",53.33,2.376632,1.310891,"[PASS]",NA,NA,NA,"FAIL BOXCOX",53.33,0.756336,0.257445,"[PASS]",5.52,1.259057,1.226887,"[PASS]",53.33,47.151967,4.609318,"[PASS]",53.33,6.607428,1.872346,"[PASS]",53.33,2.610927,0.861183,"[PASS]",53.33,4.883692,0.914568,"[PASS]",53.33,5.630214,1.470353,"[PASS]"
205,"HWF187","2017-11-04","2020-11-04",3,53.33,3.918454,0.892785,"[PASS]",53.33,1.625039,0.570734,"[PASS]",53.33,17.038108,2.055396,"[PASS]",NA,NA,NA,"FAIL BOXCOX",26.67,2.532592,1.88172,"[PASS]",NA,NA,NA,"FAIL BOXCOX",53.33,72.200687,8.125427,"[PASS]",26.67,1.194357,0.6969,"[PASS]",NA,NA,NA,"FAIL BOXCOX",53.33,19.445795,2.700264,"[PASS]"
206,"HWF187","2014-11-04","2017-11-04",3,53.33,3.84294,1.001476,"[PASS]",53.33,2.305772,0.910856,"[PASS]",53.33,1.446654,0.17894,"[PASS]",NA,NA,NA,"FAIL BOXCOX",13.33,0.620713,0.447114,"[PASS]",NA,NA,NA,"FAIL BOXCOX",53.33,15.463395,1.842585,"[PASS]",13.33,0.977245,0.630684,"[PASS]",53.33,162.748575,20.275492,"[PASS]",53.33,13.766665,1.835409,"[PASS]"
207,"HWF187","2011-05-28","2014-05-28",3,53.33,4.230253,1.264041,"[PASS]",53.33,1.548436,0.533665,"[PASS]",53.33,6.852683,0.753428,"[PASS]",NA,NA,NA,"FAIL BOXCOX",26.67,0.543925,0.478538,"[PASS]",NA,NA,NA,"FAIL BOXCOX",53.33,26.34859,2.775323,"[PASS]",53.33,0.683966,0.664866,"[PASS]",53.33,69.830941,6.941757,"[PASS]",53.33,14.596195,1.753177,"[PASS]"
208,"HWF187","2008-05-28","2011-05-28",3,53.33,10.838406,2.094596,"[PASS]",53.33,6.517682,1.463458,"[PASS]",53.33,25.44787,4.080339,"[PASS]",NA,NA,NA,"FAIL BOXCOX",26.67,1.975703,0.982972,"[PASS]",NA,NA,NA,"FAIL BOXCOX",53.33,26.365362,3.292363,"[PASS]",26.67,2.216762,1.06936,"[PASS]",NA,NA,NA,"FAIL BOXCOX",53.33,13.7208,1.674152,"[PASS]"
209,"HWF187","2005-05-28","2008-05-28",3,53.33,3.265489,0.838079,"[PASS]",53.33,3.517489,1.03868,"[PASS]",53.33,9.501073,1.148703,"[PASS]",NA,NA,NA,"FAIL BOXCOX",53.33,2.472211,1.167766,"[PASS]",NA,NA,NA,"FAIL BOXCOX",53.33,23.751209,2.580087,"[PASS]",53.33,3.009424,1.273403,"[PASS]",53.33,78.942688,9.245557,"[PASS]",53.33,8.753425,1.303042,"[PASS]"
210,"HWF187","2002-05-28","2005-05-28",3,53.33,1.091959,0.553815,"[PASS]",53.33,3.091252,1.010121,"[PASS]",53.33,0.75988,0.147022,"[PASS]",53.33,1.001998,0.51859,"[PASS]",53.33,2.087917,0.942693,"[PASS]",NA,NA,NA,"FAIL BOXCOX",53.33,32.619301,3.013618,"[PASS]",53.33,2.608924,0.857613,"[PASS]",53.33,42.837115,4.610789,"[PASS]",53.33,6.996811,1.075528,"[PASS]"
211,"IRL141","2019-09-03","2022-09-03",3,53.33,1.339966,0.610034,"[PASS]",53.33,2.328721,1.175813,"[PASS]",53.33,0.61078,0.264135,"[PASS]",53.33,0.931327,0.661582,"[PASS]",4.57,0.112058,0.096769,"[PASS]",53.33,2.63488,0.500404,"[PASS]",53.33,9.312077,1.21959,"[PASS]",26.67,0.444508,0.216428,"[PASS]",53.33,2.116496,1.147994,"[PASS]",53.33,3.110186,0.667879,"[PASS]"
212,"IRL141","2011-03-11","2014-03-11",3,17.78,0.941469,0.533402,"[PASS]",53.33,2.893942,1.219036,"[PASS]",53.33,1.360445,0.475761,"[PASS]",53.33,1.638298,0.734676,"[PASS]",53.33,1.403568,0.546394,"[PASS]",53.33,2.00538,0.488903,"[PASS]",53.33,1.380739,0.753923,"[PASS]",53.33,1.094981,0.373328,"[PASS]",53.33,2.534918,0.970117,"[PASS]",53.33,2.342311,0.575944,"[PASS]"
213,"IRL141","2008-03-11","2011-03-11",3,53.33,0.436798,0.35806,"[PASS]",53.33,2.195973,1.689219,"[PASS]",7.62,0.522806,0.146955,"[PASS]",26.67,1.138451,0.438089,"[PASS]",7.62,0.448043,0.34315,"[PASS]",53.33,2.24552,0.508413,"[PASS]",53.33,1.437707,0.71837,"[PASS]",26.67,0.788375,0.352709,"[PASS]",26.67,5.520146,1.96509,"[PASS]",53.33,3.016829,0.81736,"[PASS]"
214,"IRL141","2001-07-03","2004-07-03",3,53.33,0.299208,0.110078,"[PASS]",53.33,3.871139,2.380066,"[PASS]",53.33,0.134077,0.05589,"[PASS]",26.67,1.008386,0.495297,"[PASS]",6.67,0.995647,0.675026,"[PASS]",53.33,5.729912,0.987394,"[PASS]",160,3.253263,1.604625,"[PASS]",26.67,1.040349,0.511566,"[PASS]",26.67,3.466205,1.67686,"[PASS]",53.33,5.293517,1.15339,"[PASS]"
215,"JOT403","2019-10-15","2022-10-15",3,53.33,3.26596,0.766787,"[PASS]",53.33,10.599762,1.1486,"[PASS]",53.33,14.803574,1.655136,"[PASS]",53.33,1.978916,0.242452,"[PASS]",53.33,3.3479,0.282848,"[PASS]",53.33,8.508894,1.187685,"[PASS]",53.33,35.543048,3.409422,"[PASS]",53.33,14.622429,1.122792,"[PASS]",53.33,8.526504,0.935895,"[PASS]",53.33,12.053963,1.264283,"[PASS]"
216,"JOT403","2013-09-10","2016-09-10",3,53.33,7.78365,1.100664,"[PASS]",53.33,9.65093,1.161056,"[PASS]",53.33,15.667995,1.436362,"[PASS]",53.33,2.007348,0.178778,"[PASS]",53.33,1.834378,0.171687,"[PASS]",53.33,6.241645,0.904413,"[PASS]",53.33,17.908109,2.178899,"[PASS]",53.33,14.497487,1.056628,"[PASS]",53.33,5.792098,0.608771,"[PASS]",53.33,19.301421,1.891593,"[PASS]"
217,"JOT403","2006-08-22","2009-08-22",3,53.33,7.748257,0.861531,"[PASS]",53.33,20.832392,2.022548,"[PASS]",53.33,20.766834,1.707906,"[PASS]",53.33,11.166774,0.964186,"[PASS]",53.33,1.464334,0.156041,"[PASS]",53.33,5.942492,1.421279,"[PASS]",53.33,17.599641,1.616243,"[PASS]",53.33,20.068971,1.390315,"[PASS]",53.33,6.290238,0.745395,"[PASS]",53.33,28.95093,3.007087,"[PASS]"
218,"JOT403","2003-08-22","2006-08-22",3,53.33,10.08179,1.127937,"[PASS]",53.33,24.13127,2.123885,"[PASS]",53.33,22.148124,2.026738,"[PASS]",53.33,6.761109,0.689314,"[PASS]",53.33,3.40764,0.600757,"[PASS]",53.33,2.694981,1.854097,"[PASS]",53.33,27.263269,2.502261,"[PASS]",53.33,21.40339,1.56187,"[PASS]",53.33,4.403216,0.638456,"[PASS]",53.33,23.141456,2.872854,"[PASS]"
219,"JOT403","2000-08-22","2003-08-22",3,53.33,12.726129,1.737664,"[PASS]",53.33,18.284671,1.926031,"[PASS]",53.33,30.304217,2.534171,"[PASS]",53.33,7.136441,0.760982,"[PASS]",53.33,4.146592,0.889748,"[PASS]",8.89,2.65396,1.889245,"[PASS]",53.33,21.012496,2.147614,"[PASS]",53.33,22.878376,1.812707,"[PASS]",53.33,5.278362,0.753756,"[PASS]",53.33,11.673884,1.781545,"[PASS]"
220,"KEF112","2019-10-15","2022-10-15",3,26.67,2.834178,1.353766,"[PASS]",17.78,0.764398,0.353514,"[PASS]",53.33,101.672053,14.770453,"[PASS]",26.67,2.063149,0.978215,"[PASS]",26.67,4.344731,0.953734,"[PASS]",53.33,58.174977,4.187091,"[PASS]",53.33,11.172226,1.660402,"[PASS]",26.67,0.811665,0.334121,"[PASS]",53.33,49.370006,7.781566,"[PASS]",53.33,9.998418,1.014494,"[PASS]"
221,"KEF112","2016-10-15","2019-10-15",3,53.33,0.592351,0.414764,"[PASS]",53.33,0.85679,0.46941,"[PASS]",53.33,54.515038,9.331906,"[PASS]",53.33,0.361313,0.194565,"[PASS]",26.67,4.362178,1.119125,"[PASS]",53.33,74.744737,5.207798,"[PASS]",53.33,14.360226,1.450267,"[PASS]",26.67,1.050012,0.427447,"[PASS]",53.33,54.282374,7.991824,"[PASS]",53.33,10.9006,1.043755,"[PASS]"
222,"KEF112","2013-10-15","2016-10-15",3,26.67,1.957993,0.763982,"[PASS]",53.33,1.004448,0.391046,"[PASS]",53.33,91.278346,25.615016,"[PASS]",26.67,1.246985,0.560544,"[PASS]",26.67,0.940414,0.396701,"[PASS]",53.33,52.006844,3.631415,"[PASS]",53.33,16.071745,1.714972,"[PASS]",53.33,1.30452,0.63381,"[PASS]",53.33,47.917266,6.525627,"[PASS]",53.33,7.157669,0.71518,"[PASS]"
223,"KEF112","2007-12-25","2010-12-25",3,53.33,5.590515,2.477646,"[PASS]",53.33,2.787176,0.662214,"[PASS]",26.67,10.86122,5.448407,"[PASS]",53.33,5.330769,1.709369,"[PASS]",26.67,1.321599,0.481191,"[PASS]",NA,NA,NA,"FAIL BOXCOX",53.33,19.731953,2.347863,"[PASS]",53.33,1.962386,0.407148,"[PASS]",53.33,36.670921,4.859454,"[PASS]",53.33,7.545936,0.850155,"[PASS]"
224,"KEF112","2000-11-07","2003-11-07",3,160,0.695416,0.486678,"[PASS]",53.33,1.2232,0.545557,"[PASS]",NA,NA,NA,"FAIL BOXCOX",NA,NA,NA,"FAIL BOXCOX",53.33,1.853622,0.498831,"[PASS]",NA,NA,NA,"FAIL BOXCOX",53.33,18.239991,1.694485,"[PASS]",53.33,1.915268,0.253357,"[PASS]",53.33,8.435363,1.602831,"[PASS]",53.33,4.720043,0.57983,"[PASS]"
225,"KNZ184","2021-03-02","2024-03-02",3,53.33,7.547989,2.254156,"[PASS]",53.33,4.040883,0.600556,"[PASS]",53.33,2.641872,0.573268,"[PASS]",53.33,0.347831,0.102532,"[PASS]",53.33,2.064375,0.694738,"[PASS]",53.33,8.449255,1.243407,"[PASS]",53.33,1.859197,1.094023,"[PASS]",53.33,3.191559,0.527263,"[PASS]",53.33,6.223619,6.174235,"[PASS]",53.33,2.710365,0.589615,"[PASS]"
226,"KNZ184","2015-02-28","2018-02-28",3,17.78,5.82156,2.105021,"[PASS]",53.33,3.641291,0.901332,"[PASS]",53.33,5.511001,1.290325,"[PASS]",53.33,0.107302,0.024451,"[PASS]",53.33,2.888164,1.279525,"[PASS]",53.33,7.809735,1.454612,"[PASS]",53.33,2.615952,0.708743,"[PASS]",53.33,1.90859,0.58917,"[PASS]",26.67,4.407905,2.982715,"[PASS]",53.33,2.591132,0.562613,"[PASS]"
227,"KNZ184","2012-02-28","2015-02-28",3,53.33,7.506528,1.708023,"[PASS]",53.33,5.333926,1.08688,"[PASS]",53.33,4.311657,1.245346,"[PASS]",53.33,0.691418,0.210562,"[PASS]",53.33,5.585876,1.32519,"[PASS]",53.33,18.052253,2.229254,"[PASS]",53.33,1.575604,0.753876,"[PASS]",53.33,2.809724,0.909291,"[PASS]",53.33,6.751546,3.483695,"[PASS]",53.33,4.216504,0.753253,"[PASS]"
228,"KNZ184","2008-03-26","2011-03-26",3,53.33,3.817689,1.780441,"[PASS]",53.33,3.313639,0.752903,"[PASS]",53.33,2.498538,0.775315,"[PASS]",53.33,0.089034,0.045397,"[PASS]",53.33,8.507935,1.517789,"[PASS]",53.33,20.023673,2.024499,"[PASS]",53.33,4.183079,0.915249,"[PASS]",13.33,1.054935,0.765493,"[PASS]",26.67,8.520195,4.641962,"[PASS]",53.33,6.048419,0.743968,"[PASS]"
229,"KNZ184","2005-03-26","2008-03-26",3,53.33,6.010627,1.80069,"[PASS]",53.33,7.019916,1.00937,"[PASS]",53.33,15.125167,2.487098,"[PASS]",53.33,0.183792,0.053195,"[PASS]",26.67,1.742669,1.077679,"[PASS]",53.33,17.195495,1.797229,"[PASS]",53.33,1.091817,0.841669,"[PASS]",53.33,4.954354,0.727622,"[PASS]",8.89,2.620876,2.294156,"[PASS]",53.33,2.307407,0.397772,"[PASS]"
230,"KNZ184","2002-03-26","2005-03-26",3,53.33,5.807212,1.811149,"[PASS]",53.33,6.846964,1.156246,"[PASS]",53.33,1.001443,0.182993,"[PASS]",53.33,0.253708,0.060632,"[PASS]",53.33,4.064314,1.44228,"[PASS]",53.33,15.830132,1.751393,"[PASS]",26.67,3.062933,1.133553,"[PASS]",53.33,4.586457,1.158544,"[PASS]",53.33,2.361617,1.436018,"[PASS]",53.33,1.884703,0.273097,"[PASS]"
231,"LAV410","2012-12-25","2015-12-25",3,53.33,6.787902,0.807935,"[PASS]",53.33,22.340409,1.706947,"[PASS]",53.33,8.548338,0.875953,"[PASS]",53.33,2.275049,0.185024,"[PASS]",53.33,4.180572,0.389978,"[PASS]",53.33,10.241032,1.182676,"[PASS]",53.33,2.616917,0.698971,"[PASS]",53.33,7.945347,0.742513,"[PASS]",53.33,19.267239,2.3926,"[PASS]",53.33,12.697068,0.951557,"[PASS]"
232,"LAV410","2008-09-27","2011-09-27",3,53.33,3.765672,0.574948,"[PASS]",53.33,28.101556,2.077147,"[PASS]",53.33,8.309776,0.988207,"[PASS]",53.33,1.492042,0.15672,"[PASS]",NA,NA,NA,"FAIL BOXCOX",53.33,12.275991,1.939899,"[PASS]",53.33,9.776283,1.238291,"[PASS]",NA,NA,NA,"FAIL BOXCOX",53.33,20.973316,3.809377,"[PASS]",53.33,15.170605,1.200881,"[PASS]"
233,"LAV410","2005-09-27","2008-09-27",3,53.33,6.261086,0.628315,"[PASS]",NA,NA,NA,"FAIL BOXCOX",53.33,35.610375,3.371482,"[PASS]",53.33,7.40335,0.663377,"[PASS]",53.33,7.552705,0.774462,"[PASS]",53.33,10.101121,1.614046,"[PASS]",53.33,9.177282,1.032121,"[PASS]",53.33,11.284519,1.108349,"[PASS]",53.33,9.459548,1.301756,"[PASS]",53.33,18.86798,1.662132,"[PASS]"
234,"LRL117","2019-11-01","2022-11-01",3,26.67,0.593399,0.451116,"[PASS]",53.33,2.858262,0.591647,"[PASS]",53.33,33.185276,4.939684,"[PASS]",26.67,0.555087,0.181894,"[PASS]",26.67,3.747125,0.700075,"[PASS]",53.33,78.478867,5.524229,"[PASS]",53.33,15.975315,1.726902,"[PASS]",26.67,1.58698,0.442005,"[PASS]",53.33,77.517923,10.765973,"[PASS]",53.33,11.989044,1.163065,"[PASS]"
235,"LRL117","2016-11-01","2019-11-01",3,17.78,0.669525,0.457789,"[PASS]",53.33,1.25379,0.263432,"[PASS]",53.33,58.466322,7.691852,"[PASS]",53.33,0.773101,0.288415,"[PASS]",26.67,1.763581,0.405325,"[PASS]",NA,NA,NA,"FAIL BOXCOX",53.33,18.86955,1.485251,"[PASS]",26.67,1.136691,0.345977,"[PASS]",53.33,34.593864,4.276472,"[PASS]",53.33,11.702894,1.072424,"[PASS]"
236,"LRL117","2010-10-09","2013-10-09",3,26.67,1.029418,0.537083,"[PASS]",53.33,1.817757,0.571673,"[PASS]",53.33,40.102302,6.12647,"[PASS]",26.67,2.279779,0.844065,"[PASS]",26.67,2.345783,0.521488,"[PASS]",NA,NA,NA,"FAIL BOXCOX",53.33,9.949806,1.275422,"[PASS]",53.33,2.222735,0.43647,"[PASS]",NA,NA,NA,"FAIL BOXCOX",53.33,6.275862,0.716202,"[PASS]"
237,"LRL117","2007-10-09","2010-10-09",3,26.67,3.858507,1.898273,"[PASS]",53.33,3.916925,0.764096,"[PASS]",53.33,49.074155,23.605283,"[PASS]",53.33,6.801439,3.075985,"[PASS]",53.33,2.089477,0.469205,"[PASS]",NA,NA,NA,"FAIL BOXCOX",53.33,9.667986,1.320313,"[PASS]",53.33,2.674096,0.392803,"[PASS]",53.33,45.69139,5.852238,"[PASS]",53.33,8.047146,0.890651,"[PASS]"
238,"LRL117","2003-01-04","2006-01-04",3,53.33,0.567337,0.197085,"[PASS]",53.33,6.278814,0.830464,"[PASS]",53.33,0.028765,0.005322,"LOW POWER WARNING)",53.33,0.087013,0.027798,"[PASS]",53.33,6.854994,0.786513,"[PASS]",NA,NA,NA,"FAIL BOXCOX",53.33,31.950602,3.043913,"[PASS]",53.33,5.96184,0.587416,"[PASS]",NA,NA,NA,NA,53.33,9.804222,0.923791,"[PASS]"
239,"LRL117","2000-01-04","2003-01-04",3,53.33,1.442485,0.758415,"[PASS]",53.33,1.204114,0.591873,"[PASS]",53.33,87.260706,14.759307,"[PASS]",53.33,33.268418,11.367533,"[PASS]",53.33,4.526333,0.523828,"[PASS]",NA,NA,NA,"FAIL BOXCOX",53.33,18.265207,1.959366,"[PASS]",53.33,3.116765,0.304045,"[PASS]",53.33,12.870683,2.187051,"[PASS]",53.33,3.206135,0.56655,"[PASS]"
240,"LYK123","2005-04-05","2008-04-05",3,53.33,1.480952,0.547652,"[PASS]",53.33,13.605954,1.825512,"[PASS]",53.33,3.872146,0.699097,"[PASS]",53.33,0.16713,0.060341,"[PASS]",26.67,1.655806,1.107817,"[PASS]",53.33,47.549796,3.569971,"[PASS]",53.33,8.922587,1.379455,"[PASS]",53.33,1.403851,0.300877,"[PASS]",53.33,127.903098,13.752979,"[PASS]",53.33,3.579318,0.663718,"[PASS]"
241,"LYK123","2001-07-24","2004-07-24",3,53.33,1.562982,0.739292,"[PASS]",53.33,24.412143,2.528394,"[PASS]",53.33,153.415264,22.519043,"[PASS]",53.33,0.416199,0.123592,"[PASS]",26.67,1.566128,0.845663,"[PASS]",53.33,38.715565,2.935842,"[PASS]",53.33,3.590666,0.575728,"[PASS]",53.33,5.733274,0.746501,"[PASS]",53.33,64.700343,6.572385,"[PASS]",53.33,0.90316,0.239963,"[PASS]"
242,"MAC426","2019-01-15","2022-01-15",3,26.67,2.446132,0.724875,"[PASS]",53.33,0.788653,0.519567,"[PASS]",53.33,48.805434,5.057153,"[PASS]",53.33,0.194652,0.094462,"[PASS]",53.33,3.493097,1.592555,"[PASS]",53.33,55.85976,4.075424,"[PASS]",53.33,10.62225,1.063939,"[PASS]",26.67,1.053414,0.47601,"[PASS]",8.42,7.760382,6.548963,"[PASS]",53.33,5.980705,0.615298,"[PASS]"
243,"MAC426","2012-06-10","2015-06-10",3,13.33,1.433528,1.519,"FAIL (Low SNR)",53.33,1.00589,0.552268,"[PASS]",53.33,14.60712,2.216774,"[PASS]",53.33,0.886203,0.421939,"[PASS]",26.67,1.658843,0.617041,"[PASS]",53.33,54.22213,3.821079,"[PASS]",53.33,18.302613,1.570287,"[PASS]",53.33,2.141181,1.03455,"[PASS]",53.33,6.099656,2.091803,"[PASS]",53.33,5.266566,0.522079,"[PASS]"
244,"MAC426","2009-06-10","2012-06-10",3,53.33,1.886229,1.227114,"[PASS]",53.33,1.354619,0.514025,"[PASS]",53.33,44.1162,6.495041,"[PASS]",53.33,1.319587,0.385172,"[PASS]",26.67,2.51377,0.536555,"[PASS]",53.33,58.070369,4.344704,"[PASS]",53.33,5.89589,0.709003,"[PASS]",53.33,2.394597,0.3635,"[PASS]",53.33,9.809964,3.623406,"[PASS]",53.33,4.005295,0.479188,"[PASS]"
245,"MAC426","2006-06-10","2009-06-10",3,53.33,1.781799,1.328815,"[PASS]",53.33,2.203682,0.588429,"[PASS]",53.33,69.643775,11.443775,"[PASS]",53.33,2.2101,0.895119,"[PASS]",53.33,1.44969,0.470371,"[PASS]",53.33,50.173544,3.90099,"[PASS]",53.33,6.373574,0.850874,"[PASS]",53.33,1.544611,0.159612,"[PASS]",53.33,9.696105,4.759344,"[PASS]",53.33,2.053697,0.253208,"[PASS]"
246,"MAC426","2003-06-10","2006-06-10",3,26.67,0.700748,0.264722,"[PASS]",53.33,0.854042,0.365846,"[PASS]",NA,NA,NA,"FAIL BOXCOX",26.67,0.089408,0.058564,"[PASS]",53.33,3.802692,0.702909,"[PASS]",53.33,64.564236,4.487349,"[PASS]",53.33,23.879988,2.175983,"[PASS]",53.33,6.293381,0.575924,"[PASS]",53.33,16.973599,5.49589,"[PASS]",53.33,3.481133,0.334566,"[PASS]"
247,"MCK131","2019-06-18","2022-06-18",3,26.67,0.973163,0.417566,"[PASS]",13.33,0.772346,0.62452,"[PASS]",53.33,163.048638,18.938125,"[PASS]",53.33,0.253623,0.086588,"[PASS]",26.67,5.380856,1.599639,"[PASS]",53.33,37.639626,3.154506,"[PASS]",53.33,7.226139,1.106106,"[PASS]",26.67,1.056976,0.468514,"[PASS]",8.42,4.577574,4.109241,"[PASS]",53.33,3.439192,0.439543,"[PASS]"
248,"MCK131","2013-08-10","2016-08-10",3,26.67,1.188217,0.890092,"[PASS]",53.33,0.970675,0.570241,"[PASS]",53.33,224.689369,27.470077,"[PASS]",53.33,2.891309,0.81325,"[PASS]",26.67,1.870912,0.695764,"[PASS]",53.33,33.71347,2.862902,"[PASS]",53.33,10.439461,1.265784,"[PASS]",53.33,1.662295,0.672367,"[PASS]",53.33,6.819297,2.192007,"[PASS]",53.33,2.413796,0.335081,"[PASS]"
249,"MCK131","2010-08-10","2013-08-10",3,26.67,4.303766,1.525677,"[PASS]",5,0.640977,0.496194,"[PASS]",53.33,30.842778,3.837327,"[PASS]",26.67,1.599301,0.370291,"[PASS]",26.67,2.342267,0.575042,"[PASS]",53.33,39.224178,2.908282,"[PASS]",53.33,8.514713,1.065669,"[PASS]",53.33,2.180198,0.507132,"[PASS]",53.33,10.220775,2.328253,"[PASS]",53.33,2.241425,0.307192,"[PASS]"
250,"MCK131","2004-09-28","2007-09-28",3,26.67,0.495745,0.317091,"[PASS]",53.33,0.428965,0.541177,"FAIL (Low SNR)",53.33,9.260063,1.386919,"[PASS]",53.33,0.648653,0.316455,"[PASS]",53.33,6.268543,0.931513,"[PASS]",53.33,37.821743,3.288917,"[PASS]",53.33,9.734365,1.912197,"[PASS]",53.33,8.68013,0.85385,"[PASS]",53.33,38.180589,11.23238,"[PASS]",53.33,2.624375,0.374595,"[PASS]"
251,"MCK231","2015-02-03","2018-02-03",3,17.78,1.172822,1.080524,"[PASS]",6.96,0.730884,0.558172,"[PASS]",53.33,110.049879,15.742062,"[PASS]",17.78,0.877135,0.599995,"[PASS]",26.67,1.273074,0.753652,"[PASS]",53.33,32.993129,2.874743,"[PASS]",53.33,9.888641,1.354888,"[PASS]",53.33,0.931917,0.462026,"[PASS]",53.33,16.465485,5.116874,"[PASS]",53.33,3.127986,0.438867,"[PASS]"
252,"MCK231","2012-02-03","2015-02-03",3,160,0.617975,0.645481,"FAIL (Low SNR)",6.4,0.583305,0.544565,"[PASS]",53.33,17.580741,2.731107,"[PASS]",53.33,0.249268,0.116583,"[PASS]",26.67,1.136693,0.510512,"[PASS]",53.33,39.35926,2.856164,"[PASS]",53.33,12.208888,1.196035,"[PASS]",53.33,3.057502,1.00346,"[PASS]",53.33,9.764827,2.289136,"[PASS]",53.33,2.76622,0.315122,"[PASS]"
253,"MCK231","2009-02-03","2012-02-03",3,22.86,1.956678,1.346234,"[PASS]",40,0.545845,0.4951,"[PASS]",NA,NA,NA,"FAIL BOXCOX",53.33,1.590642,0.581185,"[PASS]",26.67,3.761942,0.653308,"[PASS]",53.33,42.210749,3.301016,"[PASS]",53.33,6.731157,0.852734,"[PASS]",53.33,6.381934,1.153488,"[PASS]",53.33,19.273501,3.75509,"[PASS]",53.33,1.845587,0.241517,"[PASS]"
254,"MCK231","2003-10-03","2006-10-03",3,26.67,1.655008,0.623465,"[PASS]",26.67,0.560192,0.499315,"[PASS]",53.33,3.945596,0.554281,"[PASS]",53.33,0.850577,0.479608,"[PASS]",53.33,5.15094,0.825782,"[PASS]",53.33,38.181811,3.4018,"[PASS]",53.33,15.680166,2.314741,"[PASS]",53.33,7.648532,0.735508,"[PASS]",53.33,30.949399,10.305209,"[PASS]",53.33,2.549886,0.328704,"[PASS]"
255,"MCK231","2000-10-03","2003-10-03",3,26.67,2.349819,1.700016,"[PASS]",9.41,1.597465,1.14043,"[PASS]",53.33,28.806605,7.158798,"[PASS]",26.67,18.591794,7.37067,"[PASS]",53.33,2.59432,0.653745,"[PASS]",53.33,38.333387,3.538534,"[PASS]",53.33,12.45918,1.569606,"[PASS]",53.33,4.941738,0.558851,"[PASS]",53.33,6.961931,3.621341,"[PASS]",53.33,1.570001,0.347465,"[PASS]"
256,"MEV405","2019-04-09","2022-04-09",3,53.33,6.30453,1.157403,"[PASS]",53.33,2.921398,0.340065,"[PASS]",53.33,26.118345,2.845633,"[PASS]",53.33,1.342398,0.200753,"[PASS]",53.33,4.349203,0.422023,"[PASS]",53.33,1.256713,0.400032,"[PASS]",53.33,0.226367,0.05747,"[PASS]",53.33,2.837301,0.311104,"[PASS]",53.33,13.71454,2.487724,"[PASS]",53.33,1.854839,0.236961,"[PASS]"
257,"MEV405","2010-11-16","2013-11-16",3,53.33,19.711688,2.26439,"[PASS]",26.67,2.919207,0.698945,"[PASS]",53.33,18.986524,1.831605,"[PASS]",53.33,12.301472,1.30264,"[PASS]",53.33,0.666897,0.072924,"[PASS]",53.33,4.324312,0.897063,"[PASS]",26.67,0.88554,0.523506,"[PASS]",53.33,4.180756,0.450049,"[PASS]",53.33,17.270554,2.736168,"[PASS]",26.67,1.230462,0.500433,"[PASS]"
258,"MEV405","2007-05-18","2010-05-18",3,53.33,26.390012,4.121446,"[PASS]",53.33,3.76333,0.904345,"[PASS]",53.33,7.885974,1.042514,"[PASS]",53.33,11.589456,1.444235,"[PASS]",53.33,0.420057,0.0617,"[PASS]",53.33,3.383774,0.998637,"[PASS]",53.33,2.729079,0.690627,"[PASS]",53.33,3.699942,0.45976,"[PASS]",53.33,33.272845,5.119521,"[PASS]",53.33,0.890921,0.4935,"[PASS]"
259,"MEV405","2004-05-18","2007-05-18",3,53.33,7.894428,0.96533,"[PASS]",53.33,2.185279,0.61616,"[PASS]",53.33,34.507381,3.345068,"[PASS]",53.33,5.033183,0.577749,"[PASS]",53.33,0.872491,0.098979,"[PASS]",53.33,2.391934,0.880668,"[PASS]",53.33,4.569259,1.045415,"[PASS]",53.33,3.408726,0.360481,"[PASS]",53.33,5.021975,1.076242,"[PASS]",53.33,1.011563,0.44178,"[PASS]"
260,"MKG113","2018-01-04","2021-01-04",3,53.33,1.038335,0.532753,"[PASS]",53.33,1.67348,0.380936,"[PASS]",53.33,670.189222,82.766242,"[PASS]",53.33,0.396973,0.135446,"[PASS]",53.33,12.660752,2.025559,"[PASS]",53.33,78.548153,5.096258,"[PASS]",53.33,13.677826,1.22759,"[PASS]",26.67,0.966211,0.305696,"[PASS]",53.33,80.480053,8.5326,"[PASS]",53.33,8.963101,0.797531,"[PASS]"
261,"MKG113","2015-01-04","2018-01-04",3,53.33,0.448666,0.396201,"[PASS]",53.33,1.049206,0.383555,"[PASS]",53.33,14.562354,2.558431,"[PASS]",6.96,0.157408,0.156787,"[PASS]",53.33,2.206471,0.795027,"[PASS]",53.33,65.113584,4.689556,"[PASS]",53.33,12.460603,1.170123,"[PASS]",26.67,0.516968,0.368662,"[PASS]",53.33,159.193092,15.816867,"[PASS]",53.33,5.516107,0.655464,"[PASS]"
262,"MKG113","2012-01-04","2015-01-04",3,26.67,0.462653,0.358277,"[PASS]",53.33,1.759011,0.397258,"[PASS]",53.33,7.594444,1.611719,"[PASS]",53.33,0.143303,0.079708,"[PASS]",26.67,1.979847,0.522724,"[PASS]",53.33,74.580984,4.778103,"[PASS]",53.33,15.617026,1.448588,"[PASS]",26.67,1.27464,0.479612,"[PASS]",53.33,85.930015,8.181563,"[PASS]",53.33,6.431543,0.616219,"[PASS]"
263,"MKG113","2009-01-04","2012-01-04",3,26.67,0.831017,0.685076,"[PASS]",53.33,1.85369,0.643633,"[PASS]",53.33,78.974298,13.956676,"[PASS]",53.33,1.073113,0.895374,"[PASS]",26.67,3.51951,0.580811,"[PASS]",53.33,72.014085,4.614541,"[PASS]",53.33,8.570552,0.897245,"[PASS]",53.33,1.612381,0.355582,"[PASS]",53.33,117.668978,11.242649,"[PASS]",53.33,4.561859,0.521277,"[PASS]"
264,"MKG113","2006-01-04","2009-01-04",3,53.33,1.007062,0.520708,"[PASS]",160,1.326478,0.811507,"[PASS]",53.33,31.365467,4.247663,"[PASS]",53.33,1.946277,1.046411,"[PASS]",26.67,1.287768,0.664443,"[PASS]",53.33,71.670446,4.910989,"[PASS]",53.33,22.894617,2.295213,"[PASS]",53.33,1.558488,0.319021,"[PASS]",53.33,133.550266,13.603594,"[PASS]",53.33,4.05464,0.570477,"[PASS]"
265,"MKG113","2003-01-04","2006-01-04",3,26.67,0.664713,0.358759,"[PASS]",53.33,2.683466,0.836966,"[PASS]",53.33,10.623798,1.21756,"[PASS]",53.33,0.055525,0.04123,"[PASS]",53.33,2.658267,0.768351,"[PASS]",53.33,71.46034,5.399079,"[PASS]",53.33,43.233669,4.31793,"[PASS]",53.33,4.599511,0.590733,"[PASS]",53.33,146.000652,12.731727,"[PASS]",53.33,3.157645,0.488163,"[PASS]"
266,"MKG113","2000-01-04","2003-01-04",3,53.33,0.716436,0.361564,"[PASS]",53.33,7.03728,1.167631,"[PASS]",53.33,118.466373,16.292062,"[PASS]",53.33,1.752411,0.954259,"[PASS]",26.67,0.834098,0.442167,"[PASS]",53.33,58.20313,4.102698,"[PASS]",53.33,21.947314,2.244011,"[PASS]",53.33,2.016057,0.280765,"[PASS]",53.33,29.687851,3.570846,"[PASS]",53.33,2.237218,0.453077,"[PASS]"
267,"MOR409","2008-11-11","2011-11-11",3,53.33,26.349287,3.50969,"[PASS]",NA,NA,NA,"FAIL BOXCOX",53.33,17.497884,2.475031,"[PASS]",53.33,1.421332,0.202147,"[PASS]",53.33,7.85532,0.700955,"[PASS]",53.33,5.493639,1.73187,"[PASS]",53.33,2.318094,1.524134,"[PASS]",53.33,15.544727,1.209539,"[PASS]",53.33,2.351822,0.569361,"[PASS]",53.33,13.771991,1.510347,"[PASS]"
268,"MOR409","2004-04-06","2007-04-06",3,53.33,9.697899,1.206128,"[PASS]",53.33,72.75086,7.329072,"[PASS]",53.33,8.620818,1.140924,"[PASS]",53.33,1.327864,0.215848,"[PASS]",53.33,4.030208,0.496497,"[PASS]",53.33,8.088808,1.575029,"[PASS]",53.33,75.37673,11.723615,"[PASS]",53.33,12.688767,1.174779,"[PASS]",53.33,1.528659,0.444759,"[PASS]",53.33,29.769466,2.842169,"[PASS]"
269,"MOR409","2000-01-04","2003-01-04",3,53.33,4.52572,0.569891,"[PASS]",NA,NA,NA,"FAIL BOXCOX",53.33,5.124716,0.698736,"[PASS]",NA,NA,NA,"FAIL BOXCOX",53.33,15.045671,1.295117,"[PASS]",53.33,37.537411,4.673103,"[PASS]",53.33,44.679087,5.398884,"[PASS]",53.33,26.079825,2.124669,"[PASS]",53.33,1.533811,0.513887,"[PASS]",53.33,46.285291,3.215167,"[PASS]"
270,"NCS415","2000-01-04","2003-01-04",3,53.33,28.501152,2.985832,"[PASS]",53.33,71.958156,4.998856,"[PASS]",53.33,0.057565,0.005027,"LOW POWER WARNING)",NA,NA,NA,"FAIL BOXCOX",53.33,8.52123,0.734726,"[PASS]",53.33,31.989655,4.529284,"[PASS]",53.33,58.300721,5.460967,"[PASS]",53.33,22.333888,1.681405,"[PASS]",53.33,5.082532,0.777637,"[PASS]",53.33,39.982163,2.84492,"[PASS]"
271,"NIC001","2019-05-14","2022-05-14",3,53.33,7.76094,1.829422,"[PASS]",53.33,1.394391,0.540403,"[PASS]",53.33,104.211036,9.794392,"[PASS]",53.33,4.549998,1.520603,"[PASS]",53.33,6.169127,1.444576,"[PASS]",53.33,78.126719,5.266514,"[PASS]",53.33,20.032411,2.580007,"[PASS]",4.32,0.475677,0.480819,"FAIL (Low SNR)",53.33,25.450402,4.118449,"[PASS]",53.33,18.628799,1.751457,"[PASS]"
272,"NPT006","2020-08-11","2023-08-11",3,53.33,26.482506,2.562881,"[PASS]",53.33,15.354782,1.48002,"[PASS]",53.33,178.149505,14.29886,"[PASS]",53.33,6.619436,0.629935,"[PASS]",53.33,14.209824,2.852233,"[PASS]",26.67,2.698289,1.719557,"[PASS]",53.33,24.832591,3.454665,"[PASS]",53.33,2.093101,0.351095,"[PASS]",26.67,1.963071,1.535079,"[PASS]",53.33,4.845458,0.846441,"[PASS]"
273,"OLY421","2000-01-04","2003-01-04",3,53.33,12.345805,1.920321,"[PASS]",53.33,3.291908,0.971256,"[PASS]",53.33,10.627917,4.215822,"[PASS]",53.33,5.42963,0.835837,"[PASS]",160,1.899722,1.523599,"[PASS]",26.67,1.039411,0.595982,"[PASS]",53.33,3.947924,0.995757,"[PASS]",53.33,5.064531,0.639233,"[PASS]",53.33,3.739105,0.7621,"[PASS]",160,0.974342,0.530141,"[PASS]"
274,"OXF122","2017-02-08","2020-02-08",3,53.33,0.897632,0.527876,"[PASS]",53.33,4.08273,0.59561,"[PASS]",53.33,26.868731,3.80029,"[PASS]",53.33,0.20027,0.056283,"[PASS]",53.33,5.876167,1.185908,"[PASS]",53.33,55.576972,4.008814,"[PASS]",53.33,3.746798,0.653159,"[PASS]",4.21,0.901989,0.462342,"[PASS]",53.33,164.867315,25.871137,"[PASS]",53.33,3.736769,0.356279,"[PASS]"
275,"OXF122","2014-02-08","2017-02-08",3,26.67,0.612711,0.322799,"[PASS]",53.33,6.339103,0.783606,"[PASS]",53.33,89.246813,11.95227,"[PASS]",53.33,0.147304,0.087871,"[PASS]",53.33,2.559968,0.784751,"[PASS]",53.33,47.32479,3.317719,"[PASS]",53.33,7.27533,1.017158,"[PASS]",26.67,1.049404,0.467981,"[PASS]",53.33,67.38698,12.073303,"[PASS]",53.33,3.501131,0.370308,"[PASS]"
276,"OXF122","2011-02-08","2014-02-08",3,53.33,1.85583,0.630982,"[PASS]",53.33,8.880861,0.985937,"[PASS]",53.33,20.712117,3.474809,"[PASS]",53.33,1.864241,0.365502,"[PASS]",26.67,2.103964,0.569266,"[PASS]",53.33,43.671293,3.116661,"[PASS]",53.33,6.98722,1.194726,"[PASS]",53.33,1.617105,0.317767,"[PASS]",53.33,42.777191,5.495075,"[PASS]",53.33,1.646631,0.288236,"[PASS]"
277,"OXF122","2006-01-04","2009-01-04",3,53.33,3.042222,1.038851,"[PASS]",53.33,6.011419,1.111826,"[PASS]",53.33,123.57318,16.022777,"[PASS]",53.33,2.881343,0.562099,"[PASS]",26.67,1.893364,0.943465,"[PASS]",53.33,50.053071,3.652244,"[PASS]",53.33,7.979333,0.900077,"[PASS]",53.33,1.233464,0.212861,"[PASS]",53.33,65.738008,9.330774,"[PASS]",53.33,2.287281,0.345059,"[PASS]"
278,"OXF122","2003-01-04","2006-01-04",3,26.67,0.620779,0.374642,"[PASS]",53.33,6.573882,1.461016,"[PASS]",NA,NA,NA,"FAIL BOXCOX",53.33,0.317405,0.147763,"[PASS]",26.67,2.472802,0.818675,"[PASS]",53.33,49.209028,3.710569,"[PASS]",53.33,32.111494,3.985384,"[PASS]",53.33,4.760905,0.674359,"[PASS]",53.33,35.45245,4.085138,"[PASS]",53.33,0.907024,0.150341,"[PASS]"
279,"OXF122","2000-01-04","2003-01-04",3,53.33,1.226436,0.807345,"[PASS]",53.33,15.170209,1.944712,"[PASS]",53.33,83.786365,12.980668,"[PASS]",53.33,9.220093,1.999342,"[PASS]",26.67,1.539294,0.830967,"[PASS]",53.33,48.565756,3.901501,"[PASS]",53.33,11.556624,1.308398,"[PASS]",53.33,3.156904,0.398576,"[PASS]",53.33,13.120104,3.205225,"[PASS]",53.33,0.734711,0.231071,"[PASS]"
280,"PAL190","2016-05-17","2019-05-17",3,160,1.626547,0.728445,"[PASS]",53.33,5.490899,0.652757,"[PASS]",80,0.908746,0.258527,"[PASS]",80,0.273743,0.131282,"[PASS]",6.67,1.025125,0.830449,"[PASS]",53.33,4.581845,1.418453,"[PASS]",53.33,1.635859,0.469559,"[PASS]",53.33,3.529185,0.738898,"[PASS]",53.33,18.101269,3.301327,"[PASS]",26.67,0.822066,0.313361,"[PASS]"
281,"PAL190","2010-04-24","2013-04-24",3,80,1.97992,0.658851,"[PASS]",53.33,6.010152,0.858377,"[PASS]",53.33,7.675114,1.79701,"[PASS]",53.33,2.464266,0.498991,"[PASS]",7.27,0.562504,0.545615,"[PASS]",53.33,3.926975,1.051164,"[PASS]",53.33,1.43353,0.690621,"[PASS]",53.33,7.093102,0.997179,"[PASS]",53.33,22.274408,2.809181,"[PASS]",8.42,0.354936,0.310043,"[PASS]"
282,"PAL190","2007-04-24","2010-04-24",3,160,1.767541,0.648583,"[PASS]",53.33,2.915392,0.476559,"[PASS]",32,0.566933,0.282533,"[PASS]",160,0.880197,0.435139,"[PASS]",22.86,0.728863,0.645,"[PASS]",53.33,8.086682,1.5508,"[PASS]",53.33,3.64595,0.742452,"[PASS]",53.33,5.218896,1.099211,"[PASS]",53.33,11.875554,3.288197,"[PASS]",80,0.61813,0.458735,"[PASS]"
283,"PAR107","2020-11-24","2023-11-24",3,53.33,4.504734,0.708362,"[PASS]",53.33,2.034876,0.468335,"[PASS]",53.33,3.02837,0.829402,"[PASS]",53.33,0.216183,0.086383,"[PASS]",26.67,3.804568,0.74691,"[PASS]",53.33,38.299206,2.816136,"[PASS]",53.33,12.271454,1.443198,"[PASS]",53.33,1.118218,0.43627,"[PASS]",53.33,22.32512,3.647132,"[PASS]",53.33,7.69973,0.835832,"[PASS]"
284,"PAR107","2015-11-03","2018-11-03",3,53.33,7.083409,1.091905,"[PASS]",53.33,0.34715,0.195051,"[PASS]",26.67,2.217851,1.228873,"[PASS]",53.33,1.157646,0.297275,"[PASS]",26.67,0.229271,0.187699,"[PASS]",53.33,44.94733,3.580185,"[PASS]",NA,NA,NA,"FAIL BOXCOX",53.33,0.843195,0.386436,"[PASS]",53.33,19.665629,2.826901,"[PASS]",53.33,6.60488,0.826681,"[PASS]"
285,"PAR107","2011-02-05","2014-02-05",3,53.33,6.408592,0.826186,"[PASS]",53.33,2.01464,0.524295,"[PASS]",26.67,0.789905,0.229444,"[PASS]",53.33,0.301754,0.059817,"[PASS]",53.33,3.552547,0.772844,"[PASS]",NA,NA,NA,"FAIL BOXCOX",53.33,22.418403,2.101161,"[PASS]",53.33,2.177311,0.38888,"[PASS]",53.33,26.455192,3.169275,"[PASS]",53.33,6.906886,0.665264,"[PASS]"
286,"PAR107","2008-02-05","2011-02-05",3,53.33,7.541831,2.635345,"[PASS]",53.33,1.966831,0.740861,"[PASS]",26.67,0.58539,0.187388,"[PASS]",53.33,4.869676,2.163727,"[PASS]",53.33,2.778648,0.641424,"[PASS]",53.33,45.835435,3.187636,"[PASS]",53.33,32.52018,2.676388,"[PASS]",53.33,2.059384,0.35943,"[PASS]",53.33,31.755017,3.822938,"[PASS]",53.33,8.835212,0.774688,"[PASS]"
287,"PAR107","2004-11-27","2007-11-27",3,53.33,7.709424,1.540886,"[PASS]",53.33,2.370434,0.549524,"[PASS]",26.67,1.064622,0.201125,"[PASS]",53.33,1.836757,0.463374,"[PASS]",53.33,16.309023,1.439077,"[PASS]",NA,NA,NA,"FAIL BOXCOX",53.33,23.16558,2.325718,"[PASS]",53.33,7.95734,0.675052,"[PASS]",53.33,53.695748,7.255565,"[PASS]",53.33,6.229295,0.652802,"[PASS]"
288,"PAR107","2001-11-27","2004-11-27",3,53.33,1.686184,0.592451,"[PASS]",80,0.87633,0.556915,"[PASS]",NA,NA,NA,"FAIL BOXCOX",53.33,0.070059,0.016633,"[PASS]",53.33,12.258607,1.075895,"[PASS]",53.33,70.102855,5.427389,"[PASS]",53.33,30.096432,2.761412,"[PASS]",53.33,16.674071,1.440094,"[PASS]",53.33,16.30802,1.826223,"[PASS]",53.33,4.052129,0.571952,"[PASS]"
289,"PED108","2020-01-07","2023-01-07",3,26.67,2.667958,1.171544,"[PASS]",53.33,0.910544,0.207257,"[PASS]",53.33,2.944673,0.488984,"[PASS]",26.67,7.735698,2.555147,"[PASS]",26.67,0.231006,0.109392,"[PASS]",53.33,15.203188,1.921461,"[PASS]",53.33,14.518922,1.623985,"[PASS]",53.33,0.704523,0.323904,"[PASS]",7.62,5.38696,5.088791,"[PASS]",53.33,4.382677,0.532657,"[PASS]"
290,"PED108","2014-03-18","2017-03-18",3,26.67,0.644874,0.482492,"[PASS]",53.33,0.789686,0.290802,"[PASS]",53.33,1.333439,0.337117,"[PASS]",26.67,6.599105,2.700131,"[PASS]",26.67,0.610591,0.299964,"[PASS]",53.33,17.502721,2.349985,"[PASS]",53.33,11.64424,1.466677,"[PASS]",53.33,1.007382,0.437864,"[PASS]",26.67,4.260303,3.57767,"[PASS]",53.33,2.798565,0.491202,"[PASS]"
291,"PED108","2010-07-13","2013-07-13",3,26.67,4.823982,1.561484,"[PASS]",40,0.318724,0.309337,"[PASS]",53.33,1.778227,0.352457,"[PASS]",26.67,5.429513,1.405025,"[PASS]",26.67,1.286246,0.50751,"[PASS]",53.33,29.014722,2.884668,"[PASS]",53.33,12.109975,1.213204,"[PASS]",53.33,1.841754,0.304903,"[PASS]",53.33,5.231509,4.247739,"[PASS]",53.33,2.737616,0.439335,"[PASS]"
292,"PED108","2007-07-13","2010-07-13",3,53.33,5.454911,3.008451,"[PASS]",53.33,2.222484,0.571983,"[PASS]",53.33,10.845229,5.376481,"[PASS]",26.67,3.465802,1.3395,"[PASS]",53.33,2.002877,0.569689,"[PASS]",NA,NA,NA,"FAIL BOXCOX",53.33,14.067391,1.256326,"[PASS]",53.33,1.46219,0.192033,"[PASS]",26.67,9.099983,5.008805,"[PASS]",53.33,3.83323,0.472025,"[PASS]"
293,"PED108","2004-07-13","2007-07-13",3,53.33,1.106128,0.312774,"[PASS]",53.33,4.713999,0.675851,"[PASS]",53.33,2.089811,0.352016,"[PASS]",53.33,2.727403,1.102648,"[PASS]",53.33,8.171464,0.756099,"[PASS]",NA,NA,NA,"FAIL BOXCOX",53.33,20.635417,1.68231,"[PASS]",53.33,8.730857,0.68163,"[PASS]",20,5.186326,3.927236,"[PASS]",53.33,6.100034,0.610854,"[PASS]"
294,"PET427","2019-01-22","2022-01-22",3,53.33,1.992173,0.402897,"[PASS]",53.33,3.987957,0.513078,"[PASS]",53.33,51.688517,5.361479,"[PASS]",53.33,0.73289,0.087459,"[PASS]",53.33,3.11428,0.270769,"[PASS]",53.33,2.23248,0.620455,"[PASS]",160,1.772882,0.789393,"[PASS]",53.33,4.974439,0.437773,"[PASS]",53.33,7.209344,0.979515,"[PASS]",53.33,3.962715,0.449463,"[PASS]"
295,"PET427","2011-09-24","2014-09-24",3,53.33,7.83406,1.270697,"[PASS]",26.67,2.597496,0.582763,"[PASS]",53.33,16.146209,1.705847,"[PASS]",53.33,9.744606,1.182375,"[PASS]",53.33,1.291382,0.145835,"[PASS]",53.33,2.99175,0.644534,"[PASS]",26.67,0.67239,0.261611,"[PASS]",53.33,5.128222,0.471908,"[PASS]",53.33,13.166768,2.128361,"[PASS]",26.67,1.246042,0.362285,"[PASS]"
296,"PET427","2008-09-24","2011-09-24",3,26.67,5.3749,0.860963,"[PASS]",53.33,1.873403,0.469466,"[PASS]",53.33,18.118965,2.969372,"[PASS]",53.33,6.858733,0.901079,"[PASS]",53.33,0.578579,0.089411,"[PASS]",53.33,3.317553,1.025486,"[PASS]",53.33,2.430838,1.106444,"[PASS]",53.33,3.14184,0.364884,"[PASS]",53.33,17.346313,2.303408,"[PASS]",8,0.619933,0.337509,"[PASS]"
297,"PET427","2005-09-24","2008-09-24",3,53.33,4.717775,1.010344,"[PASS]",53.33,2.22081,0.574839,"[PASS]",53.33,15.842896,2.026496,"[PASS]",53.33,17.969188,2.614747,"[PASS]",53.33,0.934554,0.124755,"[PASS]",53.33,3.247077,1.206844,"[PASS]",26.67,2.354997,0.603356,"[PASS]",53.33,5.324564,0.580226,"[PASS]",53.33,11.506858,2.878618,"[PASS]",53.33,1.046905,0.439702,"[PASS]"
298,"PET427","2002-09-24","2005-09-24",3,53.33,5.121371,0.741377,"[PASS]",53.33,2.561065,0.675974,"[PASS]",53.33,22.795871,2.435938,"[PASS]",53.33,2.031556,0.234654,"[PASS]",53.33,2.915336,0.363052,"[PASS]",53.33,1.841669,0.635217,"[PASS]",26.67,1.671018,0.66817,"[PASS]",53.33,6.160878,0.659358,"[PASS]",53.33,10.509674,1.534566,"[PASS]",53.33,2.390679,0.66786,"[PASS]"
299,"PIN414","2014-12-30","2017-12-30",3,53.33,2.280739,0.221996,"[PASS]",53.33,2.807572,0.781794,"[PASS]",53.33,10.538168,1.435133,"[PASS]",53.33,0.990042,0.105274,"[PASS]",53.33,0.716748,0.198473,"[PASS]",53.33,2.578819,0.483671,"[PASS]",53.33,1.729975,0.330987,"[PASS]",53.33,8.067958,0.636091,"[PASS]",53.33,6.134755,0.964547,"[PASS]",53.33,4.483366,0.78463,"[PASS]"
300,"PIN414","2010-02-02","2013-02-02",3,53.33,0.957366,0.11916,"[PASS]",53.33,3.813419,0.777591,"[PASS]",53.33,5.769876,0.942223,"[PASS]",53.33,2.411846,0.253141,"[PASS]",53.33,3.789378,1.203838,"[PASS]",53.33,1.509471,0.649794,"[PASS]",53.33,3.950245,0.554604,"[PASS]",53.33,9.260418,0.848124,"[PASS]",53.33,10.132459,1.222781,"[PASS]",53.33,2.819267,0.790597,"[PASS]"
301,"PIN414","2006-02-07","2009-02-07",3,53.33,2.080494,0.183205,"[PASS]",53.33,4.938387,1.248259,"[PASS]",53.33,93.935266,11.659887,"[PASS]",53.33,1.720819,0.188047,"[PASS]",53.33,2.772733,0.866584,"[PASS]",53.33,1.887599,0.745902,"[PASS]",53.33,3.840222,0.3944,"[PASS]",53.33,12.599495,1.129447,"[PASS]",53.33,5.891513,0.908004,"[PASS]",53.33,6.731434,1.837835,"[PASS]"
302,"PIN414","2000-01-04","2003-01-04",3,53.33,1.01092,0.101841,"[PASS]",53.33,7.468936,1.635431,"[PASS]",53.33,2.861332,0.4646,"[PASS]",53.33,0.826672,0.099609,"[PASS]",53.33,1.600815,0.523108,"[PASS]",53.33,1.138639,0.826336,"[PASS]",53.33,9.657814,0.783454,"[PASS]",53.33,11.216133,0.988273,"[PASS]",53.33,4.42155,0.777794,"[PASS]",53.33,7.145951,2.148629,"[PASS]"
303,"PND165","2018-07-24","2021-07-24",3,53.33,17.803958,1.640106,"[PASS]",53.33,12.833302,1.709616,"[PASS]",53.33,491.535012,41.263212,"[PASS]",NA,NA,NA,"FAIL BOXCOX",53.33,6.972097,0.885093,"[PASS]",26.67,4.696749,1.266483,"[PASS]",26.67,3.309472,1.244984,"[PASS]",53.33,1.855055,0.278766,"[PASS]",26.67,10.909735,4.8662,"[PASS]",53.33,8.547694,1.196774,"[PASS]"
304,"PND165","2015-07-24","2018-07-24",3,53.33,41.061066,4.282778,"[PASS]",53.33,17.972967,1.922028,"[PASS]",53.33,180.011732,14.378169,"[PASS]",53.33,8.154572,0.731439,"[PASS]",53.33,14.589465,1.377664,"[PASS]",53.33,1.75888,0.807663,"[PASS]",80,0.632685,0.252395,"[PASS]",53.33,4.581829,0.520829,"[PASS]",16,4.483474,4.115665,"[PASS]",53.33,6.255583,0.731292,"[PASS]"
305,"PND165","2012-07-24","2015-07-24",3,NA,NA,NA,"FAIL BOXCOX",53.33,18.493743,1.662336,"[PASS]",53.33,32.982313,2.612106,"[PASS]",NA,NA,NA,"FAIL BOXCOX",53.33,2.162253,0.245891,"[PASS]",53.33,4.232389,0.850492,"[PASS]",40,0.243432,0.160566,"[PASS]",53.33,4.241608,0.531403,"[PASS]",22.86,18.514276,8.842686,"[PASS]",53.33,4.795624,0.435569,"[PASS]"
306,"PND165","2005-04-12","2008-04-12",3,53.33,7.220439,0.666127,"[PASS]",53.33,4.475167,0.570484,"[PASS]",53.33,58.181221,4.409052,"[PASS]",NA,NA,NA,"FAIL BOXCOX",53.33,2.415217,0.259162,"[PASS]",53.33,1.182161,0.370584,"[PASS]",53.33,0.48211,0.413672,"[PASS]",53.33,9.347379,0.976949,"[PASS]",53.33,8.885646,2.002739,"[PASS]",53.33,1.993538,0.303534,"[PASS]"
307,"PND165","2000-07-18","2003-07-18",3,53.33,17.099383,1.558182,"[PASS]",53.33,5.999318,0.6846,"[PASS]",53.33,19.94332,1.75497,"[PASS]",NA,NA,NA,"FAIL BOXCOX",53.33,0.842034,0.108288,"[PASS]",26.67,2.223973,0.531285,"[PASS]",17.78,0.77445,0.625679,"[PASS]",53.33,2.089369,0.29526,"[PASS]",53.33,1.557166,0.309782,"[PASS]",53.33,3.975923,0.461571,"[PASS]"
308,"PNF126","2019-04-30","2022-04-30",3,26.67,3.545484,1.711521,"[PASS]",53.33,0.542066,0.384358,"[PASS]",53.33,7.075188,0.676938,"[PASS]",53.33,3.038373,0.648385,"[PASS]",53.33,1.318571,0.358648,"[PASS]",53.33,6.493393,1.696914,"[PASS]",NA,NA,NA,"FAIL BOXCOX",53.33,4.134606,0.603794,"[PASS]",8.42,4.863045,3.499297,"[PASS]",53.33,1.862302,0.545975,"[PASS]"
309,"PNF126","2015-01-04","2018-01-04",3,53.33,0.79413,0.653719,"[PASS]",53.33,0.475657,0.241854,"[PASS]",53.33,15.320921,1.925089,"[PASS]",53.33,3.894044,1.424645,"[PASS]",53.33,0.826495,0.283219,"[PASS]",53.33,8.039619,1.838252,"[PASS]",53.33,15.377386,1.952291,"[PASS]",53.33,4.898178,0.784168,"[PASS]",7.27,6.558695,6.898523,"FAIL (Low SNR)",53.33,1.669624,0.513164,"[PASS]"
310,"PNF126","2012-01-04","2015-01-04",3,26.67,1.634599,0.663166,"[PASS]",53.33,0.840509,0.288003,"[PASS]",53.33,0.137783,0.013918,"[PASS]",53.33,2.396269,0.595018,"[PASS]",53.33,2.52468,0.361875,"[PASS]",53.33,5.948764,1.710362,"[PASS]",53.33,13.632641,1.419429,"[PASS]",53.33,11.378175,1.164331,"[PASS]",53.33,4.576231,2.787737,"[PASS]",53.33,1.689849,0.448349,"[PASS]"
311,"PNF126","2009-01-04","2012-01-04",3,53.33,2.657123,1.033694,"[PASS]",53.33,1.623293,0.283918,"[PASS]",53.33,0.97802,0.13021,"[PASS]",53.33,1.337633,0.312714,"[PASS]",53.33,7.520049,0.76177,"[PASS]",53.33,14.940036,2.527005,"[PASS]",53.33,16.746992,2.002193,"[PASS]",53.33,9.812746,0.857561,"[PASS]",53.33,28.298922,8.952042,"[PASS]",53.33,3.282751,0.497003,"[PASS]"
312,"PNF126","2006-01-04","2009-01-04",3,53.33,2.188216,0.593582,"[PASS]",53.33,2.05756,0.408897,"[PASS]",53.33,9.067763,0.938044,"[PASS]",53.33,4.7491,0.90221,"[PASS]",53.33,17.768362,1.296356,"[PASS]",NA,NA,NA,"FAIL BOXCOX",53.33,7.733269,1.550127,"[PASS]",53.33,22.153948,1.572239,"[PASS]",53.33,4.2403,3.650762,"[PASS]",53.33,2.495698,0.449975,"[PASS]"
313,"PNF126","2003-01-04","2006-01-04",3,26.67,1.195337,0.522442,"[PASS]",53.33,2.247122,0.425073,"[PASS]",53.33,0.227027,0.033055,"[PASS]",53.33,0.788613,0.242945,"[PASS]",53.33,14.02354,1.181108,"[PASS]",NA,NA,NA,"FAIL BOXCOX",53.33,30.026068,2.950562,"[PASS]",53.33,25.619861,1.875512,"[PASS]",11.43,4.977563,3.397203,"[PASS]",53.33,3.578898,0.478593,"[PASS]"
314,"PNF126","2000-01-04","2003-01-04",3,26.67,4.058658,1.430604,"[PASS]",53.33,0.664496,0.540061,"[PASS]",53.33,3.590596,0.661451,"[PASS]",53.33,7.024442,1.620458,"[PASS]",53.33,11.588447,1.112185,"[PASS]",NA,NA,NA,"FAIL BOXCOX",53.33,18.907836,2.464956,"[PASS]",53.33,18.82492,1.450043,"[PASS]",14.55,2.596046,1.60839,"[PASS]",53.33,0.883838,0.37189,"[PASS]"
315,"PRK134","2018-12-04","2021-12-04",3,53.33,6.621171,3.148501,"[PASS]",53.33,11.723253,1.338101,"[PASS]",53.33,4.496231,1.769779,"[PASS]",53.33,3.038606,1.044062,"[PASS]",53.33,23.826493,3.138415,"[PASS]",53.33,59.272052,4.965951,"[PASS]",53.33,7.734457,1.107415,"[PASS]",53.33,0.920621,0.627941,"[PASS]",53.33,179.432216,17.729283,"[PASS]",53.33,18.601179,2.04862,"[PASS]"
316,"PRK134","2015-12-04","2018-12-04",3,53.33,5.993001,3.351275,"[PASS]",53.33,9.469931,1.331061,"[PASS]",26.67,3.998707,2.248523,"[PASS]",53.33,1.665845,0.839652,"[PASS]",53.33,18.477706,2.00965,"[PASS]",53.33,67.546177,4.820434,"[PASS]",53.33,12.078263,1.466812,"[PASS]",53.33,0.725021,0.473101,"[PASS]",53.33,500.350117,49.34555,"[PASS]",53.33,19.153128,1.774293,"[PASS]"
317,"PRK134","2012-12-04","2015-12-04",3,53.33,6.075337,3.706005,"[PASS]",53.33,10.910178,1.635576,"[PASS]",NA,NA,NA,"FAIL BOXCOX",53.33,1.393894,0.728107,"[PASS]",53.33,9.204605,1.416652,"[PASS]",53.33,58.259037,4.628901,"[PASS]",53.33,6.096336,0.977903,"[PASS]",6.4,0.723819,0.728057,"FAIL (Low SNR)",53.33,215.442825,18.927366,"[PASS]",53.33,17.296665,1.823308,"[PASS]"
318,"PRK134","2007-10-09","2010-10-09",3,16,4.181792,3.923818,"[PASS]",53.33,3.511521,1.125329,"[PASS]",26.67,53.430395,20.256534,"[PASS]",4.21,1.482849,1.260347,"[PASS]",53.33,10.780301,1.796264,"[PASS]",53.33,71.256478,5.946981,"[PASS]",53.33,12.197948,1.451856,"[PASS]",6.4,0.968732,0.942853,"[PASS]",53.33,347.653478,29.983283,"[PASS]",53.33,20.564191,2.317641,"[PASS]"
319,"PRK134","2003-01-04","2006-01-04",3,53.33,5.866834,2.78023,"[PASS]",53.33,3.720928,1.337327,"[PASS]",53.33,0.030683,0.01116,"[PASS]",53.33,2.308959,0.863747,"[PASS]",53.33,4.194688,1.468347,"[PASS]",53.33,56.318151,4.761937,"[PASS]",53.33,12.500136,1.808191,"[PASS]",13.33,0.948259,0.879158,"[PASS]",53.33,65.023097,5.450103,"[PASS]",53.33,12.215698,1.580402,"[PASS]"
320,"PRK134","2000-01-04","2003-01-04",3,53.33,3.953926,2.692591,"[PASS]",53.33,6.638212,1.170093,"[PASS]",53.33,9.610189,5.459579,"[PASS]",53.33,3.942776,1.73218,"[PASS]",53.33,3.351257,1.30613,"[PASS]",53.33,52.662731,4.777717,"[PASS]",53.33,11.376552,1.333585,"[PASS]",53.33,1.13003,0.927559,"[PASS]",53.33,51.062117,5.609292,"[PASS]",53.33,10.264787,1.39838,"[PASS]"
321,"PSU106","2018-01-04","2021-01-04",3,53.33,1.575648,0.759214,"[PASS]",53.33,2.841782,0.437127,"[PASS]",53.33,53.848955,12.210671,"[PASS]",53.33,2.201728,0.504325,"[PASS]",53.33,8.04503,1.666613,"[PASS]",53.33,58.290241,4.096279,"[PASS]",53.33,10.426384,1.537281,"[PASS]",NA,NA,NA,"FAIL BOXCOX",53.33,26.147273,6.444271,"[PASS]",53.33,5.859831,0.563276,"[PASS]"
322,"PSU106","2015-01-04","2018-01-04",3,26.67,0.558493,0.309401,"[PASS]",53.33,3.466526,0.491546,"[PASS]",53.33,2.336573,1.040965,"[PASS]",53.33,0.630075,0.313852,"[PASS]",26.67,3.100665,0.785224,"[PASS]",53.33,49.701041,3.708784,"[PASS]",53.33,11.126309,1.596503,"[PASS]",26.67,1.503442,0.483351,"[PASS]",53.33,52.931043,9.130317,"[PASS]",53.33,4.154428,0.56186,"[PASS]"
323,"PSU106","2012-01-04","2015-01-04",3,26.67,0.728641,0.679411,"[PASS]",53.33,4.609887,0.695104,"[PASS]",26.67,0.50393,0.191253,"[PASS]",53.33,0.351017,0.211042,"[PASS]",26.67,2.189475,0.629964,"[PASS]",53.33,53.807005,4.073002,"[PASS]",53.33,11.8052,1.33789,"[PASS]",26.67,0.655334,0.220406,"[PASS]",53.33,13.602606,2.410592,"[PASS]",53.33,3.722361,0.460234,"[PASS]"
324,"PSU106","2009-01-04","2012-01-04",3,5.93,1.393269,0.918491,"[PASS]",53.33,3.510582,0.566631,"[PASS]",53.33,11.985037,3.562647,"[PASS]",53.33,0.512536,0.263416,"[PASS]",26.67,4.597694,0.65473,"[PASS]",53.33,55.656126,3.953802,"[PASS]",53.33,8.071682,1.010671,"[PASS]",53.33,2.179439,0.397628,"[PASS]",53.33,24.888809,3.564246,"[PASS]",53.33,5.447161,0.585166,"[PASS]"
325,"PSU106","2006-01-04","2009-01-04",3,53.33,2.070884,0.713733,"[PASS]",53.33,1.378675,0.68879,"[PASS]",53.33,6.079334,1.010356,"[PASS]",53.33,4.056176,1.565354,"[PASS]",26.67,3.626806,1.05442,"[PASS]",53.33,60.320091,4.106681,"[PASS]",53.33,6.578055,0.771111,"[PASS]",53.33,1.948727,0.303887,"[PASS]",53.33,33.170027,4.723597,"[PASS]",53.33,4.22573,0.528118,"[PASS]"
326,"PSU106","2003-01-04","2006-01-04",3,53.33,0.854429,0.437961,"[PASS]",53.33,3.403042,0.947666,"[PASS]",NA,NA,NA,"FAIL BOXCOX",NA,NA,NA,"FAIL BOXCOX",53.33,2.304242,0.650214,"[PASS]",53.33,63.20982,4.854588,"[PASS]",53.33,10.82766,0.934474,"[PASS]",53.33,4.700835,0.504558,"[PASS]",53.33,24.642211,4.311838,"[PASS]",53.33,2.317425,0.271049,"[PASS]"
327,"PSU106","2000-01-04","2003-01-04",3,53.33,3.102729,1.523832,"[PASS]",53.33,2.260704,0.635552,"[PASS]",53.33,156.03178,50.638003,"[PASS]",53.33,8.561049,3.615084,"[PASS]",53.33,1.464067,0.550117,"[PASS]",53.33,38.965441,3.197571,"[PASS]",53.33,11.65573,1.017961,"[PASS]",53.33,3.10421,0.403414,"[PASS]",53.33,15.887453,3.277816,"[PASS]",53.33,1.686074,0.338681,"[PASS]"
328,"QAK172","2015-07-10","2018-07-10",3,53.33,1.302072,0.384406,"[PASS]",53.33,0.516439,0.428993,"[PASS]",53.33,39.34456,7.551329,"[PASS]",53.33,0.403513,0.085035,"[PASS]",26.67,1.171576,0.454963,"[PASS]",53.33,26.835847,2.604334,"[PASS]",53.33,3.006959,0.486737,"[PASS]",53.33,1.739184,0.436875,"[PASS]",53.33,63.136427,8.986271,"[PASS]",53.33,1.855471,0.303871,"[PASS]"
329,"QAK172","2012-07-10","2015-07-10",3,26.67,1.593212,0.595064,"[PASS]",53.33,1.537872,0.522176,"[PASS]",53.33,11.23217,2.013207,"[PASS]",53.33,0.452053,0.121801,"[PASS]",26.67,2.017753,0.48641,"[PASS]",53.33,34.623853,2.652995,"[PASS]",53.33,6.121893,0.874196,"[PASS]",53.33,1.955216,0.490325,"[PASS]",53.33,35.206787,4.046863,"[PASS]",53.33,3.687696,0.362336,"[PASS]"
330,"QAK172","2009-01-04","2012-01-04",3,53.33,2.672579,1.060593,"[PASS]",53.33,1.186001,0.509428,"[PASS]",53.33,42.033649,15.662019,"[PASS]",53.33,2.092076,0.553357,"[PASS]",26.67,3.066398,0.541052,"[PASS]",53.33,32.392115,2.832173,"[PASS]",53.33,1.069129,0.289554,"[PASS]",53.33,2.16166,0.328279,"[PASS]",53.33,87.933861,9.674459,"[PASS]",53.33,2.626643,0.332106,"[PASS]"
331,"QAK172","2006-01-04","2009-01-04",3,53.33,1.714935,0.53978,"[PASS]",32,0.827676,0.559263,"[PASS]",53.33,11.01539,1.895425,"[PASS]",53.33,0.753573,0.193714,"[PASS]",53.33,3.088258,0.530831,"[PASS]",53.33,21.568159,2.622264,"[PASS]",53.33,4.705782,0.992677,"[PASS]",53.33,1.894885,0.234026,"[PASS]",53.33,73.705315,10.118653,"[PASS]",53.33,1.997623,0.315263,"[PASS]"
332,"QAK172","2003-01-04","2006-01-04",3,53.33,1.108409,0.474155,"[PASS]",17.78,1.846652,1.547998,"[PASS]",53.33,0.040806,0.005869,"LOW POWER WARNING)",53.33,0.297753,0.089923,"[PASS]",53.33,6.887381,1.097955,"[PASS]",53.33,27.02673,3.569715,"[PASS]",53.33,17.533961,5.216484,"[PASS]",53.33,35.38085,3.489837,"[PASS]",53.33,18.540117,2.582835,"[PASS]",53.33,8.826057,1.809093,"[PASS]"
333,"QAK172","2000-01-04","2003-01-04",3,53.33,2.4693,0.856431,"[PASS]",14.55,0.902475,0.631979,"[PASS]",53.33,23.919316,4.93523,"[PASS]",NA,NA,NA,"FAIL BOXCOX",53.33,2.588226,0.554808,"[PASS]",53.33,25.36095,2.916713,"[PASS]",53.33,6.429253,1.214168,"[PASS]",NA,NA,NA,"FAIL BOXCOX",53.33,9.588015,2.180228,"[PASS]",53.33,0.234534,0.106752,"[PASS]"
334,"RED004","2022-02-08","2025-02-08",3,53.33,17.501953,2.860534,"[PASS]",53.33,12.039354,2.195422,"[PASS]",53.33,52.701068,5.824246,"[PASS]",53.33,2.293793,0.375788,"[PASS]",53.33,17.739086,2.355825,"[PASS]",53.33,57.662135,4.578688,"[PASS]",53.33,15.915835,3.914074,"[PASS]",80,1.416809,0.599782,"[PASS]",53.33,142.050444,12.785311,"[PASS]",53.33,15.923902,2.017844,"[PASS]"
335,"RED004","2017-09-23","2020-09-23",3,53.33,7.30054,1.660263,"[PASS]",53.33,17.078713,2.171303,"[PASS]",53.33,13.132946,2.858092,"[PASS]",53.33,1.550263,0.385817,"[PASS]",NA,NA,NA,"FAIL BOXCOX",NA,NA,NA,"FAIL BOXCOX",53.33,44.448478,4.809399,"[PASS]",53.33,2.149206,0.511249,"[PASS]",53.33,161.715241,12.882093,"[PASS]",53.33,23.704083,2.483868,"[PASS]"
336,"RED004","2014-09-23","2017-09-23",3,53.33,4.023138,0.996013,"[PASS]",53.33,4.916515,1.204647,"[PASS]",53.33,8.715051,1.318639,"[PASS]",53.33,0.367465,0.098323,"[PASS]",53.33,25.599629,3.054487,"[PASS]",53.33,67.579945,5.623468,"[PASS]",53.33,13.132413,1.614974,"[PASS]",53.33,2.682646,0.651803,"[PASS]",53.33,424.714995,35.614389,"[PASS]",53.33,19.604753,2.109371,"[PASS]"
337,"ROM206","2018-12-26","2021-12-26",3,53.33,18.609358,1.913611,"[PASS]",53.33,4.036564,0.365356,"[PASS]",53.33,230.621543,19.534284,"[PASS]",53.33,7.717476,0.735655,"[PASS]",53.33,4.449981,0.604388,"[PASS]",53.33,6.840312,1.758595,"[PASS]",53.33,10.464266,3.239316,"[PASS]",53.33,2.732449,0.276554,"[PASS]",53.33,2.339866,1.102027,"[PASS]",53.33,3.447953,0.491266,"[PASS]"
338,"ROM206","2015-12-26","2018-12-26",3,53.33,4.324231,0.425089,"[PASS]",53.33,5.672832,0.456911,"[PASS]",53.33,95.254803,7.723711,"[PASS]",53.33,1.756637,0.15492,"[PASS]",53.33,3.915527,0.414413,"[PASS]",53.33,3.025197,0.768378,"[PASS]",80,5.847937,1.384641,"[PASS]",53.33,3.692045,0.327493,"[PASS]",53.33,0.908774,0.402253,"[PASS]",53.33,3.75897,0.389796,"[PASS]"
339,"ROM206","2012-12-26","2015-12-26",3,53.33,12.408818,1.104839,"[PASS]",53.33,7.209356,0.638964,"[PASS]",53.33,21.14236,1.51371,"[PASS]",53.33,9.408896,0.743117,"[PASS]",53.33,1.025009,0.155661,"[PASS]",53.33,6.431809,1.416854,"[PASS]",40,0.818351,0.408292,"[PASS]",53.33,2.998331,0.299716,"[PASS]",53.33,14.421454,3.138546,"[PASS]",53.33,4.714374,0.546418,"[PASS]"
340,"ROM206","2009-12-26","2012-12-26",3,53.33,12.541443,1.24606,"[PASS]",53.33,5.877032,0.472654,"[PASS]",53.33,13.609992,1.170494,"[PASS]",53.33,5.682411,0.530315,"[PASS]",53.33,0.508137,0.075531,"[PASS]",53.33,9.301802,1.675621,"[PASS]",53.33,3.922801,1.831391,"[PASS]",53.33,2.933163,0.282845,"[PASS]",53.33,11.47807,1.818813,"[PASS]",53.33,3.979018,0.443965,"[PASS]"
341,"ROM206","2006-12-26","2009-12-26",3,53.33,15.667736,1.49802,"[PASS]",53.33,12.984039,0.998281,"[PASS]",53.33,29.54587,2.399991,"[PASS]",NA,NA,NA,"FAIL BOXCOX",53.33,0.730164,0.101332,"[PASS]",53.33,5.943374,1.568645,"[PASS]",53.33,0.639195,0.176523,"[PASS]",53.33,4.859215,0.475177,"[PASS]",53.33,60.365602,9.164033,"[PASS]",53.33,4.876265,0.550569,"[PASS]"
342,"ROM206","2002-01-01","2005-01-01",3,53.33,14.980603,1.306098,"[PASS]",53.33,12.200151,1.094474,"[PASS]",53.33,9.415812,0.761101,"[PASS]",NA,NA,NA,"FAIL BOXCOX",53.33,2.900307,0.425354,"[PASS]",53.33,4.823241,1.731009,"[PASS]",53.33,2.326647,1.035822,"[PASS]",53.33,5.549666,0.51835,"[PASS]",53.33,1.632996,0.338659,"[PASS]",53.33,8.033552,0.955615,"[PASS]"
343,"ROM406","2012-01-04","2015-01-04",3,53.33,13.909363,1.131959,"[PASS]",53.33,9.467744,0.701712,"[PASS]",53.33,37.748527,2.561967,"[PASS]",NA,NA,NA,"FAIL BOXCOX",53.33,0.936666,0.105951,"[PASS]",53.33,8.286389,1.392434,"[PASS]",32,0.715007,0.433955,"[PASS]",53.33,3.661374,0.286421,"[PASS]",53.33,18.172608,2.691581,"[PASS]",53.33,5.509762,0.503256,"[PASS]"
344,"ROM406","2009-01-04","2012-01-04",3,53.33,8.301742,0.955999,"[PASS]",53.33,7.501777,0.674149,"[PASS]",53.33,1.866317,0.21218,"[PASS]",NA,NA,NA,"FAIL BOXCOX",53.33,1.082786,0.242334,"[PASS]",53.33,11.046065,2.71506,"[PASS]",53.33,1.661077,0.842398,"[PASS]",53.33,2.997807,0.416564,"[PASS]",53.33,8.107058,1.398243,"[PASS]",53.33,3.837805,0.567244,"[PASS]"
345,"ROM406","2006-01-04","2009-01-04",3,53.33,17.891979,1.48441,"[PASS]",53.33,15.993256,1.223875,"[PASS]",53.33,23.961239,1.770281,"[PASS]",53.33,10.654092,0.832553,"[PASS]",53.33,1.483803,0.167976,"[PASS]",53.33,10.249767,1.931918,"[PASS]",53.33,0.55268,0.151245,"[PASS]",53.33,8.055683,0.712287,"[PASS]",53.33,61.194337,8.360083,"[PASS]",53.33,8.316775,0.815273,"[PASS]"
346,"ROM406","2003-01-04","2006-01-04",3,53.33,14.932309,1.473013,"[PASS]",53.33,9.524869,0.878409,"[PASS]",53.33,13.759704,1.149791,"[PASS]",NA,NA,NA,"FAIL BOXCOX",53.33,2.399988,0.303121,"[PASS]",53.33,8.664461,2.458992,"[PASS]",53.33,0.513696,0.239216,"[PASS]",53.33,6.371875,0.548219,"[PASS]",53.33,3.862943,0.780175,"[PASS]",53.33,7.392026,0.932882,"[PASS]"
347,"ROM406","2000-01-04","2003-01-04",3,53.33,19.370953,1.594595,"[PASS]",53.33,9.385176,0.880854,"[PASS]",53.33,35.302836,2.600117,"[PASS]",NA,NA,NA,"FAIL BOXCOX",53.33,2.50064,0.550121,"[PASS]",53.33,9.347256,2.198506,"[PASS]",32,0.961584,0.727405,"[PASS]",53.33,3.896307,0.480625,"[PASS]",53.33,1.39489,0.426814,"[PASS]",53.33,6.56178,0.883292,"[PASS]"
348,"SAL133","2021-06-12","2024-06-12",3,26.67,1.592759,0.682735,"[PASS]",53.33,12.249101,1.111501,"[PASS]",53.33,45.68835,6.299664,"[PASS]",53.33,1.919001,0.532125,"[PASS]",53.33,10.077024,1.578545,"[PASS]",53.33,43.112425,3.08638,"[PASS]",40,0.557009,0.506341,"[PASS]",26.67,0.696618,0.325161,"[PASS]",53.33,154.950985,23.785091,"[PASS]",53.33,4.347959,0.527174,"[PASS]"
349,"SAL133","2018-06-12","2021-06-12",3,53.33,3.918501,0.879303,"[PASS]",53.33,18.259646,1.344024,"[PASS]",53.33,69.259044,9.12334,"[PASS]",53.33,2.683466,0.525993,"[PASS]",53.33,18.949671,1.926941,"[PASS]",NA,NA,NA,"FAIL BOXCOX",53.33,2.217518,0.682363,"[PASS]",26.67,1.223784,0.39784,"[PASS]",53.33,108.277543,19.50415,"[PASS]",53.33,5.191236,0.490487,"[PASS]"
350,"SAL133","2012-05-12","2015-05-12",3,53.33,2.368806,1.349149,"[PASS]",53.33,23.541021,1.877971,"[PASS]",53.33,34.776792,7.801143,"[PASS]",53.33,2.015323,0.651401,"[PASS]",53.33,7.284117,0.911066,"[PASS]",NA,NA,NA,"FAIL BOXCOX",53.33,6.284277,0.679286,"[PASS]",26.67,1.199489,0.652498,"[PASS]",53.33,60.72973,7.560513,"[PASS]",53.33,5.986333,0.554082,"[PASS]"
351,"SAL133","2009-05-12","2012-05-12",3,26.67,2.617634,1.50113,"[PASS]",53.33,16.775298,1.619629,"[PASS]",53.33,18.925795,6.916964,"[PASS]",53.33,3.92885,1.579542,"[PASS]",26.67,3.404442,0.807243,"[PASS]",53.33,66.506895,4.483165,"[PASS]",53.33,3.829104,0.493679,"[PASS]",53.33,1.705783,0.642265,"[PASS]",53.33,44.989302,6.131802,"[PASS]",53.33,2.971471,0.299302,"[PASS]"
352,"SAL133","2000-01-04","2003-01-04",3,53.33,1.880586,0.741606,"[PASS]",53.33,30.877993,3.102945,"[PASS]",53.33,62.537061,11.165579,"[PASS]",53.33,5.365259,1.059716,"[PASS]",80,1.444556,0.739843,"[PASS]",53.33,80.6234,5.500228,"[PASS]",53.33,1.424329,0.1443,"[PASS]",53.33,2.076701,0.363394,"[PASS]",53.33,10.643681,2.494499,"[PASS]",53.33,1.87908,0.309561,"[PASS]"
353,"SAN189","2018-03-13","2021-03-13",3,53.33,7.657108,1.274574,"[PASS]",53.33,35.125512,2.663263,"[PASS]",53.33,17.634029,2.301617,"[PASS]",53.33,1.683708,0.282205,"[PASS]",53.33,15.506886,2.136884,"[PASS]",53.33,23.087019,2.716434,"[PASS]",53.33,2.859561,1.02985,"[PASS]",26.67,1.433345,0.531115,"[PASS]",26.67,5.703277,2.39809,"[PASS]",53.33,8.254761,1.252441,"[PASS]"
354,"SAN189","2014-02-11","2017-02-11",3,53.33,6.350434,1.337869,"[PASS]",53.33,21.384085,1.617803,"[PASS]",53.33,1.465889,0.178623,"[PASS]",53.33,0.367736,0.062627,"[PASS]",53.33,10.211937,1.711274,"[PASS]",53.33,13.470871,1.970917,"[PASS]",22.86,0.376086,0.368718,"[PASS]",9.41,0.760145,0.49117,"[PASS]",53.33,10.017869,4.584132,"[PASS]",53.33,2.137665,0.741545,"[PASS]"
355,"SAN189","2010-03-06","2013-03-06",3,53.33,5.746692,1.051142,"[PASS]",53.33,30.196804,2.371511,"[PASS]",53.33,7.21187,0.899319,"[PASS]",53.33,0.520075,0.082848,"[PASS]",53.33,7.131076,1.573621,"[PASS]",53.33,15.558141,2.278732,"[PASS]",80,2.348992,0.846198,"[PASS]",53.33,1.751469,0.819195,"[PASS]",NA,NA,NA,"FAIL BOXCOX",53.33,2.599921,0.874763,"[PASS]"
356,"SAN189","2007-03-06","2010-03-06",3,53.33,3.674889,1.264352,"[PASS]",53.33,28.014024,2.113626,"[PASS]",53.33,11.896389,1.798498,"[PASS]",53.33,0.482495,0.151338,"[PASS]",53.33,10.371566,1.61055,"[PASS]",53.33,37.694662,3.332715,"[PASS]",53.33,6.718038,1.173357,"[PASS]",26.67,1.166929,0.631273,"[PASS]",53.33,28.975863,6.717863,"[PASS]",53.33,5.827272,0.943302,"[PASS]"
357,"SEK430","2014-08-26","2017-08-26",3,53.33,17.181615,1.225641,"[PASS]",NA,NA,NA,"FAIL BOXCOX",53.33,10.687141,0.757796,"[PASS]",53.33,2.974912,0.215039,"[PASS]",53.33,5.099894,1.222766,"[PASS]",53.33,3.678949,2.30825,"[PASS]",53.33,37.753449,2.449004,"[PASS]",53.33,20.185314,1.494824,"[PASS]",53.33,7.842701,0.911052,"[PASS]",53.33,15.800428,2.445582,"[PASS]"
358,"SEK430","2011-08-26","2014-08-26",3,53.33,2.862862,0.297254,"[PASS]",53.33,18.127183,1.789804,"[PASS]",53.33,0.569871,0.050753,"[PASS]",53.33,0.455442,0.040339,"[PASS]",32,1.802857,1.320191,"[PASS]",53.33,4.921319,2.236646,"[PASS]",NA,NA,NA,"FAIL BOXCOX",53.33,15.120261,1.329098,"[PASS]",53.33,2.19698,0.343067,"[PASS]",32,3.068786,1.765162,"[PASS]"
359,"SEK430","2008-08-26","2011-08-26",3,NA,NA,NA,"FAIL BOXCOX",53.33,32.874884,2.532964,"[PASS]",53.33,2.739538,0.193679,"[PASS]",53.33,0.949994,0.072113,"[PASS]",53.33,3.941465,1.092507,"[PASS]",26.67,4.504124,2.281,"[PASS]",NA,NA,NA,"FAIL BOXCOX",53.33,21.942597,1.656612,"[PASS]",53.33,6.452934,0.835901,"[PASS]",53.33,18.726299,3.189322,"[PASS]"
360,"SEK430","2005-04-05","2008-04-05",3,53.33,7.526528,0.605972,"[PASS]",53.33,34.892753,3.133314,"[PASS]",53.33,15.03687,1.158823,"[PASS]",53.33,5.605305,0.433881,"[PASS]",26.67,2.339938,1.498056,"[PASS]",53.33,8.295629,2.663773,"[PASS]",53.33,49.941697,3.48631,"[PASS]",53.33,22.655615,1.868875,"[PASS]",53.33,7.970093,1.01697,"[PASS]",53.33,14.475535,3.384996,"[PASS]"
361,"SHE604","2019-01-22","2022-01-22",3,53.33,13.130089,2.199546,"[PASS]",53.33,5.485766,1.038542,"[PASS]",53.33,754.988222,110.733757,"[PASS]",53.33,24.609499,3.916972,"[PASS]",26.67,4.566477,1.373504,"[PASS]",53.33,45.222399,7.599372,"[PASS]",53.33,4.159551,1.442973,"[PASS]",26.67,2.553815,0.720982,"[PASS]",26.67,9.712597,3.09229,"[PASS]",26.67,3.836837,0.991154,"[PASS]"
362,"SHE604","2015-05-12","2018-05-12",3,53.33,13.90088,2.104369,"[PASS]",53.33,3.93628,0.68582,"[PASS]",53.33,635.770551,92.804257,"[PASS]",53.33,26.110139,3.374922,"[PASS]",26.67,10.411501,2.433009,"[PASS]",53.33,85.275407,17.211993,"[PASS]",26.67,5.86635,1.277513,"[PASS]",32,0.570445,0.38787,"[PASS]",53.33,8.379563,2.061416,"[PASS]",26.67,11.354679,1.685926,"[PASS]"
363,"SHN418","2017-12-02","2020-12-02",3,53.33,1.005759,0.368384,"[PASS]",53.33,0.392648,0.195896,"[PASS]",53.33,221.682467,26.34047,"[PASS]",53.33,0.918494,0.156872,"[PASS]",26.67,0.586218,0.24915,"[PASS]",53.33,16.888649,2.050884,"[PASS]",53.33,5.238756,0.783298,"[PASS]",53.33,2.610762,0.477255,"[PASS]",12.31,5.068981,3.471698,"[PASS]",53.33,1.786221,0.465971,"[PASS]"
364,"SHN418","2014-12-02","2017-12-02",3,53.33,1.144097,0.43011,"[PASS]",53.33,1.309665,0.415176,"[PASS]",53.33,4.88623,0.656874,"[PASS]",53.33,0.59378,0.141801,"[PASS]",26.67,0.619889,0.315551,"[PASS]",53.33,10.909163,1.713954,"[PASS]",53.33,7.136602,1.255006,"[PASS]",53.33,4.505814,0.799809,"[PASS]",26.67,10.023715,5.649704,"[PASS]",13.33,0.824918,0.526258,"[PASS]"
365,"SHN418","2008-06-07","2011-06-07",3,53.33,1.976649,0.713181,"[PASS]",160,1.444022,0.596101,"[PASS]",53.33,7.413252,1.666218,"[PASS]",53.33,1.619694,0.346401,"[PASS]",53.33,3.575925,0.77148,"[PASS]",53.33,16.100839,2.009472,"[PASS]",53.33,10.04424,1.827283,"[PASS]",53.33,9.273487,1.297649,"[PASS]",53.33,5.378261,4.897955,"[PASS]",160,2.023158,0.716065,"[PASS]"
366,"SHN418","2005-06-07","2008-06-07",3,53.33,0.923855,0.165253,"[PASS]",17.78,0.725397,0.550882,"[PASS]",NA,NA,NA,NA,53.33,1.752041,0.319007,"[PASS]",53.33,11.800509,1.074835,"[PASS]",53.33,27.552923,4.09288,"[PASS]",53.33,10.606827,2.012466,"[PASS]",53.33,12.339509,0.984906,"[PASS]",26.67,9.707019,6.701741,"[PASS]",53.33,2.577234,0.678595,"[PASS]"
367,"SHN418","2001-01-16","2004-01-16",3,53.33,2.666501,1.571219,"[PASS]",10.67,0.670882,0.538004,"[PASS]",53.33,12.345246,1.847853,"[PASS]",53.33,8.348321,2.036966,"[PASS]",53.33,8.402837,0.924681,"[PASS]",53.33,46.320474,5.834593,"[PASS]",53.33,15.666427,2.333489,"[PASS]",53.33,8.596006,0.673524,"[PASS]",8.42,3.451289,2.801167,"[PASS]",14.55,0.262787,0.235596,"[PASS]"
368,"SND152","2020-02-04","2023-02-04",3,26.67,0.943893,0.538048,"[PASS]",53.33,0.334907,0.167833,"[PASS]",53.33,26.964789,5.029168,"[PASS]",53.33,4.010383,2.308919,"[PASS]",53.33,2.601699,0.991346,"[PASS]",53.33,24.805778,2.061676,"[PASS]",53.33,6.724546,1.102597,"[PASS]",53.33,0.641338,0.336723,"[PASS]",8.42,4.003936,3.176612,"[PASS]",53.33,2.774309,0.348537,"[PASS]"
369,"SND152","2017-02-04","2020-02-04",3,53.33,0.734666,0.333767,"[PASS]",53.33,0.994159,0.311611,"[PASS]",53.33,1.048819,0.159186,"[PASS]",53.33,0.882028,0.319968,"[PASS]",53.33,1.081535,0.539743,"[PASS]",53.33,24.73896,2.029031,"[PASS]",53.33,8.260371,1.201033,"[PASS]",53.33,1.111895,0.405234,"[PASS]",53.33,2.624622,2.985854,"FAIL (Low SNR)",53.33,1.719188,0.264611,"[PASS]"
370,"SND152","2014-02-04","2017-02-04",3,53.33,0.623384,0.425337,"[PASS]",53.33,1.990205,0.41044,"[PASS]",53.33,2.349461,0.358918,"[PASS]",53.33,0.857856,0.287652,"[PASS]",53.33,1.032603,0.541463,"[PASS]",53.33,26.475193,2.31487,"[PASS]",53.33,4.761928,0.884613,"[PASS]",53.33,1.28731,0.56612,"[PASS]",53.33,3.182572,3.465449,"FAIL (Low SNR)",53.33,2.1519,0.40964,"[PASS]"
371,"SND152","2007-07-06","2010-07-06",3,53.33,1.303658,0.876949,"[PASS]",53.33,7.047803,0.914602,"[PASS]",53.33,5.760336,1.616399,"[PASS]",53.33,1.413662,0.408152,"[PASS]",26.67,0.550913,0.420916,"[PASS]",53.33,51.196302,3.375632,"[PASS]",53.33,6.284588,0.967745,"[PASS]",53.33,1.054172,0.154469,"[PASS]",80,4.272816,2.652514,"[PASS]",53.33,3.410851,0.43221,"[PASS]"
372,"SND152","2004-07-06","2007-07-06",3,53.33,0.571521,0.385448,"[PASS]",53.33,9.083994,1.196539,"[PASS]",53.33,2.177206,0.343016,"[PASS]",53.33,3.285688,1.778206,"[PASS]",53.33,3.841561,0.828129,"[PASS]",NA,NA,NA,"FAIL BOXCOX",53.33,4.804228,1.283525,"[PASS]",53.33,12.204131,1.125574,"[PASS]",5.52,7.607117,5.673221,"[PASS]",53.33,2.435985,0.343949,"[PASS]"
373,"SPD111","2020-03-24","2023-03-24",3,26.67,2.802713,0.899003,"[PASS]",53.33,1.068738,0.328163,"[PASS]",53.33,47.122446,8.622073,"[PASS]",26.67,1.691047,0.628687,"[PASS]",26.67,2.851086,1.208097,"[PASS]",53.33,36.622635,2.908903,"[PASS]",53.33,9.062266,1.765334,"[PASS]",26.67,0.669335,0.385265,"[PASS]",53.33,7.449753,3.425619,"[PASS]",53.33,5.914091,0.677425,"[PASS]"
374,"SPD111","2016-09-27","2019-09-27",3,26.67,5.396579,2.56823,"[PASS]",80,0.352245,0.250202,"[PASS]",53.33,17.661806,3.102732,"[PASS]",26.67,2.512914,0.868541,"[PASS]",26.67,0.815008,0.361094,"[PASS]",53.33,41.611233,3.274844,"[PASS]",53.33,8.158582,0.941659,"[PASS]",53.33,0.852617,0.381788,"[PASS]",53.33,17.940456,7.662223,"[PASS]",53.33,5.498882,0.624667,"[PASS]"
375,"SPD111","2012-01-03","2015-01-03",3,26.67,1.939915,0.802987,"[PASS]",53.33,1.168453,0.371681,"[PASS]",53.33,25.75,4.442977,"[PASS]",53.33,1.969491,0.620419,"[PASS]",26.67,1.009303,0.425289,"[PASS]",53.33,48.585451,3.327249,"[PASS]",53.33,17.437465,1.514035,"[PASS]",53.33,2.154446,0.661269,"[PASS]",53.33,9.314065,2.798036,"[PASS]",53.33,5.130374,0.540321,"[PASS]"
376,"SPD111","2009-01-03","2012-01-03",3,22.86,3.215805,2.013797,"[PASS]",53.33,2.264085,0.46512,"[PASS]",53.33,14.603838,3.112152,"[PASS]",53.33,3.074966,0.969373,"[PASS]",26.67,3.080109,0.528251,"[PASS]",53.33,63.60774,4.414548,"[PASS]",53.33,18.974037,1.653707,"[PASS]",53.33,3.039796,0.526164,"[PASS]",53.33,46.723512,9.048206,"[PASS]",53.33,5.785202,0.52668,"[PASS]"
377,"SPD111","2006-01-03","2009-01-03",3,53.33,6.288229,1.833427,"[PASS]",53.33,3.006139,0.477509,"[PASS]",53.33,78.43324,12.383946,"[PASS]",53.33,1.065507,0.290846,"[PASS]",53.33,3.586163,0.571056,"[PASS]",53.33,55.197848,3.822983,"[PASS]",53.33,7.808851,0.852243,"[PASS]",53.33,7.029014,0.59239,"[PASS]",53.33,15.612473,4.93321,"[PASS]",53.33,3.05862,0.318234,"[PASS]"
378,"SPD111","2000-01-04","2003-01-04",3,32,3.313058,2.284183,"[PASS]",53.33,3.011349,0.712201,"[PASS]",53.33,83.178479,18.043196,"[PASS]",53.33,7.396209,2.860083,"[PASS]",53.33,3.69519,0.660346,"[PASS]",53.33,50.622352,3.84434,"[PASS]",53.33,14.616639,1.326086,"[PASS]",53.33,6.143114,0.559239,"[PASS]",53.33,2.414686,1.16993,"[PASS]",53.33,0.947572,0.177619,"[PASS]"
379,"STK138","2021-05-29","2024-05-29",3,53.33,3.18205,1.228376,"[PASS]",53.33,23.548915,2.078844,"[PASS]",53.33,7.587309,1.105497,"[PASS]",53.33,1.185253,0.23152,"[PASS]",53.33,10.270348,1.685524,"[PASS]",53.33,28.757279,2.202914,"[PASS]",22.86,0.668555,0.448653,"[PASS]",17.78,0.704548,0.536398,"[PASS]",53.33,113.152033,13.589236,"[PASS]",53.33,4.912735,0.740989,"[PASS]"
380,"STK138","2018-05-29","2021-05-29",3,53.33,4.037699,1.772969,"[PASS]",53.33,19.963111,1.679325,"[PASS]",53.33,38.003199,5.389224,"[PASS]",53.33,1.539084,0.579096,"[PASS]",53.33,24.789668,2.218251,"[PASS]",53.33,39.545663,2.878715,"[PASS]",53.33,3.057353,0.933853,"[PASS]",26.67,0.794103,0.450576,"[PASS]",53.33,49.145152,7.691129,"[PASS]",53.33,10.524999,1.001381,"[PASS]"
381,"STK138","2012-03-31","2015-03-31",3,53.33,3.563454,1.080655,"[PASS]",53.33,27.427117,2.3385,"[PASS]",53.33,5.939802,0.956308,"[PASS]",53.33,1.012181,0.251367,"[PASS]",53.33,10.872428,1.292587,"[PASS]",NA,NA,NA,"FAIL BOXCOX",53.33,2.683764,0.706614,"[PASS]",5.71,1.204321,0.757905,"[PASS]",53.33,56.689732,6.514359,"[PASS]",53.33,9.196309,1.08965,"[PASS]"
382,"STK138","2009-03-31","2012-03-31",3,53.33,3.877628,1.404995,"[PASS]",53.33,27.145821,2.343169,"[PASS]",53.33,14.435983,4.749114,"[PASS]",53.33,1.808653,0.471109,"[PASS]",53.33,12.703814,1.38331,"[PASS]",53.33,54.573516,3.715215,"[PASS]",53.33,4.419631,0.873031,"[PASS]",26.67,0.943474,0.704459,"[PASS]",53.33,70.781334,7.965855,"[PASS]",53.33,11.164548,1.012934,"[PASS]"
383,"STK138","2002-09-24","2005-09-24",3,40,1.569591,0.894298,"[PASS]",53.33,33.768699,2.859817,"[PASS]",53.33,0.259506,0.046955,"[PASS]",53.33,0.650035,0.248066,"[PASS]",53.33,4.152997,1.034559,"[PASS]",53.33,39.248413,3.055674,"[PASS]",53.33,2.204062,0.585628,"[PASS]",53.33,1.055744,0.546397,"[PASS]",53.33,40.863408,4.00372,"[PASS]",53.33,3.971507,0.566797,"[PASS]"
384,"SUM156","2018-12-25","2021-12-25",3,53.33,3.468732,2.040575,"[PASS]",26.67,0.942871,0.784596,"[PASS]",53.33,80.413806,23.827917,"[PASS]",53.33,0.843509,0.584718,"[PASS]",12.31,0.867883,1.123614,"FAIL (Low SNR)",53.33,1.082871,0.530946,"[PASS]",53.33,7.707622,1.234095,"[PASS]",53.33,1.271531,0.420212,"[PASS]",53.33,1.849843,1.270388,"[PASS]",53.33,0.957537,0.337007,"[PASS]"
385,"SUM156","2010-07-06","2013-07-06",3,26.67,5.000555,1.285751,"[PASS]",5,1.873222,1.055318,"[PASS]",40,94.268307,47.733837,"[PASS]",53.33,0.145855,0.146489,"FAIL (Low SNR)",17.78,1.735307,0.956871,"[PASS]",53.33,1.398727,0.67611,"[PASS]",53.33,4.471513,0.784572,"[PASS]",53.33,0.81777,0.352217,"[PASS]",53.33,1.296099,0.965334,"[PASS]",53.33,1.250438,0.300638,"[PASS]"
386,"SUM156","2004-02-10","2007-02-10",3,26.67,1.776912,0.691668,"[PASS]",26.67,0.725712,0.599917,"[PASS]",6.96,32.321261,25.438991,"[PASS]",53.33,2.036246,1.26697,"[PASS]",26.67,2.083413,1.5176,"[PASS]",NA,NA,NA,"FAIL BOXCOX",53.33,14.162509,1.665697,"[PASS]",53.33,0.87189,0.305704,"[PASS]",53.33,2.838035,1.431501,"[PASS]",53.33,2.864231,0.513819,"[PASS]"
387,"THR422","2010-01-26","2013-01-26",3,53.33,14.551565,1.976709,"[PASS]",53.33,3.727769,1.038292,"[PASS]",53.33,5.455249,0.643715,"[PASS]",NA,NA,NA,"FAIL BOXCOX",80,3.864579,1.858734,"[PASS]",53.33,20.163094,3.725487,"[PASS]",53.33,9.218412,1.915797,"[PASS]",80,1.16467,0.765068,"[PASS]",53.33,6.85531,3.112438,"[PASS]",53.33,1.757507,0.964581,"[PASS]"
388,"THR422","2001-07-03","2004-07-03",3,53.33,6.633345,1.211524,"[PASS]",53.33,5.536016,1.009395,"[PASS]",53.33,5.764052,1.248389,"[PASS]",53.33,3.222725,0.514866,"[PASS]",53.33,2.087396,0.787672,"[PASS]",53.33,20.232696,2.229526,"[PASS]",53.33,2.90241,0.855689,"[PASS]",53.33,2.194952,0.741109,"[PASS]",9.41,0.501801,0.478348,"[PASS]",12.31,0.925402,0.683858,"[PASS]"
389,"UMA009","2020-11-03","2023-11-03",3,53.33,9.467993,0.930707,"[PASS]",53.33,21.856973,2.229737,"[PASS]",53.33,26.804076,2.238689,"[PASS]",53.33,1.224711,0.14887,"[PASS]",53.33,6.944062,1.976322,"[PASS]",26.67,7.687915,4.677305,"[PASS]",53.33,71.177434,11.447348,"[PASS]",53.33,2.14136,0.350466,"[PASS]",26.67,2.785516,1.124481,"[PASS]",53.33,3.880284,1.391106,"[PASS]"
390,"UVL124","2018-09-25","2021-09-25",3,53.33,9.196722,2.630429,"[PASS]",53.33,13.633923,1.311562,"[PASS]",53.33,67.403806,15.536038,"[PASS]",53.33,11.996079,2.992588,"[PASS]",53.33,16.687529,2.413407,"[PASS]",53.33,40.023279,3.25907,"[PASS]",53.33,2.553571,0.672198,"[PASS]",10,0.80667,0.605525,"[PASS]",53.33,88.082424,10.255255,"[PASS]",53.33,6.812416,0.950985,"[PASS]"
391,"UVL124","2013-03-27","2016-03-27",3,17.78,1.544688,1.23803,"[PASS]",53.33,8.864799,1.250298,"[PASS]",NA,NA,NA,"FAIL BOXCOX",17.78,1.018112,0.534368,"[PASS]",53.33,4.54077,0.923786,"[PASS]",53.33,40.991779,3.286037,"[PASS]",53.33,5.992064,0.901803,"[PASS]",26.67,0.642536,0.595734,"[PASS]",53.33,167.049923,16.145981,"[PASS]",53.33,8.271415,1.212653,"[PASS]"
392,"UVL124","2010-03-27","2013-03-27",3,53.33,3.343093,1.053182,"[PASS]",53.33,9.885486,1.33149,"[PASS]",53.33,11.073225,2.68874,"[PASS]",53.33,2.154279,0.572991,"[PASS]",53.33,2.938149,0.894113,"[PASS]",NA,NA,NA,"FAIL BOXCOX",53.33,1.87405,0.609442,"[PASS]",26.67,0.849806,0.7228,"[PASS]",53.33,43.586336,4.104797,"[PASS]",53.33,4.463123,1.069066,"[PASS]"
393,"UVL124","2007-03-27","2010-03-27",3,53.33,2.023379,0.837639,"[PASS]",53.33,3.372221,1.221659,"[PASS]",53.33,7.126208,1.826705,"[PASS]",53.33,0.784794,0.327984,"[PASS]",53.33,3.171732,1.032503,"[PASS]",53.33,51.060501,4.109393,"[PASS]",53.33,6.160649,0.851092,"[PASS]",5.71,0.568609,0.610955,"FAIL (Low SNR)",53.33,102.512928,8.690492,"[PASS]",53.33,7.560408,1.377166,"[PASS]"
394,"UVL124","2003-01-04","2006-01-04",3,53.33,2.121337,0.854724,"[PASS]",53.33,6.326658,1.455851,"[PASS]",53.33,1.470014,0.414252,"[PASS]",53.33,1.459872,0.491109,"[PASS]",13.33,1.671003,1.048996,"[PASS]",53.33,45.296218,3.531479,"[PASS]",53.33,9.034164,1.306077,"[PASS]",53.33,1.622628,0.702289,"[PASS]",53.33,91.111711,7.613734,"[PASS]",53.33,3.672161,0.785572,"[PASS]"
395,"UVL124","2000-01-04","2003-01-04",3,53.33,2.305513,0.921719,"[PASS]",53.33,10.229753,1.89567,"[PASS]",53.33,12.120961,3.309156,"[PASS]",53.33,3.150217,0.914001,"[PASS]",10.67,1.007792,1.045788,"FAIL (Low SNR)",53.33,35.392828,2.941045,"[PASS]",53.33,5.654288,1.019683,"[PASS]",53.33,1.446154,0.632383,"[PASS]",53.33,23.296051,3.089092,"[PASS]",53.33,3.590461,0.944907,"[PASS]"
396,"VIN140","2019-01-27","2022-01-27",3,53.33,15.491533,1.801632,"[PASS]",53.33,5.369874,0.692656,"[PASS]",53.33,102.248767,8.948681,"[PASS]",53.33,1.036433,0.114691,"[PASS]",26.67,5.996842,1.283383,"[PASS]",53.33,29.591745,2.290179,"[PASS]",53.33,0.884287,0.416273,"[PASS]",26.67,1.701092,0.493604,"[PASS]",53.33,7.773409,4.763926,"[PASS]",53.33,3.597525,0.376193,"[PASS]"
397,"VIN140","2016-01-27","2019-01-27",3,53.33,16.418863,2.00646,"[PASS]",53.33,5.154625,0.759957,"[PASS]",53.33,8.54699,1.097008,"[PASS]",53.33,0.360279,0.052561,"[PASS]",53.33,4.871108,1.147017,"[PASS]",53.33,25.008163,1.964951,"[PASS]",53.33,2.996951,0.53235,"[PASS]",53.33,0.768418,0.426702,"[PASS]",53.33,20.60051,6.819106,"[PASS]",53.33,3.738997,0.417685,"[PASS]"
398,"VIN140","2013-01-27","2016-01-27",3,53.33,12.798334,1.596565,"[PASS]",53.33,5.442223,0.80812,"[PASS]",53.33,24.025506,2.769191,"[PASS]",53.33,0.432426,0.059733,"[PASS]",53.33,2.227568,0.82048,"[PASS]",53.33,22.827956,1.850345,"[PASS]",53.33,4.895782,0.663045,"[PASS]",53.33,3.105271,0.987466,"[PASS]",53.33,15.384382,3.383216,"[PASS]",53.33,2.52168,0.291453,"[PASS]"
399,"VIN140","2010-01-27","2013-01-27",3,53.33,17.367757,2.107655,"[PASS]",53.33,6.034294,0.938758,"[PASS]",53.33,15.070673,2.460684,"[PASS]",53.33,0.921346,0.110562,"[PASS]",26.67,2.574172,0.756473,"[PASS]",53.33,19.540862,1.526402,"[PASS]",53.33,1.62671,0.353062,"[PASS]",53.33,2.50317,0.56583,"[PASS]",53.33,5.206114,1.280727,"[PASS]",53.33,1.72474,0.249151,"[PASS]"
400,"VIN140","2007-01-27","2010-01-27",3,53.33,20.132808,2.522935,"[PASS]",53.33,6.880002,1.034774,"[PASS]",53.33,7.915815,1.224254,"[PASS]",53.33,0.724651,0.105205,"[PASS]",26.67,0.995974,0.679184,"[PASS]",53.33,26.251977,2.022707,"[PASS]",53.33,13.012858,1.621491,"[PASS]",53.33,1.057213,0.182799,"[PASS]",53.33,24.596806,4.765208,"[PASS]",53.33,5.906944,0.714107,"[PASS]"
401,"VIN140","2004-01-27","2007-01-27",3,53.33,15.4463,2.023891,"[PASS]",53.33,3.166992,1.049601,"[PASS]",53.33,8.006782,0.847579,"[PASS]",53.33,1.735131,0.21737,"[PASS]",26.67,1.896449,0.726782,"[PASS]",53.33,25.945433,2.147674,"[PASS]",53.33,2.038126,0.349489,"[PASS]",53.33,2.198431,0.294454,"[PASS]",53.33,24.28169,6.093471,"[PASS]",53.33,2.06069,0.250149,"[PASS]"
402,"VIN140","2000-01-04","2003-01-04",3,53.33,11.394431,1.693636,"[PASS]",53.33,6.600561,1.198294,"[PASS]",53.33,10.123815,1.265275,"[PASS]",53.33,2.952028,0.34177,"[PASS]",26.67,1.522154,0.768372,"[PASS]",53.33,19.313262,1.681105,"[PASS]",53.33,4.449131,0.617991,"[PASS]",53.33,2.9346,0.365103,"[PASS]",53.33,5.487302,1.922254,"[PASS]",53.33,1.192871,0.298478,"[PASS]"
403,"VOY413","2010-12-07","2013-12-07",3,53.33,15.375075,3.483493,"[PASS]",5.71,0.834884,0.611595,"[PASS]",53.33,0.971749,0.19105,"[PASS]",53.33,4.437943,1.439918,"[PASS]",53.33,4.984114,1.28436,"[PASS]",53.33,58.065263,5.737544,"[PASS]",53.33,10.255643,2.06208,"[PASS]",53.33,1.212555,0.777409,"[PASS]",53.33,161.062639,13.82053,"[PASS]",53.33,10.765686,1.922684,"[PASS]"
404,"VOY413","2006-07-25","2009-07-25",3,53.33,3.030001,1.686795,"[PASS]",53.33,1.340389,1.023219,"[PASS]",NA,NA,NA,"FAIL BOXCOX",13.33,0.248737,0.157088,"[PASS]",53.33,6.642149,1.713743,"[PASS]",53.33,88.716579,8.141725,"[PASS]",53.33,21.102537,2.261738,"[PASS]",53.33,1.307466,0.759015,"[PASS]",53.33,522.346991,43.177073,"[PASS]",53.33,20.583526,2.559088,"[PASS]"
405,"VOY413","2001-03-06","2004-03-06",3,53.33,4.380223,1.509053,"[PASS]",40,1.788262,1.11644,"[PASS]",53.33,0.229533,0.057364,"[PASS]",53.33,0.441705,0.269485,"[PASS]",53.33,1.896812,1.435252,"[PASS]",53.33,56.338885,7.187129,"[PASS]",53.33,13.380603,1.540222,"[PASS]",12.31,1.483067,0.967302,"[PASS]",53.33,21.373273,2.954091,"[PASS]",53.33,7.374268,1.818284,"[PASS]"
406,"VPI120","2020-08-04","2023-08-04",3,26.67,1.140091,0.566992,"[PASS]",53.33,1.284821,0.276554,"[PASS]",53.33,5.436007,1.200431,"[PASS]",26.67,0.894817,0.237412,"[PASS]",53.33,0.668401,0.352226,"[PASS]",53.33,15.549149,1.238938,"[PASS]",53.33,8.198927,0.990428,"[PASS]",53.33,1.413471,0.380017,"[PASS]",53.33,16.356688,4.414479,"[PASS]",53.33,5.579154,0.584294,"[PASS]"
407,"VPI120","2015-07-03","2018-07-03",3,6.96,0.830731,0.472216,"[PASS]",6.96,0.25503,0.251836,"[PASS]",53.33,5.675934,0.956015,"[PASS]",26.67,1.141295,0.501806,"[PASS]",53.33,0.535625,0.239485,"[PASS]",53.33,14.00943,1.824007,"[PASS]",160,4.801209,1.381242,"[PASS]",53.33,2.971673,0.60824,"[PASS]",53.33,8.483752,3.701174,"[PASS]",53.33,2.454444,0.48433,"[PASS]"
408,"VPI120","2012-07-03","2015-07-03",3,26.67,0.511136,0.238695,"[PASS]",53.33,2.084268,0.451713,"[PASS]",53.33,6.93731,0.925814,"[PASS]",53.33,0.435552,0.122978,"[PASS]",53.33,1.113704,0.38561,"[PASS]",53.33,7.676354,1.198934,"[PASS]",53.33,6.599475,1.912081,"[PASS]",53.33,3.753993,0.671492,"[PASS]",53.33,4.151294,1.350016,"[PASS]",53.33,4.298004,0.556572,"[PASS]"
409,"VPI120","2006-01-04","2009-01-04",3,53.33,0.57386,0.265163,"[PASS]",53.33,0.761415,0.369587,"[PASS]",53.33,4.351667,0.54359,"[PASS]",53.33,1.023606,0.290017,"[PASS]",53.33,13.963327,1.097272,"[PASS]",53.33,10.308171,3.431669,"[PASS]",53.33,2.459105,1.081651,"[PASS]",53.33,11.569918,0.851169,"[PASS]",53.33,8.930687,5.42709,"[PASS]",53.33,0.939463,0.277237,"[PASS]"
410,"VPI120","2003-01-04","2006-01-04",3,26.67,0.876849,0.507402,"[PASS]",53.33,2.463791,0.475498,"[PASS]",53.33,1.502248,0.187957,"[PASS]",53.33,1.499809,0.485174,"[PASS]",53.33,11.343986,0.98783,"[PASS]",53.33,21.339721,3.147358,"[PASS]",53.33,36.962359,4.408557,"[PASS]",53.33,15.168361,1.181528,"[PASS]",11.43,4.029357,2.932308,"[PASS]",53.33,4.411355,0.574786,"[PASS]"
411,"VPI120","2000-01-04","2003-01-04",3,22.86,0.705466,0.519073,"[PASS]",11.43,0.35132,0.193723,"[PASS]",53.33,11.620533,2.366513,"[PASS]",53.33,6.07807,2.433138,"[PASS]",53.33,9.201814,0.89388,"[PASS]",53.33,14.373096,2.617914,"[PASS]",53.33,18.883055,2.808678,"[PASS]",53.33,8.6764,0.728588,"[PASS]",14.55,3.344759,2.267643,"[PASS]",53.33,0.464556,0.19882,"[PASS]"
412,"WFM105","2021-06-12","2024-06-12",3,53.33,6.828848,2.083443,"[PASS]",53.33,0.671455,0.558632,"[PASS]",53.33,84.17989,10.052493,"[PASS]",53.33,0.573879,0.27257,"[PASS]",26.67,0.372418,0.150201,"[PASS]",53.33,23.136715,2.44562,"[PASS]",53.33,2.60128,0.659578,"[PASS]",53.33,0.469065,0.328857,"[PASS]",53.33,27.644184,3.424447,"[PASS]",53.33,3.394841,0.900557,"[PASS]"
413,"WFM105","2018-06-12","2021-06-12",3,53.33,6.610206,0.877154,"[PASS]",22.86,1.353398,0.992811,"[PASS]",53.33,8.49326,0.944917,"[PASS]",53.33,6.505071,0.971335,"[PASS]",26.67,0.93776,0.778938,"[PASS]",53.33,24.469864,3.052031,"[PASS]",53.33,3.062007,1.295786,"[PASS]",26.67,1.110072,0.723017,"[PASS]",53.33,13.110391,2.299715,"[PASS]",53.33,2.032588,1.043934,"[PASS]"
414,"WFM105","2013-05-28","2016-05-28",3,53.33,2.68456,0.594301,"[PASS]",8,1.626851,0.900249,"[PASS]",NA,NA,NA,"FAIL BOXCOX",26.67,0.460663,0.216253,"[PASS]",26.67,1.2301,0.530603,"[PASS]",53.33,15.610037,1.780383,"[PASS]",53.33,16.456614,2.20465,"[PASS]",8,1.840161,0.800028,"[PASS]",53.33,43.524795,5.194993,"[PASS]",53.33,3.465026,0.946807,"[PASS]"
415,"WNC429","2007-06-15","2010-06-15",3,53.33,3.922478,0.993032,"[PASS]",53.33,3.522762,0.77322,"[PASS]",53.33,133.48044,18.124261,"[PASS]",53.33,1.924259,0.504887,"[PASS]",26.67,2.187145,0.966618,"[PASS]",53.33,13.838036,4.304955,"[PASS]",53.33,6.963486,0.65268,"[PASS]",53.33,2.368987,0.632091,"[PASS]",53.33,41.473797,19.403289,"[PASS]",26.67,2.881359,0.754169,"[PASS]"
416,"WNC429","2004-06-15","2007-06-15",3,53.33,2.133746,0.438832,"[PASS]",53.33,7.391654,0.932372,"[PASS]",53.33,32.505334,3.170019,"[PASS]",NA,NA,NA,"FAIL BOXCOX",53.33,5.237741,1.011266,"[PASS]",53.33,9.102736,6.327429,"[PASS]",53.33,4.651829,0.537687,"[PASS]",53.33,5.944753,0.826254,"[PASS]",53.33,5.226635,4.590632,"[PASS]",53.33,2.17871,0.753065,"[PASS]"
417,"WSP144","2018-11-06","2021-11-06",3,40,0.621124,0.679195,"FAIL (Low SNR)",53.33,1.037671,0.491318,"[PASS]",53.33,218.605845,47.32505,"[PASS]",53.33,16.774633,5.649955,"[PASS]",53.33,7.002859,1.64596,"[PASS]",53.33,29.646613,2.614035,"[PASS]",53.33,4.944611,0.99213,"[PASS]",26.67,0.920755,0.364975,"[PASS]",17.78,6.330929,3.362524,"[PASS]",53.33,3.718211,0.566492,"[PASS]"
418,"WSP144","2015-11-06","2018-11-06",3,4.32,0.197398,0.183968,"[PASS]",53.33,1.667721,0.493686,"[PASS]",26.67,32.090548,10.266236,"[PASS]",53.33,2.541801,2.031647,"[PASS]",53.33,4.509653,1.174803,"[PASS]",53.33,30.159754,2.752893,"[PASS]",53.33,7.425512,1.028558,"[PASS]",26.67,0.925139,0.34632,"[PASS]",32,3.603501,1.84116,"[PASS]",53.33,2.809104,0.471205,"[PASS]"
419,"WSP144","2012-11-06","2015-11-06",3,26.67,0.543447,0.305415,"[PASS]",53.33,2.037369,0.579954,"[PASS]",26.67,7.795786,2.845727,"[PASS]",26.67,8.996076,2.995795,"[PASS]",53.33,5.226582,0.947007,"[PASS]",53.33,43.091727,3.276928,"[PASS]",53.33,18.914478,1.612598,"[PASS]",26.67,0.66755,0.453467,"[PASS]",53.33,7.893543,2.945827,"[PASS]",53.33,2.333632,0.298933,"[PASS]"
420,"WSP144","2009-01-04","2012-01-04",3,80,1.20319,1.082408,"[PASS]",53.33,4.78263,0.883029,"[PASS]",53.33,16.377996,7.877375,"[PASS]",26.67,0.835471,0.346435,"[PASS]",26.67,3.983995,0.801127,"[PASS]",53.33,45.407104,3.559418,"[PASS]",53.33,12.115999,1.425344,"[PASS]",53.33,1.946813,0.469762,"[PASS]",NA,NA,NA,"FAIL BOXCOX",53.33,2.983985,0.519356,"[PASS]"
421,"WSP144","2006-01-04","2009-01-04",3,6.4,0.327909,0.273197,"[PASS]",53.33,5.411765,0.980163,"[PASS]",26.67,3.927338,1.383605,"[PASS]",9.41,2.597004,2.543732,"[PASS]",26.67,4.263074,0.835079,"[PASS]",53.33,61.659306,4.586924,"[PASS]",53.33,6.575853,0.74089,"[PASS]",53.33,2.426244,0.461936,"[PASS]",53.33,5.722068,1.966396,"[PASS]",53.33,1.176422,0.443943,"[PASS]"
422,"WSP144","2003-01-04","2006-01-04",3,7.27,0.102715,0.079276,"[PASS]",53.33,13.570597,1.794046,"[PASS]",NA,NA,NA,"FAIL BOXCOX",NA,NA,NA,"FAIL BOXCOX",26.67,2.816141,0.959392,"[PASS]",53.33,50.459836,3.812785,"[PASS]",53.33,12.90124,1.069756,"[PASS]",53.33,2.756795,0.345253,"[PASS]",53.33,5.654143,1.938426,"[PASS]",53.33,8.519242,1.707559,"[PASS]"
423,"WSP144","2000-01-04","2003-01-04",3,8.89,1.219152,1.219828,"FAIL (Low SNR)",53.33,13.121233,1.296932,"[PASS]",NA,NA,NA,"FAIL BOXCOX",53.33,6.809878,2.839085,"[PASS]",26.67,3.294239,0.915737,"[PASS]",53.33,48.687037,3.558288,"[PASS]",53.33,10.766844,0.935886,"[PASS]",53.33,5.00388,0.802519,"[PASS]",14.55,1.610966,1.119082,"[PASS]",53.33,2.390216,1.206595,"[PASS]"
424,"WST109","2009-10-14","2012-10-14",3,53.33,12.269863,4.004579,"[PASS]",53.33,1.93605,0.515211,"[PASS]",53.33,63.408358,10.135588,"[PASS]",53.33,4.079733,1.600398,"[PASS]",26.67,1.125177,0.856386,"[PASS]",NA,NA,NA,"FAIL BOXCOX",53.33,24.247008,2.63225,"[PASS]",26.67,0.945101,0.754158,"[PASS]",NA,NA,NA,"FAIL BOXCOX",53.33,5.841087,0.75031,"[PASS]"
425,"WST109","2006-10-14","2009-10-14",3,53.33,6.680995,2.454046,"[PASS]",53.33,2.22328,0.48371,"[PASS]",53.33,0.831553,0.191545,"[PASS]",53.33,14.75684,3.643911,"[PASS]",14.55,0.952975,0.929947,"[PASS]",NA,NA,NA,"FAIL BOXCOX",53.33,24.620212,2.097738,"[PASS]",26.67,1.080844,0.948583,"[PASS]",53.33,52.491895,4.80616,"[PASS]",53.33,8.225121,1.005353,"[PASS]"
426,"WST109","2003-10-14","2006-10-14",3,26.67,0.888225,0.476802,"[PASS]",53.33,1.888481,0.883692,"[PASS]",53.33,27.651878,3.857859,"[PASS]",NA,NA,NA,"FAIL BOXCOX",53.33,3.198322,0.985276,"[PASS]",NA,NA,NA,"FAIL BOXCOX",53.33,24.740421,2.360327,"[PASS]",53.33,3.8113,1.365829,"[PASS]",53.33,60.107345,6.397931,"[PASS]",53.33,5.799458,0.979179,"[PASS]"
427,"WST109","2000-01-04","2003-01-04",3,53.33,28.67501,10.047937,"[PASS]",53.33,2.722931,0.700756,"[PASS]",53.33,8.287659,1.470234,"[PASS]",53.33,13.172045,2.620835,"[PASS]",53.33,1.946635,0.747773,"[PASS]",53.33,86.290389,7.903148,"[PASS]",53.33,26.836435,2.223035,"[PASS]",53.33,2.51508,0.74327,"[PASS]",NA,NA,NA,"FAIL BOXCOX",53.33,5.406899,0.743828,"[PASS]"
428,"YEL408","2019-01-29","2022-01-29",3,53.33,17.268466,1.489897,"[PASS]",53.33,14.446587,1.796119,"[PASS]",53.33,222.03894,16.255245,"[PASS]",53.33,6.421903,0.515179,"[PASS]",53.33,7.548915,1.054398,"[PASS]",26.67,2.675976,0.808114,"[PASS]",26.67,4.453388,2.621939,"[PASS]",53.33,2.411992,0.312549,"[PASS]",53.33,58.691947,11.529867,"[PASS]",53.33,4.722891,0.901056,"[PASS]"
429,"YEL408","2011-03-01","2014-03-01",3,53.33,11.471223,1.502188,"[PASS]",53.33,16.035596,1.561897,"[PASS]",53.33,96.622443,9.053856,"[PASS]",53.33,5.936588,0.730794,"[PASS]",53.33,0.542285,0.17044,"[PASS]",8.42,2.436047,1.619153,"[PASS]",53.33,2.731985,1.975355,"[PASS]",53.33,2.223797,0.43653,"[PASS]",53.33,34.761632,11.213125,"[PASS]",53.33,0.567819,0.462791,"[PASS]"
430,"YEL408","2006-08-08","2009-08-08",3,53.33,17.98976,1.899386,"[PASS]",53.33,13.864909,1.670239,"[PASS]",53.33,84.505724,7.14277,"[PASS]",NA,NA,NA,"FAIL BOXCOX",53.33,0.858665,0.2484,"[PASS]",53.33,2.850851,1.286728,"[PASS]",26.67,2.843193,1.835722,"[PASS]",53.33,6.287122,1.066121,"[PASS]",53.33,60.481039,19.433226,"[PASS]",53.33,0.933961,0.573407,"[PASS]"
431,"YEL408","2000-01-04","2003-01-04",3,NA,NA,NA,"FAIL BOXCOX",53.33,2.193349,0.390139,"[PASS]",53.33,66.902381,4.977552,"[PASS]",NA,NA,NA,"FAIL BOXCOX",26.67,0.111205,0.074938,"[PASS]",26.67,1.240359,0.664397,"[PASS]",6.96,3.421992,1.714142,"[PASS]",53.33,0.639059,0.19853,"[PASS]",53.33,2.309371,0.588972,"[PASS]",53.33,0.409367,0.194208,"[PASS]"
432,"YOS404","2019-01-22","2022-01-22",3,53.33,34.391632,4.00931,"[PASS]",53.33,18.705158,1.470841,"[PASS]",53.33,91.96411,8.970986,"[PASS]",53.33,10.036033,0.933182,"[PASS]",53.33,35.967065,3.030411,"[PASS]",NA,NA,NA,"FAIL BOXCOX",NA,NA,NA,"FAIL BOXCOX",53.33,15.40463,1.147664,"[PASS]",53.33,14.812349,1.407208,"[PASS]",53.33,28.631003,2.648868,"[PASS]"
433,"YOS404","2011-03-22","2014-03-22",3,53.33,4.347359,0.680951,"[PASS]",53.33,18.842778,1.506241,"[PASS]",53.33,3.860642,0.344179,"[PASS]",53.33,1.153234,0.110646,"[PASS]",53.33,3.474418,0.392614,"[PASS]",53.33,4.891189,1.379407,"[PASS]",53.33,39.169386,2.693139,"[PASS]",53.33,10.045626,0.878017,"[PASS]",53.33,5.459361,0.648192,"[PASS]",53.33,12.172822,1.276379,"[PASS]"
434,"YOS404","2003-01-04","2006-01-04",3,NA,NA,NA,"FAIL BOXCOX",53.33,29.973636,2.108841,"[PASS]",53.33,7.875078,0.63448,"[PASS]",NA,NA,NA,"FAIL BOXCOX",53.33,6.297229,0.479044,"[PASS]",53.33,10.154597,1.587677,"[PASS]",53.33,37.586877,2.579297,"[PASS]",53.33,22.238535,1.493274,"[PASS]",53.33,11.384279,1.043771,"[PASS]",53.33,27.919001,2.14585,"[PASS]"
435,"YOS404","2000-01-04","2003-01-04",3,53.33,8.656374,0.897269,"[PASS]",53.33,26.409155,1.960224,"[PASS]",53.33,5.502451,0.469049,"[PASS]",NA,NA,NA,"FAIL BOXCOX",53.33,6.667214,0.727285,"[PASS]",53.33,10.030928,2.491086,"[PASS]",53.33,28.410494,1.842235,"[PASS]",53.33,15.588049,1.239602,"[PASS]",53.33,4.052343,0.448817,"[PASS]",53.33,25.220771,2.515015,"[PASS]"
